image_id,image_filename,metadata_id,role,opera,original_face_type,sequence_candidate_metadata_id,candidate_role,candidate_opera,candidate_original_face_type,match_method,match_confidence,match_status,evidence,image_width,image_height,metadata_width,metadata_height,dimension_match,image_aspect_ratio,metadata_aspect_ratio,aspect_ratio_delta,aspect_ratio_match,image_sha256
001,opera-01-001-s.jpg,unknown,,,,001,郑伦,青龙关,三块瓦脸,sequence_and_aspect_ratio_candidate_not_accepted,low,unknown,"Archive filename suffix 001-272 forms a bijection with XLS 序号 1-272, so a sequence-only candidate can be listed. However, the filename contains no role or opera text, the exact pixel dimensions differ from the XLS image width/height fields, and this does not prove historical identity. The aspect ratios are broadly compatible with a thumbnail/downsample relationship, which is supporting evidence only. Observed image=123x150; XLS field=287x350; aspect_ratio_delta=0.0; network-expanded same hash=yes.",123,150,287,350,no,0.82,0.82,0.0,yes_within_0.01,0aba39c201b6a13aea2e0f6b68de43766d837cf159ec05ccc4beabada9f28688
002,opera-01-002-s.jpg,unknown,,,,002,后羿,嫦娥奔月,三块瓦脸,sequence_and_aspect_ratio_candidate_not_accepted,low,unknown,"Archive filename suffix 001-272 forms a bijection with XLS 序号 1-272, so a sequence-only candidate can be listed. However, the filename contains no role or opera text, the exact pixel dimensions differ from the XLS image width/height fields, and this does not prove historical identity. The aspect ratios are broadly compatible with a thumbnail/downsample relationship, which is supporting evidence only. Observed image=123x149; XLS field=328x400; aspect_ratio_delta=0.005503360000000068; network-expanded same hash=yes.",123,149,328,400,no,0.82550336,0.82,0.005503360000000068,yes_within_0.01,ffd50db0e3b16f62676a68dc92cf83d5972ba8a6d33d1c46d793c5f23ca522a5
003,opera-01-003-s.jpg,unknown,,,,003,陈奇,青龙关,碎脸,sequence_and_aspect_ratio_candidate_not_accepted,low,unknown,"Archive filename suffix 001-272 forms a bijection with XLS 序号 1-272, so a sequence-only candidate can be listed. However, the filename contains no role or opera text, the exact pixel dimensions differ from the XLS image width/height fields, and this does not prove historical identity. The aspect ratios are broadly compatible with a thumbnail/downsample relationship, which is supporting evidence only. Observed image=123x150; XLS field=328x400; aspect_ratio_delta=0.0; network-expanded same hash=yes.",123,150,328,400,no,0.82,0.82,0.0,yes_within_0.01,2f9ec11b4b27ae0dee684efcdc9564902db3f2c8084d131ef5128e030a881526
004,opera-01-004-s.jpg,unknown,,,,004,土行孙,攻潼关,象形脸,sequence_and_aspect_ratio_candidate_not_accepted,low,unknown,"Archive filename suffix 001-272 forms a bijection with XLS 序号 1-272, so a sequence-only candidate can be listed. However, the filename contains no role or opera text, the exact pixel dimensions differ from the XLS image width/height fields, and this does not prove historical identity. The aspect ratios are broadly compatible with a thumbnail/downsample relationship, which is supporting evidence only. Observed image=123x150; XLS field=409x499; aspect_ratio_delta=0.00036072144288568087; network-expanded same hash=yes.",123,150,409,499,no,0.82,0.8196392785571143,0.00036072144288568087,yes_within_0.01,04122e3ac9866f6b102521e8e70924b30c2ca04178dcf1109b5dc4968956d1a7
005,opera-01-005-s.jpg,unknown,,,,005,闻仲,大回朝,六分脸,sequence_and_aspect_ratio_candidate_not_accepted,low,unknown,"Archive filename suffix 001-272 forms a bijection with XLS 序号 1-272, so a sequence-only candidate can be listed. However, the filename contains no role or opera text, the exact pixel dimensions differ from the XLS image width/height fields, and this does not prove historical identity. The aspect ratios are broadly compatible with a thumbnail/downsample relationship, which is supporting evidence only. Observed image=123x150; XLS field=412x502; aspect_ratio_delta=0.0007171314741036827; network-expanded same hash=yes.",123,150,412,502,no,0.82,0.8207171314741036,0.0007171314741036827,yes_within_0.01,06141b6b3e618fe193fb93c27d2e92217ffd6c59af4e7ec725c60ea20f250359
006,opera-01-006-s.jpg,unknown,,,,006,姜尚,渭水河,整脸,sequence_and_aspect_ratio_candidate_not_accepted,low,unknown,"Archive filename suffix 001-272 forms a bijection with XLS 序号 1-272, so a sequence-only candidate can be listed. However, the filename contains no role or opera text, the exact pixel dimensions differ from the XLS image width/height fields, and this does not prove historical identity. The aspect ratios are broadly compatible with a thumbnail/downsample relationship, which is supporting evidence only. Observed image=123x150; XLS field=412x502; aspect_ratio_delta=0.0007171314741036827; network-expanded same hash=yes.",123,150,412,502,no,0.82,0.8207171314741036,0.0007171314741036827,yes_within_0.01,f7312d54a9efb72a540c635ea0b6197523591e980c3b44f05ff980d6a91d7299
007,opera-01-007-s.jpg,unknown,,,,007,崇侯虎,进妲己,花三块瓦脸,sequence_and_aspect_ratio_candidate_not_accepted,low,unknown,"Archive filename suffix 001-272 forms a bijection with XLS 序号 1-272, so a sequence-only candidate can be listed. However, the filename contains no role or opera text, the exact pixel dimensions differ from the XLS image width/height fields, and this does not prove historical identity. The aspect ratios are broadly compatible with a thumbnail/downsample relationship, which is supporting evidence only. Observed image=123x150; XLS field=412x502; aspect_ratio_delta=0.0007171314741036827; network-expanded same hash=yes.",123,150,412,502,no,0.82,0.8207171314741036,0.0007171314741036827,yes_within_0.01,138f5af12c7630c12ea5a7d91b4f4a8d8e78b0bf38ee29b498953b83b39cff61
008,opera-01-008-s.jpg,unknown,,,,008,崇黑虎,进妲己,三块瓦脸,sequence_and_aspect_ratio_candidate_not_accepted,low,unknown,"Archive filename suffix 001-272 forms a bijection with XLS 序号 1-272, so a sequence-only candidate can be listed. However, the filename contains no role or opera text, the exact pixel dimensions differ from the XLS image width/height fields, and this does not prove historical identity. The aspect ratios are broadly compatible with a thumbnail/downsample relationship, which is supporting evidence only. Observed image=123x150; XLS field=412x502; aspect_ratio_delta=0.0007171314741036827; network-expanded same hash=yes.",123,150,412,502,no,0.82,0.8207171314741036,0.0007171314741036827,yes_within_0.01,952f468618f4d6f48fb2ecbeed041cf8a7247c9624de184b1b9c833487a2407f
009,opera-01-009-s.jpg,unknown,,,,009,姬僚,鱼肠剑,三块瓦脸,sequence_and_aspect_ratio_candidate_not_accepted,low,unknown,"Archive filename suffix 001-272 forms a bijection with XLS 序号 1-272, so a sequence-only candidate can be listed. However, the filename contains no role or opera text, the exact pixel dimensions differ from the XLS image width/height fields, and this does not prove historical identity. The aspect ratios are broadly compatible with a thumbnail/downsample relationship, which is supporting evidence only. Observed image=123x150; XLS field=412x502; aspect_ratio_delta=0.0007171314741036827; network-expanded same hash=yes.",123,150,412,502,no,0.82,0.8207171314741036,0.0007171314741036827,yes_within_0.01,177b63d7f2dc5e639991fd489bcff69f297adf1f8a2b1ffcf304170951636c9a
010,opera-01-010-s.jpg,unknown,,,,010,米南凹,文昭关,三块瓦脸,sequence_and_aspect_ratio_candidate_not_accepted,low,unknown,"Archive filename suffix 001-272 forms a bijection with XLS 序号 1-272, so a sequence-only candidate can be listed. However, the filename contains no role or opera text, the exact pixel dimensions differ from the XLS image width/height fields, and this does not prove historical identity. The aspect ratios are broadly compatible with a thumbnail/downsample relationship, which is supporting evidence only. Observed image=123x150; XLS field=412x502; aspect_ratio_delta=0.0007171314741036827; network-expanded same hash=yes.",123,150,412,502,no,0.82,0.8207171314741036,0.0007171314741036827,yes_within_0.01,9c03d7634718bdcc92f64cfd6cb39e26afbe64f1e323677e9ec682ee797b8c70
011,opera-01-011-s.jpg,unknown,,,,011,李刚,庆阳图,十字门脸,sequence_and_aspect_ratio_candidate_not_accepted,low,unknown,"Archive filename suffix 001-272 forms a bijection with XLS 序号 1-272, so a sequence-only candidate can be listed. However, the filename contains no role or opera text, the exact pixel dimensions differ from the XLS image width/height fields, and this does not prove historical identity. The aspect ratios are broadly compatible with a thumbnail/downsample relationship, which is supporting evidence only. Observed image=123x150; XLS field=412x502; aspect_ratio_delta=0.0007171314741036827; network-expanded same hash=yes.",123,150,412,502,no,0.82,0.8207171314741036,0.0007171314741036827,yes_within_0.01,da33fce8d604b189dd79dd6582a198f3a4e823e80accea77a619f44d69c71489
012,opera-01-012-s.jpg,unknown,,,,012,廉颇,将相和,三块瓦脸,sequence_and_aspect_ratio_candidate_not_accepted,low,unknown,"Archive filename suffix 001-272 forms a bijection with XLS 序号 1-272, so a sequence-only candidate can be listed. However, the filename contains no role or opera text, the exact pixel dimensions differ from the XLS image width/height fields, and this does not prove historical identity. The aspect ratios are broadly compatible with a thumbnail/downsample relationship, which is supporting evidence only. Observed image=123x150; XLS field=412x502; aspect_ratio_delta=0.0007171314741036827; network-expanded same hash=yes.",123,150,412,502,no,0.82,0.8207171314741036,0.0007171314741036827,yes_within_0.01,630272ee95305c5c3c0dc54cb7858b62082bcc6f13074a15af39bd3552947a38
013,opera-02-013-s.jpg,unknown,,,,013,伊立,黄金台,太监脸,sequence_and_aspect_ratio_candidate_not_accepted,low,unknown,"Archive filename suffix 001-272 forms a bijection with XLS 序号 1-272, so a sequence-only candidate can be listed. However, the filename contains no role or opera text, the exact pixel dimensions differ from the XLS image width/height fields, and this does not prove historical identity. The aspect ratios are broadly compatible with a thumbnail/downsample relationship, which is supporting evidence only. Observed image=123x150; XLS field=412x502; aspect_ratio_delta=0.0007171314741036827; network-expanded same hash=yes.",123,150,412,502,no,0.82,0.8207171314741036,0.0007171314741036827,yes_within_0.01,bf9b6395e6c5119c71db3ab0ab9ac0161899cd5164a26a3ef8919e45ac0ec977
014,opera-02-014-s.jpg,unknown,,,,014,胡伤,将相和,花三块瓦脸,sequence_and_aspect_ratio_candidate_not_accepted,low,unknown,"Archive filename suffix 001-272 forms a bijection with XLS 序号 1-272, so a sequence-only candidate can be listed. However, the filename contains no role or opera text, the exact pixel dimensions differ from the XLS image width/height fields, and this does not prove historical identity. The aspect ratios are broadly compatible with a thumbnail/downsample relationship, which is supporting evidence only. Observed image=123x150; XLS field=412x502; aspect_ratio_delta=0.0007171314741036827; network-expanded same hash=yes.",123,150,412,502,no,0.82,0.8207171314741036,0.0007171314741036827,yes_within_0.01,981b7a724cb4c1ddb7e7c35b58a43683b50697b7816c25afc1b0ea85cc027d5a
015,opera-02-015-s.jpg,unknown,,,,015,荆轲,荆轲传,三块瓦脸,sequence_and_aspect_ratio_candidate_not_accepted,low,unknown,"Archive filename suffix 001-272 forms a bijection with XLS 序号 1-272, so a sequence-only candidate can be listed. However, the filename contains no role or opera text, the exact pixel dimensions differ from the XLS image width/height fields, and this does not prove historical identity. The aspect ratios are broadly compatible with a thumbnail/downsample relationship, which is supporting evidence only. Observed image=123x150; XLS field=412x502; aspect_ratio_delta=0.0007171314741036827; network-expanded same hash=yes.",123,150,412,502,no,0.82,0.8207171314741036,0.0007171314741036827,yes_within_0.01,63626bd6563a1f1768f32d6c704664f964ab837d264eed5618f32107a8469701
016,opera-02-016-s.jpg,unknown,,,,016,赵高,宇宙锋,整脸,sequence_and_aspect_ratio_candidate_not_accepted,low,unknown,"Archive filename suffix 001-272 forms a bijection with XLS 序号 1-272, so a sequence-only candidate can be listed. However, the filename contains no role or opera text, the exact pixel dimensions differ from the XLS image width/height fields, and this does not prove historical identity. The aspect ratios are broadly compatible with a thumbnail/downsample relationship, which is supporting evidence only. Observed image=123x150; XLS field=412x502; aspect_ratio_delta=0.0007171314741036827; network-expanded same hash=yes.",123,150,412,502,no,0.82,0.8207171314741036,0.0007171314741036827,yes_within_0.01,66059b16f4b60b18083a69eac83c270d282ad3d91cbb02f1c7741b12811054d8
017,opera-02-017-s.jpg,unknown,,,,017,牛邈,闹昆阳,花三块瓦脸,sequence_and_aspect_ratio_candidate_not_accepted,low,unknown,"Archive filename suffix 001-272 forms a bijection with XLS 序号 1-272, so a sequence-only candidate can be listed. However, the filename contains no role or opera text, the exact pixel dimensions differ from the XLS image width/height fields, and this does not prove historical identity. The aspect ratios are broadly compatible with a thumbnail/downsample relationship, which is supporting evidence only. Observed image=123x150; XLS field=367x450; aspect_ratio_delta=0.004444444444444362; network-expanded same hash=yes.",123,150,367,450,no,0.82,0.8155555555555556,0.004444444444444362,yes_within_0.01,a3561997cb0ec84abae100c97275fef2e5ffbc8fe427f6c07ad3d6b902a928b2
018,opera-02-018-s.jpg,unknown,,,,018,姚刚,黄一刀,十字门脸,sequence_and_aspect_ratio_candidate_not_accepted,low,unknown,"Archive filename suffix 001-272 forms a bijection with XLS 序号 1-272, so a sequence-only candidate can be listed. However, the filename contains no role or opera text, the exact pixel dimensions differ from the XLS image width/height fields, and this does not prove historical identity. The aspect ratios are broadly compatible with a thumbnail/downsample relationship, which is supporting evidence only. Observed image=123x152; XLS field=365x450; aspect_ratio_delta=0.0019005811111111326; network-expanded same hash=yes.",123,152,365,450,no,0.80921053,0.8111111111111111,0.0019005811111111326,yes_within_0.01,5fe10f6ab6a6d78cf42cb8e341f359d518f7982d3a9120bd22899da88d3e2620
019,opera-02-019-s.jpg,unknown,,,,019,苏献,取洛阳,六分脸,sequence_and_aspect_ratio_candidate_not_accepted,low,unknown,"Archive filename suffix 001-272 forms a bijection with XLS 序号 1-272, so a sequence-only candidate can be listed. However, the filename contains no role or opera text, the exact pixel dimensions differ from the XLS image width/height fields, and this does not prove historical identity. The aspect ratios are broadly compatible with a thumbnail/downsample relationship, which is supporting evidence only. Observed image=123x150; XLS field=368x450; aspect_ratio_delta=0.0022222222222221255; network-expanded same hash=yes.",123,150,368,450,no,0.82,0.8177777777777778,0.0022222222222221255,yes_within_0.01,0a430f12fe8a8fb9da6abd15a4b5e7483cbd5089e00853d609bff65847905565
020,opera-02-020-s.jpg,unknown,,,,020,马武,取洛阳,碎脸,sequence_and_aspect_ratio_candidate_not_accepted,low,unknown,"Archive filename suffix 001-272 forms a bijection with XLS 序号 1-272, so a sequence-only candidate can be listed. However, the filename contains no role or opera text, the exact pixel dimensions differ from the XLS image width/height fields, and this does not prove historical identity. The aspect ratios are broadly compatible with a thumbnail/downsample relationship, which is supporting evidence only. Observed image=123x152; XLS field=363x450; aspect_ratio_delta=0.0025438633333333405; network-expanded same hash=yes.",123,152,363,450,no,0.80921053,0.8066666666666666,0.0025438633333333405,yes_within_0.01,ab78df7ad9999de1caf8250f02f234717e4ecd8f89c39cf48f320bd834183185
021,opera-02-021-s.jpg,unknown,,,,021,张飞,长坂坡,十字门脸,sequence_and_aspect_ratio_candidate_not_accepted,low,unknown,"Archive filename suffix 001-272 forms a bijection with XLS 序号 1-272, so a sequence-only candidate can be listed. However, the filename contains no role or opera text, the exact pixel dimensions differ from the XLS image width/height fields, and this does not prove historical identity. The aspect ratios are broadly compatible with a thumbnail/downsample relationship, which is supporting evidence only. Observed image=123x150; XLS field=369x450; aspect_ratio_delta=0.0; network-expanded same hash=yes.",123,150,369,450,no,0.82,0.82,0.0,yes_within_0.01,8722f7e4ecae3cd43124034d9e96297ec2aad6bb42dfccf48f27f813e7e72f1b
022,opera-02-022-s.jpg,unknown,,,,022,关羽,战长沙,整脸,sequence_and_aspect_ratio_candidate_not_accepted,low,unknown,"Archive filename suffix 001-272 forms a bijection with XLS 序号 1-272, so a sequence-only candidate can be listed. However, the filename contains no role or opera text, the exact pixel dimensions differ from the XLS image width/height fields, and this does not prove historical identity. The aspect ratios are broadly compatible with a thumbnail/downsample relationship, which is supporting evidence only. Observed image=88x110; XLS field=361x450; aspect_ratio_delta=0.0022222222222221255; network-expanded same hash=yes.",88,110,361,450,no,0.8,0.8022222222222222,0.0022222222222221255,yes_within_0.01,e8ef7fbfb021f7aae0d6cadfc705858420853f5e6536543011adfbb567d9147b
023,opera-02-023-s.jpg,unknown,,,,023,庞统,柴桑口,三块瓦脸,sequence_and_aspect_ratio_candidate_not_accepted,low,unknown,"Archive filename suffix 001-272 forms a bijection with XLS 序号 1-272, so a sequence-only candidate can be listed. However, the filename contains no role or opera text, the exact pixel dimensions differ from the XLS image width/height fields, and this does not prove historical identity. The aspect ratios are broadly compatible with a thumbnail/downsample relationship, which is supporting evidence only. Observed image=90x110; XLS field=368x450; aspect_ratio_delta=0.00040404222222212294; network-expanded same hash=yes.",90,110,368,450,no,0.81818182,0.8177777777777778,0.00040404222222212294,yes_within_0.01,772c1b7e7e4f20561f007d6bfd0d13c4bf7a9c95f71764fdf82679c9810f20da
024,opera-02-024-s.jpg,unknown,,,,024,周仓,单刀会,元宝脸,sequence_and_aspect_ratio_candidate_not_accepted,low,unknown,"Archive filename suffix 001-272 forms a bijection with XLS 序号 1-272, so a sequence-only candidate can be listed. However, the filename contains no role or opera text, the exact pixel dimensions differ from the XLS image width/height fields, and this does not prove historical identity. The aspect ratios are broadly compatible with a thumbnail/downsample relationship, which is supporting evidence only. Observed image=89x110; XLS field=364x450; aspect_ratio_delta=0.00020202111111111698; network-expanded same hash=yes.",89,110,364,450,no,0.80909091,0.8088888888888889,0.00020202111111111698,yes_within_0.01,88212207f49e2794671f5fbcb00479ab5de38e9ff6bb8b7d8d5e668918ff368a
025,opera-03-025-s.jpg,unknown,,,,025,夏侯惇,战宛城,三块瓦脸,sequence_and_aspect_ratio_candidate_not_accepted,low,unknown,"Archive filename suffix 001-272 forms a bijection with XLS 序号 1-272, so a sequence-only candidate can be listed. However, the filename contains no role or opera text, the exact pixel dimensions differ from the XLS image width/height fields, and this does not prove historical identity. The aspect ratios are broadly compatible with a thumbnail/downsample relationship, which is supporting evidence only. Observed image=90x110; XLS field=369x450; aspect_ratio_delta=0.0018181800000000026; network-expanded same hash=yes.",90,110,369,450,no,0.81818182,0.82,0.0018181800000000026,yes_within_0.01,af3a110cba04c97785fa342932e795dab9c36070314f53361421b9863accefd7
026,opera-03-026-s.jpg,unknown,,,,026,夏侯渊,定军山,十字门脸,sequence_and_aspect_ratio_candidate_not_accepted,low,unknown,"Archive filename suffix 001-272 forms a bijection with XLS 序号 1-272, so a sequence-only candidate can be listed. However, the filename contains no role or opera text, the exact pixel dimensions differ from the XLS image width/height fields, and this does not prove historical identity. The aspect ratios are broadly compatible with a thumbnail/downsample relationship, which is supporting evidence only. Observed image=92x110; XLS field=375x450; aspect_ratio_delta=0.0030303066666665934; network-expanded same hash=yes.",92,110,375,450,no,0.83636364,0.8333333333333334,0.0030303066666665934,yes_within_0.01,33de83a76f067dd742058294fd74fa3523c5648570e9ed69fabfececb4b3fcdd
027,opera-03-027-s.jpg,unknown,,,,027,许褚,战宛城,碎脸,sequence_and_aspect_ratio_candidate_not_accepted,low,unknown,"Archive filename suffix 001-272 forms a bijection with XLS 序号 1-272, so a sequence-only candidate can be listed. However, the filename contains no role or opera text, the exact pixel dimensions differ from the XLS image width/height fields, and this does not prove historical identity. The aspect ratios are broadly compatible with a thumbnail/downsample relationship, which is supporting evidence only. Observed image=88x110; XLS field=361x450; aspect_ratio_delta=0.0022222222222221255; network-expanded same hash=yes.",88,110,361,450,no,0.8,0.8022222222222222,0.0022222222222221255,yes_within_0.01,513d6da981902e51ec7b9dc1c486445ce11c4456ce6567e6e1505dd04e2a071a
028,opera-03-028-s.jpg,unknown,,,,028,曹洪,战宛城,花三块瓦脸,sequence_and_aspect_ratio_candidate_not_accepted,low,unknown,"Archive filename suffix 001-272 forms a bijection with XLS 序号 1-272, so a sequence-only candidate can be listed. However, the filename contains no role or opera text, the exact pixel dimensions differ from the XLS image width/height fields, and this does not prove historical identity. The aspect ratios are broadly compatible with a thumbnail/downsample relationship, which is supporting evidence only. Observed image=88x110; XLS field=360x450; aspect_ratio_delta=0.0; network-expanded same hash=yes.",88,110,360,450,no,0.8,0.8,0.0,yes_within_0.01,d7f488522373c029149d0703720f289dcfe2497f6fae1b08021a2378137ebcd0
029,opera-03-029-s.jpg,unknown,,,,029,张郃,长坂坡,三块瓦脸,sequence_and_aspect_ratio_candidate_not_accepted,low,unknown,"Archive filename suffix 001-272 forms a bijection with XLS 序号 1-272, so a sequence-only candidate can be listed. However, the filename contains no role or opera text, the exact pixel dimensions differ from the XLS image width/height fields, and this does not prove historical identity. The aspect ratios are broadly compatible with a thumbnail/downsample relationship, which is supporting evidence only. Observed image=90x110; XLS field=369x450; aspect_ratio_delta=0.0018181800000000026; network-expanded same hash=yes.",90,110,369,450,no,0.81818182,0.82,0.0018181800000000026,yes_within_0.01,8ee0129b7d1d6fd8962c6e243112cab56989442ac47538873041efc65789a19d
030,opera-03-030-s.jpg,unknown,,,,030,徐晃,阳平关,花三块瓦脸,sequence_and_aspect_ratio_candidate_not_accepted,low,unknown,"Archive filename suffix 001-272 forms a bijection with XLS 序号 1-272, so a sequence-only candidate can be listed. However, the filename contains no role or opera text, the exact pixel dimensions differ from the XLS image width/height fields, and this does not prove historical identity. The aspect ratios are broadly compatible with a thumbnail/downsample relationship, which is supporting evidence only. Observed image=90x110; XLS field=369x450; aspect_ratio_delta=0.0018181800000000026; network-expanded same hash=yes.",90,110,369,450,no,0.81818182,0.82,0.0018181800000000026,yes_within_0.01,61cd263aee22cbc46622b73238ae2687021a3026accb351b3e41be1f4cfb55f5
031,opera-03-031-s.jpg,unknown,,,,031,孟坦,过五关,三块瓦脸,sequence_and_aspect_ratio_candidate_not_accepted,low,unknown,"Archive filename suffix 001-272 forms a bijection with XLS 序号 1-272, so a sequence-only candidate can be listed. However, the filename contains no role or opera text, the exact pixel dimensions differ from the XLS image width/height fields, and this does not prove historical identity. The aspect ratios are broadly compatible with a thumbnail/downsample relationship, which is supporting evidence only. Observed image=89x110; XLS field=364x450; aspect_ratio_delta=0.00020202111111111698; network-expanded same hash=yes.",89,110,364,450,no,0.80909091,0.8088888888888889,0.00020202111111111698,yes_within_0.01,06524d1f1e6155253a0f2781eaecc3b114fd546e5a19bdfbb884c6f894b0421c
032,opera-03-032-s.jpg,unknown,,,,032,蔡阳,古城会,三块瓦脸,sequence_and_aspect_ratio_candidate_not_accepted,low,unknown,"Archive filename suffix 001-272 forms a bijection with XLS 序号 1-272, so a sequence-only candidate can be listed. However, the filename contains no role or opera text, the exact pixel dimensions differ from the XLS image width/height fields, and this does not prove historical identity. The aspect ratios are broadly compatible with a thumbnail/downsample relationship, which is supporting evidence only. Observed image=91x110; XLS field=373x450; aspect_ratio_delta=0.0016161588888888856; network-expanded same hash=yes.",91,110,373,450,no,0.82727273,0.8288888888888889,0.0016161588888888856,yes_within_0.01,e01e3f54177edfe0f2b0fde2c8d8ab0dcc1ee80f4888d5cff3411ab457c944ae
033,opera-03-033-s.jpg,unknown,,,,033,黄盖,群英会,六分脸,sequence_and_aspect_ratio_candidate_not_accepted,low,unknown,"Archive filename suffix 001-272 forms a bijection with XLS 序号 1-272, so a sequence-only candidate can be listed. However, the filename contains no role or opera text, the exact pixel dimensions differ from the XLS image width/height fields, and this does not prove historical identity. The aspect ratios are broadly compatible with a thumbnail/downsample relationship, which is supporting evidence only. Observed image=86x110; XLS field=407x512; aspect_ratio_delta=0.01310369499999997; network-expanded same hash=yes.",86,110,407,512,no,0.78181818,0.794921875,0.01310369499999997,no,e0a26f41a1726297a3e24b54dcec4a0e0c249a15039b2ff169b001eeae681917
034,opera-03-034-s.jpg,unknown,,,,034,孙权,甘露寺,整脸,sequence_and_aspect_ratio_candidate_not_accepted,low,unknown,"Archive filename suffix 001-272 forms a bijection with XLS 序号 1-272, so a sequence-only candidate can be listed. However, the filename contains no role or opera text, the exact pixel dimensions differ from the XLS image width/height fields, and this does not prove historical identity. The aspect ratios are broadly compatible with a thumbnail/downsample relationship, which is supporting evidence only. Observed image=94x110; XLS field=414x482; aspect_ratio_delta=0.0043757118257260474; network-expanded same hash=yes.",94,110,414,482,no,0.85454545,0.8589211618257261,0.0043757118257260474,yes_within_0.01,2be8310d0e6991409a37464465232733d26b68cb8406d1ba271ecadeff429748
035,opera-03-035-s.jpg,unknown,,,,035,吕蒙,走麦城,三块瓦脸,sequence_and_aspect_ratio_candidate_not_accepted,low,unknown,"Archive filename suffix 001-272 forms a bijection with XLS 序号 1-272, so a sequence-only candidate can be listed. However, the filename contains no role or opera text, the exact pixel dimensions differ from the XLS image width/height fields, and this does not prove historical identity. The aspect ratios are broadly compatible with a thumbnail/downsample relationship, which is supporting evidence only. Observed image=90x110; XLS field=421x512; aspect_ratio_delta=0.004083805000000051; network-expanded same hash=yes.",90,110,421,512,no,0.81818182,0.822265625,0.004083805000000051,yes_within_0.01,6f7cec255b65678d231a92a34428719131a1328d262dbe840d67c47eb0c803e0
036,opera-03-036-s.jpg,unknown,,,,036,太史慈,战合肥,碎脸,sequence_and_aspect_ratio_candidate_not_accepted,low,unknown,"Archive filename suffix 001-272 forms a bijection with XLS 序号 1-272, so a sequence-only candidate can be listed. However, the filename contains no role or opera text, the exact pixel dimensions differ from the XLS image width/height fields, and this does not prove historical identity. The aspect ratios are broadly compatible with a thumbnail/downsample relationship, which is supporting evidence only. Observed image=91x110; XLS field=425x512; aspect_ratio_delta=0.0028053949999999883; network-expanded same hash=yes.",91,110,425,512,no,0.82727273,0.830078125,0.0028053949999999883,yes_within_0.01,1af245e1608b6bd0a472745266fe516970c95da37bddd493de4ca6d21a4c37f7
037,opera-04-037-s.jpg,unknown,,,,037,蒋钦,甘露寺,三块瓦脸,sequence_and_aspect_ratio_candidate_not_accepted,low,unknown,"Archive filename suffix 001-272 forms a bijection with XLS 序号 1-272, so a sequence-only candidate can be listed. However, the filename contains no role or opera text, the exact pixel dimensions differ from the XLS image width/height fields, and this does not prove historical identity. The aspect ratios are broadly compatible with a thumbnail/downsample relationship, which is supporting evidence only. Observed image=89x110; XLS field=413x513; aspect_ratio_delta=0.004022683879142286; network-expanded same hash=yes.",89,110,413,513,no,0.80909091,0.8050682261208577,0.004022683879142286,yes_within_0.01,1c7e7cb74c6df22c756957b39bd090499ca76a9166c23cf4179cde3b9b7da69a
038,opera-04-038-s.jpg,unknown,,,,038,凌统,甘宁百骑劫魏营,三块瓦脸,sequence_and_aspect_ratio_candidate_not_accepted,low,unknown,"Archive filename suffix 001-272 forms a bijection with XLS 序号 1-272, so a sequence-only candidate can be listed. However, the filename contains no role or opera text, the exact pixel dimensions differ from the XLS image width/height fields, and this does not prove historical identity. The aspect ratios are broadly compatible with a thumbnail/downsample relationship, which is supporting evidence only. Observed image=92x110; XLS field=429x512; aspect_ratio_delta=0.0015269850000000362; network-expanded same hash=yes.",92,110,429,512,no,0.83636364,0.837890625,0.0015269850000000362,yes_within_0.01,6321ffa1a965268ee54eaf63ac72dffe5b85d00f3bbd65f55636c776deffe9d7
039,opera-04-039-s.jpg,unknown,,,,039,周泰,连营寨,三块瓦脸,sequence_and_aspect_ratio_candidate_not_accepted,low,unknown,"Archive filename suffix 001-272 forms a bijection with XLS 序号 1-272, so a sequence-only candidate can be listed. However, the filename contains no role or opera text, the exact pixel dimensions differ from the XLS image width/height fields, and this does not prove historical identity. The aspect ratios are broadly compatible with a thumbnail/downsample relationship, which is supporting evidence only. Observed image=85x110; XLS field=423x512; aspect_ratio_delta=0.053444605000000034; network-expanded same hash=yes.",85,110,423,512,no,0.77272727,0.826171875,0.053444605000000034,no,95a20c97f6b07b26ce8f419d4d2226ad8950fd8dc23c0a395ff6bac854da7593
040,opera-04-040-s.jpg,unknown,,,,040,周处,除三害,花三块瓦脸,sequence_and_aspect_ratio_candidate_not_accepted,low,unknown,"Archive filename suffix 001-272 forms a bijection with XLS 序号 1-272, so a sequence-only candidate can be listed. However, the filename contains no role or opera text, the exact pixel dimensions differ from the XLS image width/height fields, and this does not prove historical identity. The aspect ratios are broadly compatible with a thumbnail/downsample relationship, which is supporting evidence only. Observed image=86x110; XLS field=401x512; aspect_ratio_delta=0.0013849449999999708; network-expanded same hash=yes.",86,110,401,512,no,0.78181818,0.783203125,0.0013849449999999708,yes_within_0.01,8d2204bc6c33012c79c2722f0849ecf3d52a5bbccd3ef4f08181b7a0271acffb
041,opera-04-041-s.jpg,unknown,,,,041,秦英,乾坤带,花三块瓦脸,sequence_and_aspect_ratio_candidate_not_accepted,low,unknown,"Archive filename suffix 001-272 forms a bijection with XLS 序号 1-272, so a sequence-only candidate can be listed. However, the filename contains no role or opera text, the exact pixel dimensions differ from the XLS image width/height fields, and this does not prove historical identity. The aspect ratios are broadly compatible with a thumbnail/downsample relationship, which is supporting evidence only. Observed image=88x110; XLS field=408x512; aspect_ratio_delta=0.0031250000000000444; network-expanded same hash=yes.",88,110,408,512,no,0.8,0.796875,0.0031250000000000444,yes_within_0.01,a94ba7f9f5ca05e184a57837a14445ec511725f8384d475ae560d178e77fbf7a
042,opera-04-042-s.jpg,unknown,,,,042,窦一虎,棋盘山,碎脸,sequence_and_aspect_ratio_candidate_not_accepted,low,unknown,"Archive filename suffix 001-272 forms a bijection with XLS 序号 1-272, so a sequence-only candidate can be listed. However, the filename contains no role or opera text, the exact pixel dimensions differ from the XLS image width/height fields, and this does not prove historical identity. The aspect ratios are broadly compatible with a thumbnail/downsample relationship, which is supporting evidence only. Observed image=89x110; XLS field=412x512; aspect_ratio_delta=0.0044034099999999965; network-expanded same hash=yes.",89,110,412,512,no,0.80909091,0.8046875,0.0044034099999999965,yes_within_0.01,aa886fb42de15b1bb0e63276f0818c3bd041a21e099a91e7a81bb746e3e1357c
043,opera-04-043-s.jpg,unknown,,,,043,薛刚,闹花灯,三块瓦脸,sequence_and_aspect_ratio_candidate_not_accepted,low,unknown,"Archive filename suffix 001-272 forms a bijection with XLS 序号 1-272, so a sequence-only candidate can be listed. However, the filename contains no role or opera text, the exact pixel dimensions differ from the XLS image width/height fields, and this does not prove historical identity. The aspect ratios are broadly compatible with a thumbnail/downsample relationship, which is supporting evidence only. Observed image=91x110; XLS field=425x512; aspect_ratio_delta=0.0028053949999999883; network-expanded same hash=yes.",91,110,425,512,no,0.82727273,0.830078125,0.0028053949999999883,yes_within_0.01,3a549bee7bdc5be4abaefc93ea9a5098e68959f0537cc1c0e1741887ed1fda32
044,opera-04-044-s.jpg,unknown,,,,044,苏宝同,界牌关,碎脸,sequence_and_aspect_ratio_candidate_not_accepted,low,unknown,"Archive filename suffix 001-272 forms a bijection with XLS 序号 1-272, so a sequence-only candidate can be listed. However, the filename contains no role or opera text, the exact pixel dimensions differ from the XLS image width/height fields, and this does not prove historical identity. The aspect ratios are broadly compatible with a thumbnail/downsample relationship, which is supporting evidence only. Observed image=88x110; XLS field=411x512; aspect_ratio_delta=0.0027343749999999556; network-expanded same hash=yes.",88,110,411,512,no,0.8,0.802734375,0.0027343749999999556,yes_within_0.01,801ea145dd5c2b3edd714ddf121c009f643a181f6ce5ca6ba7fe77086220054f
045,opera-04-045-s.jpg,unknown,,,,045,薛葵,徐策跑城,碎脸,sequence_and_aspect_ratio_candidate_not_accepted,low,unknown,"Archive filename suffix 001-272 forms a bijection with XLS 序号 1-272, so a sequence-only candidate can be listed. However, the filename contains no role or opera text, the exact pixel dimensions differ from the XLS image width/height fields, and this does not prove historical identity. The aspect ratios are broadly compatible with a thumbnail/downsample relationship, which is supporting evidence only. Observed image=88x110; XLS field=411x512; aspect_ratio_delta=0.0027343749999999556; network-expanded same hash=yes.",88,110,411,512,no,0.8,0.802734375,0.0027343749999999556,yes_within_0.01,a648cae64564d1aac7df83f5461429a55f0fdbead48e13fe316bd3ecc7c9dda8
046,opera-04-046-s.jpg,unknown,,,,046,安殿宝,独木关,三块瓦脸,sequence_and_aspect_ratio_candidate_not_accepted,low,unknown,"Archive filename suffix 001-272 forms a bijection with XLS 序号 1-272, so a sequence-only candidate can be listed. However, the filename contains no role or opera text, the exact pixel dimensions differ from the XLS image width/height fields, and this does not prove historical identity. The aspect ratios are broadly compatible with a thumbnail/downsample relationship, which is supporting evidence only. Observed image=88x110; XLS field=411x512; aspect_ratio_delta=0.0027343749999999556; network-expanded same hash=yes.",88,110,411,512,no,0.8,0.802734375,0.0027343749999999556,yes_within_0.01,f14d8bd035707f484201d656c444143bdfda97f0d5d19a450154f72151d9bcea
047,opera-04-047-s.jpg,unknown,,,,047,巴兰,百花公主,三块瓦脸,sequence_and_aspect_ratio_candidate_not_accepted,low,unknown,"Archive filename suffix 001-272 forms a bijection with XLS 序号 1-272, so a sequence-only candidate can be listed. However, the filename contains no role or opera text, the exact pixel dimensions differ from the XLS image width/height fields, and this does not prove historical identity. The aspect ratios are broadly compatible with a thumbnail/downsample relationship, which is supporting evidence only. Observed image=91x110; XLS field=425x512; aspect_ratio_delta=0.0028053949999999883; network-expanded same hash=yes.",91,110,425,512,no,0.82727273,0.830078125,0.0028053949999999883,yes_within_0.01,875fd2d65fe87ff3b900da7f0acadec58fad45c8eda2a6e02010219f88f3e360
048,opera-04-048-s.jpg,unknown,,,,048,贺天龙,雁荡山,三块瓦脸,sequence_and_aspect_ratio_candidate_not_accepted,low,unknown,"Archive filename suffix 001-272 forms a bijection with XLS 序号 1-272, so a sequence-only candidate can be listed. However, the filename contains no role or opera text, the exact pixel dimensions differ from the XLS image width/height fields, and this does not prove historical identity. The aspect ratios are broadly compatible with a thumbnail/downsample relationship, which is supporting evidence only. Observed image=93x110; XLS field=413x491; aspect_ratio_delta=0.004314020468431767; network-expanded same hash=yes.",93,110,413,491,no,0.84545455,0.8411405295315683,0.004314020468431767,yes_within_0.01,727ecdad46b97730576ec7ea4eb59bc7b2a30700378a3a60b6c1b0d669aca550
049,opera-05-049-s.jpg,unknown,,,,049,郭子仪,满床笏,六分脸,sequence_and_aspect_ratio_candidate_not_accepted,low,unknown,"Archive filename suffix 001-272 forms a bijection with XLS 序号 1-272, so a sequence-only candidate can be listed. However, the filename contains no role or opera text, the exact pixel dimensions differ from the XLS image width/height fields, and this does not prove historical identity. The aspect ratios are broadly compatible with a thumbnail/downsample relationship, which is supporting evidence only. Observed image=88x110; XLS field=411x512; aspect_ratio_delta=0.0027343749999999556; network-expanded same hash=yes.",88,110,411,512,no,0.8,0.802734375,0.0027343749999999556,yes_within_0.01,ab429e4c62d04928de0dc3ecaa06b4a70e25cda6ccf12fa3fbf968b6b6842b3c
050,opera-05-050-s.jpg,unknown,,,,050,王彦章,双观星,象形脸,sequence_and_aspect_ratio_candidate_not_accepted,low,unknown,"Archive filename suffix 001-272 forms a bijection with XLS 序号 1-272, so a sequence-only candidate can be listed. However, the filename contains no role or opera text, the exact pixel dimensions differ from the XLS image width/height fields, and this does not prove historical identity. The aspect ratios are broadly compatible with a thumbnail/downsample relationship, which is supporting evidence only. Observed image=87x110; XLS field=405x512; aspect_ratio_delta=0.0001065350000000187; network-expanded same hash=yes.",87,110,405,512,no,0.79090909,0.791015625,0.0001065350000000187,yes_within_0.01,88be0763dff56184d2136f0e05945f84f25fd01e625427385524da68ff529c37
051,opera-05-051-s.jpg,unknown,,,,051,周德威,珠帘寨,三块瓦脸,sequence_and_aspect_ratio_candidate_not_accepted,low,unknown,"Archive filename suffix 001-272 forms a bijection with XLS 序号 1-272, so a sequence-only candidate can be listed. However, the filename contains no role or opera text, the exact pixel dimensions differ from the XLS image width/height fields, and this does not prove historical identity. The aspect ratios are broadly compatible with a thumbnail/downsample relationship, which is supporting evidence only. Observed image=90x110; XLS field=417x512; aspect_ratio_delta=0.0037286949999999486; network-expanded same hash=yes.",90,110,417,512,no,0.81818182,0.814453125,0.0037286949999999486,yes_within_0.01,2cdbba042cbd356c2e2d6b2a653b9b35f0bfe42ba8ab8ec2510601e6bd9bd5cc
052,opera-05-052-s.jpg,unknown,,,,052,余洪,竹林计,碎脸,sequence_and_aspect_ratio_candidate_not_accepted,low,unknown,"Archive filename suffix 001-272 forms a bijection with XLS 序号 1-272, so a sequence-only candidate can be listed. However, the filename contains no role or opera text, the exact pixel dimensions differ from the XLS image width/height fields, and this does not prove historical identity. The aspect ratios are broadly compatible with a thumbnail/downsample relationship, which is supporting evidence only. Observed image=87x110; XLS field=403x512; aspect_ratio_delta=0.0037997149999999813; network-expanded same hash=yes.",87,110,403,512,no,0.79090909,0.787109375,0.0037997149999999813,yes_within_0.01,c60a1e0aa76766b617f69523b4fcec85c3508d114d2f7402c6131ef4c65f6fb9
053,opera-05-053-s.jpg,unknown,,,,053,郑恩,打龙棚,歪脸,sequence_and_aspect_ratio_candidate_not_accepted,low,unknown,"Archive filename suffix 001-272 forms a bijection with XLS 序号 1-272, so a sequence-only candidate can be listed. However, the filename contains no role or opera text, the exact pixel dimensions differ from the XLS image width/height fields, and this does not prove historical identity. The aspect ratios are broadly compatible with a thumbnail/downsample relationship, which is supporting evidence only. Observed image=90x110; XLS field=421x512; aspect_ratio_delta=0.004083805000000051; network-expanded same hash=yes.",90,110,421,512,no,0.81818182,0.822265625,0.004083805000000051,yes_within_0.01,b338781fc14e1b5d8b0f894210d55547154333d4a991d9adef4f8569ad968bb4
054,opera-05-054-s.jpg,unknown,,,,054,赵匡胤,斩黄袍,整脸,sequence_and_aspect_ratio_candidate_not_accepted,low,unknown,"Archive filename suffix 001-272 forms a bijection with XLS 序号 1-272, so a sequence-only candidate can be listed. However, the filename contains no role or opera text, the exact pixel dimensions differ from the XLS image width/height fields, and this does not prove historical identity. The aspect ratios are broadly compatible with a thumbnail/downsample relationship, which is supporting evidence only. Observed image=89x110; XLS field=414x512; aspect_ratio_delta=0.0004971599999999965; network-expanded same hash=yes.",89,110,414,512,no,0.80909091,0.80859375,0.0004971599999999965,yes_within_0.01,ed1a8d9b18265b2cd3b5b0ad4e4cb88f2ba47a95f74d99feaa58557243fdf371
055,opera-05-055-s.jpg,unknown,,,,055,呼延赞,龙虎斗,碎脸,sequence_and_aspect_ratio_candidate_not_accepted,low,unknown,"Archive filename suffix 001-272 forms a bijection with XLS 序号 1-272, so a sequence-only candidate can be listed. However, the filename contains no role or opera text, the exact pixel dimensions differ from the XLS image width/height fields, and this does not prove historical identity. The aspect ratios are broadly compatible with a thumbnail/downsample relationship, which is supporting evidence only. Observed image=88x110; XLS field=408x512; aspect_ratio_delta=0.0031250000000000444; network-expanded same hash=yes.",88,110,408,512,no,0.8,0.796875,0.0031250000000000444,yes_within_0.01,e9231f2e366c4d895d21db54ed5b7f0a72216eddeadd864582225ebcb6560811
056,opera-05-056-s.jpg,unknown,,,,056,崔子健,佘赛花,十字门脸,sequence_and_aspect_ratio_candidate_not_accepted,low,unknown,"Archive filename suffix 001-272 forms a bijection with XLS 序号 1-272, so a sequence-only candidate can be listed. However, the filename contains no role or opera text, the exact pixel dimensions differ from the XLS image width/height fields, and this does not prove historical identity. The aspect ratios are broadly compatible with a thumbnail/downsample relationship, which is supporting evidence only. Observed image=89x110; XLS field=414x512; aspect_ratio_delta=0.0004971599999999965; network-expanded same hash=yes.",89,110,414,512,no,0.80909091,0.80859375,0.0004971599999999965,yes_within_0.01,808e4b3ef52cb3a85e4bb747833b06228cd499257ba5b6b64fd6c2d41ddf9e99
057,opera-05-057-s.jpg,unknown,,,,057,钟离春,湘江会,碎脸,sequence_and_aspect_ratio_candidate_not_accepted,low,unknown,"Archive filename suffix 001-272 forms a bijection with XLS 序号 1-272, so a sequence-only candidate can be listed. However, the filename contains no role or opera text, the exact pixel dimensions differ from the XLS image width/height fields, and this does not prove historical identity. The aspect ratios are broadly compatible with a thumbnail/downsample relationship, which is supporting evidence only. Observed image=90x110; XLS field=412x502; aspect_ratio_delta=0.0025353114741036853; network-expanded same hash=yes.",90,110,412,502,no,0.81818182,0.8207171314741036,0.0025353114741036853,yes_within_0.01,901db0a9016c29c41ab847a89591c4aa134592746285ab5b755f75614781126a
058,opera-05-058-s.jpg,unknown,,,,058,里克,蜜蜂计,碎脸,sequence_and_aspect_ratio_candidate_not_accepted,low,unknown,"Archive filename suffix 001-272 forms a bijection with XLS 序号 1-272, so a sequence-only candidate can be listed. However, the filename contains no role or opera text, the exact pixel dimensions differ from the XLS image width/height fields, and this does not prove historical identity. The aspect ratios are broadly compatible with a thumbnail/downsample relationship, which is supporting evidence only. Observed image=90x110; XLS field=412x502; aspect_ratio_delta=0.0025353114741036853; network-expanded same hash=yes.",90,110,412,502,no,0.81818182,0.8207171314741036,0.0025353114741036853,yes_within_0.01,138cf23f716e83cb4b795e61178a29886a6fb5e98e9381a7aef0e5ebfbe10379
059,opera-05-059-s.jpg,unknown,,,,059,毛奔,五雷阵,花三块瓦脸,sequence_and_aspect_ratio_candidate_not_accepted,low,unknown,"Archive filename suffix 001-272 forms a bijection with XLS 序号 1-272, so a sequence-only candidate can be listed. However, the filename contains no role or opera text, the exact pixel dimensions differ from the XLS image width/height fields, and this does not prove historical identity. The aspect ratios are broadly compatible with a thumbnail/downsample relationship, which is supporting evidence only. Observed image=90x110; XLS field=412x502; aspect_ratio_delta=0.0025353114741036853; network-expanded same hash=not_available.",90,110,412,502,no,0.81818182,0.8207171314741036,0.0025353114741036853,yes_within_0.01,bdb709e8e82478de588c42382ebe03fd8acf0c5dab5077510fccd2f482bd39a1
060,opera-05-060-s.jpg,unknown,,,,060,雷震子,攻潼关,象形脸,sequence_and_aspect_ratio_candidate_not_accepted,low,unknown,"Archive filename suffix 001-272 forms a bijection with XLS 序号 1-272, so a sequence-only candidate can be listed. However, the filename contains no role or opera text, the exact pixel dimensions differ from the XLS image width/height fields, and this does not prove historical identity. The aspect ratios are broadly compatible with a thumbnail/downsample relationship, which is supporting evidence only. Observed image=90x110; XLS field=412x502; aspect_ratio_delta=0.0025353114741036853; network-expanded same hash=yes.",90,110,412,502,no,0.81818182,0.8207171314741036,0.0025353114741036853,yes_within_0.01,e5188b14ca7f73feb356af286f9db559911dcaaad33f5e8520b02dea3c91b1f0
061,opera-06-061-s.jpg,unknown,,,,061,魏绛,赵氏孤儿,三块瓦脸,sequence_and_aspect_ratio_candidate_not_accepted,low,unknown,"Archive filename suffix 001-272 forms a bijection with XLS 序号 1-272, so a sequence-only candidate can be listed. However, the filename contains no role or opera text, the exact pixel dimensions differ from the XLS image width/height fields, and this does not prove historical identity. The aspect ratios are broadly compatible with a thumbnail/downsample relationship, which is supporting evidence only. Observed image=90x110; XLS field=412x502; aspect_ratio_delta=0.0025353114741036853; network-expanded same hash=yes.",90,110,412,502,no,0.81818182,0.8207171314741036,0.0025353114741036853,yes_within_0.01,5d6608ff04ead07eff4bc720a0f1fbf6dc25e71a4c6f0bdb8f073e40a374e5bb
062,opera-06-062-s.jpg,unknown,,,,062,颍考叔,伐子都,三块瓦脸,sequence_and_aspect_ratio_candidate_not_accepted,low,unknown,"Archive filename suffix 001-272 forms a bijection with XLS 序号 1-272, so a sequence-only candidate can be listed. However, the filename contains no role or opera text, the exact pixel dimensions differ from the XLS image width/height fields, and this does not prove historical identity. The aspect ratios are broadly compatible with a thumbnail/downsample relationship, which is supporting evidence only. Observed image=90x110; XLS field=412x502; aspect_ratio_delta=0.0025353114741036853; network-expanded same hash=yes.",90,110,412,502,no,0.81818182,0.8207171314741036,0.0025353114741036853,yes_within_0.01,79c17bcdddad4f5ebf89b50e56f5b2a631ddd69e4355b82d1077f0f1eaaf49bf
063,opera-06-063-s.jpg,unknown,,,,063,先蔑,摘缨会,十字门脸,sequence_and_aspect_ratio_candidate_not_accepted,low,unknown,"Archive filename suffix 001-272 forms a bijection with XLS 序号 1-272, so a sequence-only candidate can be listed. However, the filename contains no role or opera text, the exact pixel dimensions differ from the XLS image width/height fields, and this does not prove historical identity. The aspect ratios are broadly compatible with a thumbnail/downsample relationship, which is supporting evidence only. Observed image=90x110; XLS field=412x502; aspect_ratio_delta=0.0025353114741036853; network-expanded same hash=yes.",90,110,412,502,no,0.81818182,0.8207171314741036,0.0025353114741036853,yes_within_0.01,3b0b6384fb8b25ab1c184dc3bedeab5545d5a73536c6604fc780c91f41f8c510
064,opera-06-064-s.jpg,unknown,,,,064,屠岸贾,赵氏孤儿,花三块瓦脸,sequence_and_aspect_ratio_candidate_not_accepted,low,unknown,"Archive filename suffix 001-272 forms a bijection with XLS 序号 1-272, so a sequence-only candidate can be listed. However, the filename contains no role or opera text, the exact pixel dimensions differ from the XLS image width/height fields, and this does not prove historical identity. The aspect ratios are broadly compatible with a thumbnail/downsample relationship, which is supporting evidence only. Observed image=90x110; XLS field=412x502; aspect_ratio_delta=0.0025353114741036853; network-expanded same hash=yes.",90,110,412,502,no,0.81818182,0.8207171314741036,0.0025353114741036853,yes_within_0.01,8ca1ed564d4bcae1e8eeeaf1a5f11a93d9cb2b40d9368e8a0984733c1a41b858
065,opera-06-065-s.jpg,unknown,,,,065,王陵,陵母伏剑,三块瓦脸,sequence_and_aspect_ratio_candidate_not_accepted,low,unknown,"Archive filename suffix 001-272 forms a bijection with XLS 序号 1-272, so a sequence-only candidate can be listed. However, the filename contains no role or opera text, the exact pixel dimensions differ from the XLS image width/height fields, and this does not prove historical identity. The aspect ratios are broadly compatible with a thumbnail/downsample relationship, which is supporting evidence only. Observed image=90x110; XLS field=412x502; aspect_ratio_delta=0.0025353114741036853; network-expanded same hash=yes.",90,110,412,502,no,0.81818182,0.8207171314741036,0.0025353114741036853,yes_within_0.01,07e5b058a103c8605eb02328b02ba8b9e23909d252d5bd6d2dd599a46b4d850a
066,opera-06-066-s.jpg,unknown,,,,066,夏侯婴,,,sequence_and_aspect_ratio_candidate_not_accepted,low,unknown,"Archive filename suffix 001-272 forms a bijection with XLS 序号 1-272, so a sequence-only candidate can be listed. However, the filename contains no role or opera text, the exact pixel dimensions differ from the XLS image width/height fields, and this does not prove historical identity. The aspect ratios are broadly compatible with a thumbnail/downsample relationship, which is supporting evidence only. Observed image=90x110; XLS field=412x502; aspect_ratio_delta=0.0025353114741036853; network-expanded same hash=yes.",90,110,412,502,no,0.81818182,0.8207171314741036,0.0025353114741036853,yes_within_0.01,0eec9e15a62d2892f4aa956fc248714d271e6621fe7d5d61c944e236d16973f9
067,opera-06-067-s.jpg,unknown,,,,067,英布,霸王别姬,碎脸,sequence_and_aspect_ratio_candidate_not_accepted,low,unknown,"Archive filename suffix 001-272 forms a bijection with XLS 序号 1-272, so a sequence-only candidate can be listed. However, the filename contains no role or opera text, the exact pixel dimensions differ from the XLS image width/height fields, and this does not prove historical identity. The aspect ratios are broadly compatible with a thumbnail/downsample relationship, which is supporting evidence only. Observed image=90x110; XLS field=412x502; aspect_ratio_delta=0.0025353114741036853; network-expanded same hash=yes.",90,110,412,502,no,0.81818182,0.8207171314741036,0.0025353114741036853,yes_within_0.01,24cae68aec9b811183146657b1ed398de72c32e79c7821313d3ded4f2db264ee
068,opera-06-068-s.jpg,unknown,,,,068,项羽,霸王别姬,花三块瓦脸,sequence_and_aspect_ratio_candidate_not_accepted,low,unknown,"Archive filename suffix 001-272 forms a bijection with XLS 序号 1-272, so a sequence-only candidate can be listed. However, the filename contains no role or opera text, the exact pixel dimensions differ from the XLS image width/height fields, and this does not prove historical identity. The aspect ratios are broadly compatible with a thumbnail/downsample relationship, which is supporting evidence only. Observed image=90x110; XLS field=412x502; aspect_ratio_delta=0.0025353114741036853; network-expanded same hash=yes.",90,110,412,502,no,0.81818182,0.8207171314741036,0.0025353114741036853,yes_within_0.01,309b302ce0581cc321cb6421c5c0f7d8614439f75f647e5ae2ee07ca437db1e4
069,opera-06-069-s.jpg,unknown,,,,069,彭越,霸王别姬,三块瓦脸,sequence_and_aspect_ratio_candidate_not_accepted,low,unknown,"Archive filename suffix 001-272 forms a bijection with XLS 序号 1-272, so a sequence-only candidate can be listed. However, the filename contains no role or opera text, the exact pixel dimensions differ from the XLS image width/height fields, and this does not prove historical identity. The aspect ratios are broadly compatible with a thumbnail/downsample relationship, which is supporting evidence only. Observed image=90x110; XLS field=412x502; aspect_ratio_delta=0.0025353114741036853; network-expanded same hash=yes.",90,110,412,502,no,0.81818182,0.8207171314741036,0.0025353114741036853,yes_within_0.01,06c1888610f123553b281c1e77d3c03f6b20cb02e727b11170fd9d202055a61b
070,opera-06-070-s.jpg,unknown,,,,070,吕马童,霸王别姬,三块瓦脸,sequence_and_aspect_ratio_candidate_not_accepted,low,unknown,"Archive filename suffix 001-272 forms a bijection with XLS 序号 1-272, so a sequence-only candidate can be listed. However, the filename contains no role or opera text, the exact pixel dimensions differ from the XLS image width/height fields, and this does not prove historical identity. The aspect ratios are broadly compatible with a thumbnail/downsample relationship, which is supporting evidence only. Observed image=90x110; XLS field=412x502; aspect_ratio_delta=0.0025353114741036853; network-expanded same hash=yes.",90,110,412,502,no,0.81818182,0.8207171314741036,0.0025353114741036853,yes_within_0.01,d4da2a77314ce62c11deeba0cf1af2b6d64c7beccb4aa162de2e6cb46e09572e
071,opera-06-071-s.jpg,unknown,,,,071,铫期,草桥关,十字门脸,sequence_and_aspect_ratio_candidate_not_accepted,low,unknown,"Archive filename suffix 001-272 forms a bijection with XLS 序号 1-272, so a sequence-only candidate can be listed. However, the filename contains no role or opera text, the exact pixel dimensions differ from the XLS image width/height fields, and this does not prove historical identity. The aspect ratios are broadly compatible with a thumbnail/downsample relationship, which is supporting evidence only. Observed image=90x110; XLS field=412x502; aspect_ratio_delta=0.0025353114741036853; network-expanded same hash=yes.",90,110,412,502,no,0.81818182,0.8207171314741036,0.0025353114741036853,yes_within_0.01,e649136fd00a3d49b8dcea9b781c22fcfe969eea8f49dedcc3db92a3166f3132
072,opera-06-072-s.jpg,unknown,,,,072,吴汉,长安闱,三块瓦脸,sequence_and_aspect_ratio_candidate_not_accepted,low,unknown,"Archive filename suffix 001-272 forms a bijection with XLS 序号 1-272, so a sequence-only candidate can be listed. However, the filename contains no role or opera text, the exact pixel dimensions differ from the XLS image width/height fields, and this does not prove historical identity. The aspect ratios are broadly compatible with a thumbnail/downsample relationship, which is supporting evidence only. Observed image=90x110; XLS field=412x502; aspect_ratio_delta=0.0025353114741036853; network-expanded same hash=yes.",90,110,412,502,no,0.81818182,0.8207171314741036,0.0025353114741036853,yes_within_0.01,277cd7ce9d00ccc9db8020864fa4f8a7d6d3b9528dc19d1e6de45255b0a8d2da
073,opera-07-073-s.jpg,unknown,,,,073,魏延,战长沙,花三块瓦脸,sequence_and_aspect_ratio_candidate_not_accepted,low,unknown,"Archive filename suffix 001-272 forms a bijection with XLS 序号 1-272, so a sequence-only candidate can be listed. However, the filename contains no role or opera text, the exact pixel dimensions differ from the XLS image width/height fields, and this does not prove historical identity. The aspect ratios are broadly compatible with a thumbnail/downsample relationship, which is supporting evidence only. Observed image=89x110; XLS field=365x450; aspect_ratio_delta=0.0020202011111111196; network-expanded same hash=yes.",89,110,365,450,no,0.80909091,0.8111111111111111,0.0020202011111111196,yes_within_0.01,684f8c235159daff5a0fc455c8aa74f0ae4b0dbfd9b945394a12997d7de1c3c2
074,opera-07-074-s.jpg,unknown,,,,074,孟达,走麦城,元宝脸,sequence_and_aspect_ratio_candidate_not_accepted,low,unknown,"Archive filename suffix 001-272 forms a bijection with XLS 序号 1-272, so a sequence-only candidate can be listed. However, the filename contains no role or opera text, the exact pixel dimensions differ from the XLS image width/height fields, and this does not prove historical identity. The aspect ratios are broadly compatible with a thumbnail/downsample relationship, which is supporting evidence only. Observed image=86x110; XLS field=351x450; aspect_ratio_delta=0.0018181800000000026; network-expanded same hash=yes.",86,110,351,450,no,0.78181818,0.78,0.0018181800000000026,yes_within_0.01,874576c1fffb7673d4a456e587db7c3d53ea7b1b684117fe1826bf4c7db68e48
075,opera-07-075-s.jpg,unknown,,,,075,严颜,过巴州,六分脸,sequence_and_aspect_ratio_candidate_not_accepted,low,unknown,"Archive filename suffix 001-272 forms a bijection with XLS 序号 1-272, so a sequence-only candidate can be listed. However, the filename contains no role or opera text, the exact pixel dimensions differ from the XLS image width/height fields, and this does not prove historical identity. The aspect ratios are broadly compatible with a thumbnail/downsample relationship, which is supporting evidence only. Observed image=90x110; XLS field=367x450; aspect_ratio_delta=0.0026262644444443595; network-expanded same hash=yes.",90,110,367,450,no,0.81818182,0.8155555555555556,0.0026262644444443595,yes_within_0.01,f013152aa3a02e4eaf647564e8b64c8ea6ea4c044641b84d95560aa63ca601bd
076,opera-07-076-s.jpg,unknown,,,,076,沙摩柯,连营寨,花三块瓦脸,sequence_and_aspect_ratio_candidate_not_accepted,low,unknown,"Archive filename suffix 001-272 forms a bijection with XLS 序号 1-272, so a sequence-only candidate can be listed. However, the filename contains no role or opera text, the exact pixel dimensions differ from the XLS image width/height fields, and this does not prove historical identity. The aspect ratios are broadly compatible with a thumbnail/downsample relationship, which is supporting evidence only. Observed image=89x110; XLS field=366x450; aspect_ratio_delta=0.004242423333333356; network-expanded same hash=yes.",89,110,366,450,no,0.80909091,0.8133333333333334,0.004242423333333356,yes_within_0.01,db0a6cfb89b813890d6a8639928c4045ebcb467358db09e4cee007375e900eab
077,opera-07-077-s.jpg,unknown,,,,077,姜维,铁笼山,三块瓦脸,sequence_and_aspect_ratio_candidate_not_accepted,low,unknown,"Archive filename suffix 001-272 forms a bijection with XLS 序号 1-272, so a sequence-only candidate can be listed. However, the filename contains no role or opera text, the exact pixel dimensions differ from the XLS image width/height fields, and this does not prove historical identity. The aspect ratios are broadly compatible with a thumbnail/downsample relationship, which is supporting evidence only. Observed image=88x110; XLS field=361x450; aspect_ratio_delta=0.0022222222222221255; network-expanded same hash=yes.",88,110,361,450,no,0.8,0.8022222222222222,0.0022222222222221255,yes_within_0.01,33e30177fb6e5ef8d3bc787e0985ee80335a01cc264b974c9dbe84678a6d4958
078,opera-07-078-s.jpg,unknown,,,,078,夏侯德,定军山,碎脸,sequence_and_aspect_ratio_candidate_not_accepted,low,unknown,"Archive filename suffix 001-272 forms a bijection with XLS 序号 1-272, so a sequence-only candidate can be listed. However, the filename contains no role or opera text, the exact pixel dimensions differ from the XLS image width/height fields, and this does not prove historical identity. The aspect ratios are broadly compatible with a thumbnail/downsample relationship, which is supporting evidence only. Observed image=88x110; XLS field=358x450; aspect_ratio_delta=0.004444444444444473; network-expanded same hash=yes.",88,110,358,450,no,0.8,0.7955555555555556,0.004444444444444473,yes_within_0.01,afaec35136cd327d295d39a94da8f1bb56d7b59918d1d7ddba6ea0f9546764c8
079,opera-07-079-s.jpg,unknown,,,,079,张苞,连营寨,十字门脸,sequence_and_aspect_ratio_candidate_not_accepted,low,unknown,"Archive filename suffix 001-272 forms a bijection with XLS 序号 1-272, so a sequence-only candidate can be listed. However, the filename contains no role or opera text, the exact pixel dimensions differ from the XLS image width/height fields, and this does not prove historical identity. The aspect ratios are broadly compatible with a thumbnail/downsample relationship, which is supporting evidence only. Observed image=90x110; XLS field=370x450; aspect_ratio_delta=0.004040402222222239; network-expanded same hash=yes.",90,110,370,450,no,0.81818182,0.8222222222222222,0.004040402222222239,yes_within_0.01,ff59fd8e38ac0d56eabd63769680d3a97ad051694fb020d13e0a9e151b4cf6fc
080,opera-07-080-s.jpg,unknown,,,,080,邓艾,坛山谷,三块瓦脸,sequence_and_aspect_ratio_candidate_not_accepted,low,unknown,"Archive filename suffix 001-272 forms a bijection with XLS 序号 1-272, so a sequence-only candidate can be listed. However, the filename contains no role or opera text, the exact pixel dimensions differ from the XLS image width/height fields, and this does not prove historical identity. The aspect ratios are broadly compatible with a thumbnail/downsample relationship, which is supporting evidence only. Observed image=90x110; XLS field=367x450; aspect_ratio_delta=0.0026262644444443595; network-expanded same hash=yes.",90,110,367,450,no,0.81818182,0.8155555555555556,0.0026262644444443595,yes_within_0.01,e3b279a7a8168623da85d7f8382ab248dfeb8be883ce5da0e50c1538c10b7740
081,opera-07-081-s.jpg,unknown,,,,081,孔秀,过五关,三块瓦脸,sequence_and_aspect_ratio_candidate_not_accepted,low,unknown,"Archive filename suffix 001-272 forms a bijection with XLS 序号 1-272, so a sequence-only candidate can be listed. However, the filename contains no role or opera text, the exact pixel dimensions differ from the XLS image width/height fields, and this does not prove historical identity. The aspect ratios are broadly compatible with a thumbnail/downsample relationship, which is supporting evidence only. Observed image=91x110; XLS field=372x450; aspect_ratio_delta=0.0006060633333333509; network-expanded same hash=yes.",91,110,372,450,no,0.82727273,0.8266666666666667,0.0006060633333333509,yes_within_0.01,2617b229a1c4a1f55b829b081a308332ea7c4604c5be1f106ad414bf062b8a3e
082,opera-07-082-s.jpg,unknown,,,,082,秦琪,过五关,歪脸,sequence_and_aspect_ratio_candidate_not_accepted,low,unknown,"Archive filename suffix 001-272 forms a bijection with XLS 序号 1-272, so a sequence-only candidate can be listed. However, the filename contains no role or opera text, the exact pixel dimensions differ from the XLS image width/height fields, and this does not prove historical identity. The aspect ratios are broadly compatible with a thumbnail/downsample relationship, which is supporting evidence only. Observed image=88x110; XLS field=362x450; aspect_ratio_delta=0.004444444444444362; network-expanded same hash=yes.",88,110,362,450,no,0.8,0.8044444444444444,0.004444444444444362,yes_within_0.01,bbd2366e6f90ac221f635167b1f758e9b27a396274aebd347f39613279c1dc7e
083,opera-07-083-s.jpg,unknown,,,,083,司马懿,失街亭,整脸,sequence_and_aspect_ratio_candidate_not_accepted,low,unknown,"Archive filename suffix 001-272 forms a bijection with XLS 序号 1-272, so a sequence-only candidate can be listed. However, the filename contains no role or opera text, the exact pixel dimensions differ from the XLS image width/height fields, and this does not prove historical identity. The aspect ratios are broadly compatible with a thumbnail/downsample relationship, which is supporting evidence only. Observed image=90x110; XLS field=369x450; aspect_ratio_delta=0.0018181800000000026; network-expanded same hash=yes.",90,110,369,450,no,0.81818182,0.82,0.0018181800000000026,yes_within_0.01,ea55ee6365a15ae5ae18382fb6e980e9636a3a1c07cb8fe55629a36a984c2c1b
084,opera-07-084-s.jpg,unknown,,,,084,蒋干,群英会,腰子脸,sequence_and_aspect_ratio_candidate_not_accepted,low,unknown,"Archive filename suffix 001-272 forms a bijection with XLS 序号 1-272, so a sequence-only candidate can be listed. However, the filename contains no role or opera text, the exact pixel dimensions differ from the XLS image width/height fields, and this does not prove historical identity. The aspect ratios are broadly compatible with a thumbnail/downsample relationship, which is supporting evidence only. Observed image=88x110; XLS field=359x450; aspect_ratio_delta=0.0022222222222222365; network-expanded same hash=yes.",88,110,359,450,no,0.8,0.7977777777777778,0.0022222222222222365,yes_within_0.01,e0aefa4a20252f897429d7914d3185139b28a28b3f85fa35398a3170d5b6ba6e
085,opera-08-085-s.jpg,unknown,,,,085,司马师,红逼宫,十字门脸,sequence_and_aspect_ratio_candidate_not_accepted,low,unknown,"Archive filename suffix 001-272 forms a bijection with XLS 序号 1-272, so a sequence-only candidate can be listed. However, the filename contains no role or opera text, the exact pixel dimensions differ from the XLS image width/height fields, and this does not prove historical identity. The aspect ratios are broadly compatible with a thumbnail/downsample relationship, which is supporting evidence only. Observed image=89x110; XLS field=365x450; aspect_ratio_delta=0.0020202011111111196; network-expanded same hash=yes.",89,110,365,450,no,0.80909091,0.8111111111111111,0.0020202011111111196,yes_within_0.01,fc291f16fc0a37ff0b7d9848f9184db3438fd90cdfbee069dd2e5186c09309bc
086,opera-08-086-s.jpg,unknown,,,,086,郭淮,铁笼山,碎脸,sequence_and_aspect_ratio_candidate_not_accepted,low,unknown,"Archive filename suffix 001-272 forms a bijection with XLS 序号 1-272, so a sequence-only candidate can be listed. However, the filename contains no role or opera text, the exact pixel dimensions differ from the XLS image width/height fields, and this does not prove historical identity. The aspect ratios are broadly compatible with a thumbnail/downsample relationship, which is supporting evidence only. Observed image=90x110; XLS field=368x450; aspect_ratio_delta=0.00040404222222212294; network-expanded same hash=yes.",90,110,368,450,no,0.81818182,0.8177777777777778,0.00040404222222212294,yes_within_0.01,74c98f11dff94618bdd7978c3df1312d7405b048ac6cca4eefcab05f525e7943
087,opera-08-087-s.jpg,unknown,,,,087,董卓,凤仪亭,整脸,sequence_and_aspect_ratio_candidate_not_accepted,low,unknown,"Archive filename suffix 001-272 forms a bijection with XLS 序号 1-272, so a sequence-only candidate can be listed. However, the filename contains no role or opera text, the exact pixel dimensions differ from the XLS image width/height fields, and this does not prove historical identity. The aspect ratios are broadly compatible with a thumbnail/downsample relationship, which is supporting evidence only. Observed image=89x110; XLS field=366x450; aspect_ratio_delta=0.004242423333333356; network-expanded same hash=yes.",89,110,366,450,no,0.80909091,0.8133333333333334,0.004242423333333356,yes_within_0.01,f3e9a359282a7b3f58e90ef37e14d868b5f79cd875d2ef6e84cefc377c179e3f
088,opera-08-088-s.jpg,unknown,,,,088,马谡,失街亭,三块瓦脸,sequence_and_aspect_ratio_candidate_not_accepted,low,unknown,"Archive filename suffix 001-272 forms a bijection with XLS 序号 1-272, so a sequence-only candidate can be listed. However, the filename contains no role or opera text, the exact pixel dimensions differ from the XLS image width/height fields, and this does not prove historical identity. The aspect ratios are broadly compatible with a thumbnail/downsample relationship, which is supporting evidence only. Observed image=88x110; XLS field=358x450; aspect_ratio_delta=0.004444444444444473; network-expanded same hash=yes.",88,110,358,450,no,0.8,0.7955555555555556,0.004444444444444473,yes_within_0.01,3ead117fd6cc5c09fd442e13fe16e7f9d823028d301baf39c43c83160a14be0d
089,opera-08-089-s.jpg,unknown,,,,089,郭荣,草桥关,整脸,sequence_and_aspect_ratio_candidate_not_accepted,low,unknown,"Archive filename suffix 001-272 forms a bijection with XLS 序号 1-272, so a sequence-only candidate can be listed. However, the filename contains no role or opera text, the exact pixel dimensions differ from the XLS image width/height fields, and this does not prove historical identity. The aspect ratios are broadly compatible with a thumbnail/downsample relationship, which is supporting evidence only. Observed image=90x110; XLS field=412x502; aspect_ratio_delta=0.0025353114741036853; network-expanded same hash=yes.",90,110,412,502,no,0.81818182,0.8207171314741036,0.0025353114741036853,yes_within_0.01,bd05a21cf10f84933b4532887c249e1e219e197cec8a6245e10b46c1d346307d
090,opera-08-090-s.jpg,unknown,,,,090,王元,取洛阳,元宝脸,sequence_and_aspect_ratio_candidate_not_accepted,low,unknown,"Archive filename suffix 001-272 forms a bijection with XLS 序号 1-272, so a sequence-only candidate can be listed. However, the filename contains no role or opera text, the exact pixel dimensions differ from the XLS image width/height fields, and this does not prove historical identity. The aspect ratios are broadly compatible with a thumbnail/downsample relationship, which is supporting evidence only. Observed image=90x110; XLS field=412x502; aspect_ratio_delta=0.0025353114741036853; network-expanded same hash=yes.",90,110,412,502,no,0.81818182,0.8207171314741036,0.0025353114741036853,yes_within_0.01,9af0b0c033caba6b12b73e508ba7e43368b70c40eb4c5f2cfaf671154972cc18
091,opera-08-091-s.jpg,unknown,,,,091,须贾,赠绨袍,三块瓦脸,sequence_and_aspect_ratio_candidate_not_accepted,low,unknown,"Archive filename suffix 001-272 forms a bijection with XLS 序号 1-272, so a sequence-only candidate can be listed. However, the filename contains no role or opera text, the exact pixel dimensions differ from the XLS image width/height fields, and this does not prove historical identity. The aspect ratios are broadly compatible with a thumbnail/downsample relationship, which is supporting evidence only. Observed image=90x110; XLS field=412x502; aspect_ratio_delta=0.0025353114741036853; network-expanded same hash=yes.",90,110,412,502,no,0.81818182,0.8207171314741036,0.0025353114741036853,yes_within_0.01,547edbb3beafc8228e5a80816cdb06054cb7c9c246a89f9b4b0cefd56297c269
092,opera-08-092-s.jpg,unknown,,,,092,专诸,鱼肠剑,三块瓦脸,sequence_and_aspect_ratio_candidate_not_accepted,low,unknown,"Archive filename suffix 001-272 forms a bijection with XLS 序号 1-272, so a sequence-only candidate can be listed. However, the filename contains no role or opera text, the exact pixel dimensions differ from the XLS image width/height fields, and this does not prove historical identity. The aspect ratios are broadly compatible with a thumbnail/downsample relationship, which is supporting evidence only. Observed image=90x110; XLS field=412x502; aspect_ratio_delta=0.0025353114741036853; network-expanded same hash=yes.",90,110,412,502,no,0.81818182,0.8207171314741036,0.0025353114741036853,yes_within_0.01,b9b7b5e64a22db74951329f1a1cc6e92944e9d8066577d72205a9ef7656370d7
093,opera-08-093-s.jpg,unknown,,,,093,曹操,捉放曹,整脸,sequence_and_aspect_ratio_candidate_not_accepted,low,unknown,"Archive filename suffix 001-272 forms a bijection with XLS 序号 1-272, so a sequence-only candidate can be listed. However, the filename contains no role or opera text, the exact pixel dimensions differ from the XLS image width/height fields, and this does not prove historical identity. The aspect ratios are broadly compatible with a thumbnail/downsample relationship, which is supporting evidence only. Observed image=89x110; XLS field=366x450; aspect_ratio_delta=0.004242423333333356; network-expanded same hash=yes.",89,110,366,450,no,0.80909091,0.8133333333333334,0.004242423333333356,yes_within_0.01,ea7462c4ec067105fba9e7c7fb69f2321d52142e89a5bf632e5f675d331190d9
094,opera-08-094-s.jpg,unknown,,,,094,典韦,战宛城,花三块瓦脸,sequence_and_aspect_ratio_candidate_not_accepted,low,unknown,"Archive filename suffix 001-272 forms a bijection with XLS 序号 1-272, so a sequence-only candidate can be listed. However, the filename contains no role or opera text, the exact pixel dimensions differ from the XLS image width/height fields, and this does not prove historical identity. The aspect ratios are broadly compatible with a thumbnail/downsample relationship, which is supporting evidence only. Observed image=89x110; XLS field=363x450; aspect_ratio_delta=0.0024242433333333535; network-expanded same hash=yes.",89,110,363,450,no,0.80909091,0.8066666666666666,0.0024242433333333535,yes_within_0.01,26b988ee1c5c1479432e256391f70612718a4ceae99dd8c1fb411e99047af746
095,opera-08-095-s.jpg,unknown,,,,095,贾华,甘露寺,白粉脸,sequence_and_aspect_ratio_candidate_not_accepted,low,unknown,"Archive filename suffix 001-272 forms a bijection with XLS 序号 1-272, so a sequence-only candidate can be listed. However, the filename contains no role or opera text, the exact pixel dimensions differ from the XLS image width/height fields, and this does not prove historical identity. The aspect ratios are broadly compatible with a thumbnail/downsample relationship, which is supporting evidence only. Observed image=92x110; XLS field=377x450; aspect_ratio_delta=0.0014141377777777686; network-expanded same hash=yes.",92,110,377,450,no,0.83636364,0.8377777777777777,0.0014141377777777686,yes_within_0.01,e7260838baa52e048b56116cce56dc3de9af956d3be0560bc6cbbaa9c2f82c62
096,opera-08-096-s.jpg,unknown,,,,096,程普,凤凰二乔,三块瓦脸,sequence_and_aspect_ratio_candidate_not_accepted,low,unknown,"Archive filename suffix 001-272 forms a bijection with XLS 序号 1-272, so a sequence-only candidate can be listed. However, the filename contains no role or opera text, the exact pixel dimensions differ from the XLS image width/height fields, and this does not prove historical identity. The aspect ratios are broadly compatible with a thumbnail/downsample relationship, which is supporting evidence only. Observed image=90x110; XLS field=368x450; aspect_ratio_delta=0.00040404222222212294; network-expanded same hash=yes.",90,110,368,450,no,0.81818182,0.8177777777777778,0.00040404222222212294,yes_within_0.01,161588c0f8169117c5afc43563568c2c10e462f3180ebbc0c6cb2e1e95a342f9
097,opera-09-097-s.jpg,unknown,,,,097,尉迟宝林,白良关,十字门脸,sequence_and_aspect_ratio_candidate_not_accepted,low,unknown,"Archive filename suffix 001-272 forms a bijection with XLS 序号 1-272, so a sequence-only candidate can be listed. However, the filename contains no role or opera text, the exact pixel dimensions differ from the XLS image width/height fields, and this does not prove historical identity. The aspect ratios are broadly compatible with a thumbnail/downsample relationship, which is supporting evidence only. Observed image=89x110; XLS field=412x512; aspect_ratio_delta=0.0044034099999999965; network-expanded same hash=yes.",89,110,412,512,no,0.80909091,0.8046875,0.0044034099999999965,yes_within_0.01,bdb3867e2276147461c8b1d5f55fc481a5f4f379605ac5a09eabe11bd9d3b272
098,opera-09-098-s.jpg,unknown,,,,098,程咬金,响马传,碎脸,sequence_and_aspect_ratio_candidate_not_accepted,low,unknown,"Archive filename suffix 001-272 forms a bijection with XLS 序号 1-272, so a sequence-only candidate can be listed. However, the filename contains no role or opera text, the exact pixel dimensions differ from the XLS image width/height fields, and this does not prove historical identity. The aspect ratios are broadly compatible with a thumbnail/downsample relationship, which is supporting evidence only. Observed image=84x110; XLS field=389x512; aspect_ratio_delta=0.003870735000000014; network-expanded same hash=yes.",84,110,389,512,no,0.76363636,0.759765625,0.003870735000000014,yes_within_0.01,7c97c11df08111ad0e35777f273280f29f1c0c23c112957754be663394637b70
099,opera-09-099-s.jpg,unknown,,,,099,单雄信,贾家楼,花三块瓦脸,sequence_and_aspect_ratio_candidate_not_accepted,low,unknown,"Archive filename suffix 001-272 forms a bijection with XLS 序号 1-272, so a sequence-only candidate can be listed. However, the filename contains no role or opera text, the exact pixel dimensions differ from the XLS image width/height fields, and this does not prove historical identity. The aspect ratios are broadly compatible with a thumbnail/downsample relationship, which is supporting evidence only. Observed image=87x110; XLS field=406x512; aspect_ratio_delta=0.0020596600000000187; network-expanded same hash=yes.",87,110,406,512,no,0.79090909,0.79296875,0.0020596600000000187,yes_within_0.01,fba7c7cd9379d30d0405c174904e044c61540f4e13adc64738e36101f37b86e9
100,opera-09-100-s.jpg,unknown,,,,100,尉迟恭,白良关,六分脸,sequence_and_aspect_ratio_candidate_not_accepted,low,unknown,"Archive filename suffix 001-272 forms a bijection with XLS 序号 1-272, so a sequence-only candidate can be listed. However, the filename contains no role or opera text, the exact pixel dimensions differ from the XLS image width/height fields, and this does not prove historical identity. The aspect ratios are broadly compatible with a thumbnail/downsample relationship, which is supporting evidence only. Observed image=87x110; XLS field=407x512; aspect_ratio_delta=0.004012785000000019; network-expanded same hash=yes.",87,110,407,512,no,0.79090909,0.794921875,0.004012785000000019,yes_within_0.01,85a8571566fa16d82a413b9036c821aed4f07ae40f03f4adf5d88fc687cba013
101,opera-09-101-s.jpg,unknown,,,,101,金甲,贾家楼,碎脸,sequence_and_aspect_ratio_candidate_not_accepted,low,unknown,"Archive filename suffix 001-272 forms a bijection with XLS 序号 1-272, so a sequence-only candidate can be listed. However, the filename contains no role or opera text, the exact pixel dimensions differ from the XLS image width/height fields, and this does not prove historical identity. The aspect ratios are broadly compatible with a thumbnail/downsample relationship, which is supporting evidence only. Observed image=88x110; XLS field=409x512; aspect_ratio_delta=0.0011718750000000444; network-expanded same hash=yes.",88,110,409,512,no,0.8,0.798828125,0.0011718750000000444,yes_within_0.01,f22f7439ccbefdbb693459bcd83d163a470b172954f7c1a99c2c922a0b35b6d5
102,opera-09-102-s.jpg,unknown,,,,102,童环,贾家楼,碎脸,sequence_and_aspect_ratio_candidate_not_accepted,low,unknown,"Archive filename suffix 001-272 forms a bijection with XLS 序号 1-272, so a sequence-only candidate can be listed. However, the filename contains no role or opera text, the exact pixel dimensions differ from the XLS image width/height fields, and this does not prove historical identity. The aspect ratios are broadly compatible with a thumbnail/downsample relationship, which is supporting evidence only. Observed image=89x110; XLS field=412x512; aspect_ratio_delta=0.0044034099999999965; network-expanded same hash=yes.",89,110,412,512,no,0.80909091,0.8046875,0.0044034099999999965,yes_within_0.01,1e04a3990e3979de4402d3d50ea6f55e39cca2c4b2c194addf07a7ecbebfec4b
103,opera-09-103-s.jpg,unknown,,,,103,李元霸,晋阳宫,象形脸,sequence_and_aspect_ratio_candidate_not_accepted,low,unknown,"Archive filename suffix 001-272 forms a bijection with XLS 序号 1-272, so a sequence-only candidate can be listed. However, the filename contains no role or opera text, the exact pixel dimensions differ from the XLS image width/height fields, and this does not prove historical identity. The aspect ratios are broadly compatible with a thumbnail/downsample relationship, which is supporting evidence only. Observed image=89x110; XLS field=414x512; aspect_ratio_delta=0.0004971599999999965; network-expanded same hash=yes.",89,110,414,512,no,0.80909091,0.80859375,0.0004971599999999965,yes_within_0.01,770ea8a850f5fdff7455922b5bbaf1a8e2abdc49083179106b84ee4fc627fb72
104,opera-09-104-s.jpg,unknown,,,,104,李密,断密涧,花三块瓦脸,sequence_and_aspect_ratio_candidate_not_accepted,low,unknown,"Archive filename suffix 001-272 forms a bijection with XLS 序号 1-272, so a sequence-only candidate can be listed. However, the filename contains no role or opera text, the exact pixel dimensions differ from the XLS image width/height fields, and this does not prove historical identity. The aspect ratios are broadly compatible with a thumbnail/downsample relationship, which is supporting evidence only. Observed image=86x110; XLS field=400x512; aspect_ratio_delta=0.0005681800000000292; network-expanded same hash=yes.",86,110,400,512,no,0.78181818,0.78125,0.0005681800000000292,yes_within_0.01,d42f1f03f9176641101de9492999b7eb1663ff8c3babb65b1d75da750fd3aeee
105,opera-09-105-s.jpg,unknown,,,,105,宇文成都,晋阳宫,三块瓦脸,sequence_and_aspect_ratio_candidate_not_accepted,low,unknown,"Archive filename suffix 001-272 forms a bijection with XLS 序号 1-272, so a sequence-only candidate can be listed. However, the filename contains no role or opera text, the exact pixel dimensions differ from the XLS image width/height fields, and this does not prove historical identity. The aspect ratios are broadly compatible with a thumbnail/downsample relationship, which is supporting evidence only. Observed image=91x110; XLS field=425x512; aspect_ratio_delta=0.0028053949999999883; network-expanded same hash=yes.",91,110,425,512,no,0.82727273,0.830078125,0.0028053949999999883,yes_within_0.01,47ddea2f582773194682352cda8bb32717008830adbc965ebaf1d9438a804f90
106,opera-09-106-s.jpg,unknown,,,,106,鲍赐安,龙潭镇,三块瓦脸,sequence_and_aspect_ratio_candidate_not_accepted,low,unknown,"Archive filename suffix 001-272 forms a bijection with XLS 序号 1-272, so a sequence-only candidate can be listed. However, the filename contains no role or opera text, the exact pixel dimensions differ from the XLS image width/height fields, and this does not prove historical identity. The aspect ratios are broadly compatible with a thumbnail/downsample relationship, which is supporting evidence only. Observed image=91x110; XLS field=425x512; aspect_ratio_delta=0.0028053949999999883; network-expanded same hash=yes.",91,110,425,512,no,0.82727273,0.830078125,0.0028053949999999883,yes_within_0.01,5727df638da56a32de40f51b4039ab04f6a926a515c42f35ebadedc40b933a8c
107,opera-09-107-s.jpg,unknown,,,,107,黄胖,巴骆和,僧道脸,sequence_and_aspect_ratio_candidate_not_accepted,low,unknown,"Archive filename suffix 001-272 forms a bijection with XLS 序号 1-272, so a sequence-only candidate can be listed. However, the filename contains no role or opera text, the exact pixel dimensions differ from the XLS image width/height fields, and this does not prove historical identity. The aspect ratios are broadly compatible with a thumbnail/downsample relationship, which is supporting evidence only. Observed image=89x110; XLS field=413x512; aspect_ratio_delta=0.0024502849999999965; network-expanded same hash=yes.",89,110,413,512,no,0.80909091,0.806640625,0.0024502849999999965,yes_within_0.01,4d761ae82badc0adf934053b169d6691c7aea4027d673985a3ae8e5cd4297c61
108,opera-09-108-s.jpg,unknown,,,,108,猩猩胆,摩天岭,象形脸,sequence_and_aspect_ratio_candidate_not_accepted,low,unknown,"Archive filename suffix 001-272 forms a bijection with XLS 序号 1-272, so a sequence-only candidate can be listed. However, the filename contains no role or opera text, the exact pixel dimensions differ from the XLS image width/height fields, and this does not prove historical identity. The aspect ratios are broadly compatible with a thumbnail/downsample relationship, which is supporting evidence only. Observed image=89x110; XLS field=413x512; aspect_ratio_delta=0.0024502849999999965; network-expanded same hash=yes.",89,110,413,512,no,0.80909091,0.806640625,0.0024502849999999965,yes_within_0.01,17b42891c809356efa10d6bd18add275b8a56338839edc12ad7161c0a755ff58
109,opera-10-109-s.jpg,unknown,,,,109,盖苏文,汾河湾,花三块瓦脸,sequence_and_aspect_ratio_candidate_not_accepted,low,unknown,"Archive filename suffix 001-272 forms a bijection with XLS 序号 1-272, so a sequence-only candidate can be listed. However, the filename contains no role or opera text, the exact pixel dimensions differ from the XLS image width/height fields, and this does not prove historical identity. The aspect ratios are broadly compatible with a thumbnail/downsample relationship, which is supporting evidence only. Observed image=89x110; XLS field=413x512; aspect_ratio_delta=0.0024502849999999965; network-expanded same hash=yes.",89,110,413,512,no,0.80909091,0.806640625,0.0024502849999999965,yes_within_0.01,c3b4ebca1c858f3b04f18822bfee12d425b3e67844e4bce218a9dc105c3ed8be
110,opera-10-110-s.jpg,unknown,,,,110,巴杰,巴骆和,碎脸,sequence_and_aspect_ratio_candidate_not_accepted,low,unknown,"Archive filename suffix 001-272 forms a bijection with XLS 序号 1-272, so a sequence-only candidate can be listed. However, the filename contains no role or opera text, the exact pixel dimensions differ from the XLS image width/height fields, and this does not prove historical identity. The aspect ratios are broadly compatible with a thumbnail/downsample relationship, which is supporting evidence only. Observed image=89x110; XLS field=413x512; aspect_ratio_delta=0.0024502849999999965; network-expanded same hash=yes.",89,110,413,512,no,0.80909091,0.806640625,0.0024502849999999965,yes_within_0.01,d26bd894d0b16daf0939da7c6a84dee3c516a6cdf174bade6f83b47b8d04c63f
111,opera-10-111-s.jpg,unknown,,,,111,朱温,雅观楼,三块瓦脸,sequence_and_aspect_ratio_candidate_not_accepted,low,unknown,"Archive filename suffix 001-272 forms a bijection with XLS 序号 1-272, so a sequence-only candidate can be listed. However, the filename contains no role or opera text, the exact pixel dimensions differ from the XLS image width/height fields, and this does not prove historical identity. The aspect ratios are broadly compatible with a thumbnail/downsample relationship, which is supporting evidence only. Observed image=90x110; XLS field=419x512; aspect_ratio_delta=0.00017755500000005142; network-expanded same hash=yes.",90,110,419,512,no,0.81818182,0.818359375,0.00017755500000005142,yes_within_0.01,0cf0bf5c77d652075c70c46093597f8df877d8be83e15aedc95be2de29908136
112,opera-10-112-s.jpg,unknown,,,,112,孟觉海,雅观楼,三块瓦脸,sequence_and_aspect_ratio_candidate_not_accepted,low,unknown,"Archive filename suffix 001-272 forms a bijection with XLS 序号 1-272, so a sequence-only candidate can be listed. However, the filename contains no role or opera text, the exact pixel dimensions differ from the XLS image width/height fields, and this does not prove historical identity. The aspect ratios are broadly compatible with a thumbnail/downsample relationship, which is supporting evidence only. Observed image=90x110; XLS field=419x512; aspect_ratio_delta=0.00017755500000005142; network-expanded same hash=yes.",90,110,419,512,no,0.81818182,0.818359375,0.00017755500000005142,yes_within_0.01,da7059de997dff36d3448261a1817db99c454be89cabe45b6dec4f24d80479e1
113,opera-10-113-s.jpg,unknown,,,,113,高旺,牧虎关,十字门脸,sequence_and_aspect_ratio_candidate_not_accepted,low,unknown,"Archive filename suffix 001-272 forms a bijection with XLS 序号 1-272, so a sequence-only candidate can be listed. However, the filename contains no role or opera text, the exact pixel dimensions differ from the XLS image width/height fields, and this does not prove historical identity. The aspect ratios are broadly compatible with a thumbnail/downsample relationship, which is supporting evidence only. Observed image=88x110; XLS field=410x512; aspect_ratio_delta=0.0007812499999999556; network-expanded same hash=yes.",88,110,410,512,no,0.8,0.80078125,0.0007812499999999556,yes_within_0.01,a4f82b57cd820f15f51168105406d80d1b6e59922477acc39d71a68f4e526cee
114,opera-10-114-s.jpg,unknown,,,,114,天庆王,金沙滩,整脸,sequence_and_aspect_ratio_candidate_not_accepted,low,unknown,"Archive filename suffix 001-272 forms a bijection with XLS 序号 1-272, so a sequence-only candidate can be listed. However, the filename contains no role or opera text, the exact pixel dimensions differ from the XLS image width/height fields, and this does not prove historical identity. The aspect ratios are broadly compatible with a thumbnail/downsample relationship, which is supporting evidence only. Observed image=91x110; XLS field=422x512; aspect_ratio_delta=0.0030539800000000117; network-expanded same hash=yes.",91,110,422,512,no,0.82727273,0.82421875,0.0030539800000000117,yes_within_0.01,b5383b20eb034f4730ff39e06be77208863f8a0f7c68cf0d06923ecaba98b24d
115,opera-10-115-s.jpg,unknown,,,,115,韩昌,雁门关,碎脸,sequence_and_aspect_ratio_candidate_not_accepted,low,unknown,"Archive filename suffix 001-272 forms a bijection with XLS 序号 1-272, so a sequence-only candidate can be listed. However, the filename contains no role or opera text, the exact pixel dimensions differ from the XLS image width/height fields, and this does not prove historical identity. The aspect ratios are broadly compatible with a thumbnail/downsample relationship, which is supporting evidence only. Observed image=89x110; XLS field=414x512; aspect_ratio_delta=0.0004971599999999965; network-expanded same hash=yes.",89,110,414,512,no,0.80909091,0.80859375,0.0004971599999999965,yes_within_0.01,6d5479e10726d567971305b82c2e1cac8b3e7cdb80fab5c28b0efc43b911bd9c
116,opera-10-116-s.jpg,unknown,,,,116,白天佐,破洪州,花三块瓦脸,sequence_and_aspect_ratio_candidate_not_accepted,low,unknown,"Archive filename suffix 001-272 forms a bijection with XLS 序号 1-272, so a sequence-only candidate can be listed. However, the filename contains no role or opera text, the exact pixel dimensions differ from the XLS image width/height fields, and this does not prove historical identity. The aspect ratios are broadly compatible with a thumbnail/downsample relationship, which is supporting evidence only. Observed image=89x110; XLS field=415x512; aspect_ratio_delta=0.0014559650000000035; network-expanded same hash=yes.",89,110,415,512,no,0.80909091,0.810546875,0.0014559650000000035,yes_within_0.01,2f8febbb36850ba8e23ef13d35af3d8182025bf81e6ad7f16cbfe6f3edffd7d7
117,opera-10-117-s.jpg,unknown,,,,117,孟良,洪羊洞,十字门脸,sequence_and_aspect_ratio_candidate_not_accepted,low,unknown,"Archive filename suffix 001-272 forms a bijection with XLS 序号 1-272, so a sequence-only candidate can be listed. However, the filename contains no role or opera text, the exact pixel dimensions differ from the XLS image width/height fields, and this does not prove historical identity. The aspect ratios are broadly compatible with a thumbnail/downsample relationship, which is supporting evidence only. Observed image=89x110; XLS field=413x512; aspect_ratio_delta=0.0024502849999999965; network-expanded same hash=yes.",89,110,413,512,no,0.80909091,0.806640625,0.0024502849999999965,yes_within_0.01,aeef230a2c6bae0f029c11c648badfa0db8f77559311ebc7f641c57f226fdec1
118,opera-10-118-s.jpg,unknown,,,,118,焦赞,三岔口,十字门脸,sequence_and_aspect_ratio_candidate_not_accepted,low,unknown,"Archive filename suffix 001-272 forms a bijection with XLS 序号 1-272, so a sequence-only candidate can be listed. However, the filename contains no role or opera text, the exact pixel dimensions differ from the XLS image width/height fields, and this does not prove historical identity. The aspect ratios are broadly compatible with a thumbnail/downsample relationship, which is supporting evidence only. Observed image=90x110; XLS field=408x496; aspect_ratio_delta=0.0043988251612904206; network-expanded same hash=yes.",90,110,408,496,no,0.81818182,0.8225806451612904,0.0043988251612904206,yes_within_0.01,d79f7df0f342fd020aceaf67f50f7efddff338f930117f231d5e4b56777f24e6
119,opera-10-119-s.jpg,unknown,,,,119,杨延德,五台山,僧道脸,sequence_and_aspect_ratio_candidate_not_accepted,low,unknown,"Archive filename suffix 001-272 forms a bijection with XLS 序号 1-272, so a sequence-only candidate can be listed. However, the filename contains no role or opera text, the exact pixel dimensions differ from the XLS image width/height fields, and this does not prove historical identity. The aspect ratios are broadly compatible with a thumbnail/downsample relationship, which is supporting evidence only. Observed image=90x110; XLS field=420x512; aspect_ratio_delta=0.0021306800000000514; network-expanded same hash=yes.",90,110,420,512,no,0.81818182,0.8203125,0.0021306800000000514,yes_within_0.01,cf9fbeedd92c222852294ba5008a4ccff3b9a54560835a076f6de1c821f5919b
120,opera-10-120-s.jpg,unknown,,,,120,杨延嗣,金沙滩,碎脸,sequence_and_aspect_ratio_candidate_not_accepted,low,unknown,"Archive filename suffix 001-272 forms a bijection with XLS 序号 1-272, so a sequence-only candidate can be listed. However, the filename contains no role or opera text, the exact pixel dimensions differ from the XLS image width/height fields, and this does not prove historical identity. The aspect ratios are broadly compatible with a thumbnail/downsample relationship, which is supporting evidence only. Observed image=90x110; XLS field=419x512; aspect_ratio_delta=0.00017755500000005142; network-expanded same hash=yes.",90,110,419,512,no,0.81818182,0.818359375,0.00017755500000005142,yes_within_0.01,58087fabb6b56c35de63673d6e7b6f3f2e14c6206222afa8c085bbb62f878d9d
121,opera-11-121-s.jpg,unknown,,,,121,杨林,车轮战,三块瓦脸,sequence_and_aspect_ratio_candidate_not_accepted,low,unknown,"Archive filename suffix 001-272 forms a bijection with XLS 序号 1-272, so a sequence-only candidate can be listed. However, the filename contains no role or opera text, the exact pixel dimensions differ from the XLS image width/height fields, and this does not prove historical identity. The aspect ratios are broadly compatible with a thumbnail/downsample relationship, which is supporting evidence only. Observed image=83x110; XLS field=386x512; aspect_ratio_delta=0.0006391999999999509; network-expanded same hash=yes.",83,110,386,512,no,0.75454545,0.75390625,0.0006391999999999509,yes_within_0.01,2ededfdf3ca19229f29fcb6beee24c92196ca394fc4fd0b0a49ac99fe952c27b
122,opera-11-122-s.jpg,unknown,,,,122,辛文礼,霓虹关,碎脸,sequence_and_aspect_ratio_candidate_not_accepted,low,unknown,"Archive filename suffix 001-272 forms a bijection with XLS 序号 1-272, so a sequence-only candidate can be listed. However, the filename contains no role or opera text, the exact pixel dimensions differ from the XLS image width/height fields, and this does not prove historical identity. The aspect ratios are broadly compatible with a thumbnail/downsample relationship, which is supporting evidence only. Observed image=90x110; XLS field=417x512; aspect_ratio_delta=0.0037286949999999486; network-expanded same hash=yes.",90,110,417,512,no,0.81818182,0.814453125,0.0037286949999999486,yes_within_0.01,d7986c877e6567064db3f0c67efcc32e30b4cf7d9fc7df0091e00cf345f9c378
123,opera-11-123-s.jpg,unknown,,,,123,李克用,珠帘寨,六分脸,sequence_and_aspect_ratio_candidate_not_accepted,low,unknown,"Archive filename suffix 001-272 forms a bijection with XLS 序号 1-272, so a sequence-only candidate can be listed. However, the filename contains no role or opera text, the exact pixel dimensions differ from the XLS image width/height fields, and this does not prove historical identity. The aspect ratios are broadly compatible with a thumbnail/downsample relationship, which is supporting evidence only. Observed image=90x110; XLS field=419x512; aspect_ratio_delta=0.00017755500000005142; network-expanded same hash=yes.",90,110,419,512,no,0.81818182,0.818359375,0.00017755500000005142,yes_within_0.01,c7630fd29a15e134eec5c7d0cf1bfa8f4be42f6f361312ba553e5b4b915696f4
124,opera-11-124-s.jpg,unknown,,,,124,胡里,巴骆和,,sequence_and_aspect_ratio_candidate_not_accepted,low,unknown,"Archive filename suffix 001-272 forms a bijection with XLS 序号 1-272, so a sequence-only candidate can be listed. However, the filename contains no role or opera text, the exact pixel dimensions differ from the XLS image width/height fields, and this does not prove historical identity. The aspect ratios are broadly compatible with a thumbnail/downsample relationship, which is supporting evidence only. Observed image=90x110; XLS field=419x512; aspect_ratio_delta=0.00017755500000005142; network-expanded same hash=yes.",90,110,419,512,no,0.81818182,0.818359375,0.00017755500000005142,yes_within_0.01,fc7eccd1468168f698ee35039e9a583b2c67961d3bb493c1f520c551a8e083c4
125,opera-11-125-s.jpg,unknown,,,,125,巴若里,状元媒,碎脸,sequence_and_aspect_ratio_candidate_not_accepted,low,unknown,"Archive filename suffix 001-272 forms a bijection with XLS 序号 1-272, so a sequence-only candidate can be listed. However, the filename contains no role or opera text, the exact pixel dimensions differ from the XLS image width/height fields, and this does not prove historical identity. The aspect ratios are broadly compatible with a thumbnail/downsample relationship, which is supporting evidence only. Observed image=90x110; XLS field=420x512; aspect_ratio_delta=0.0021306800000000514; network-expanded same hash=yes.",90,110,420,512,no,0.81818182,0.8203125,0.0021306800000000514,yes_within_0.01,0d385c9ffc5a1a42e7007ff9739fdce87916f5a5811c92e828eb76cac6d44ba6
126,opera-11-126-s.jpg,unknown,,,,126,傅龙,状元媒,六分脸,sequence_and_aspect_ratio_candidate_not_accepted,low,unknown,"Archive filename suffix 001-272 forms a bijection with XLS 序号 1-272, so a sequence-only candidate can be listed. However, the filename contains no role or opera text, the exact pixel dimensions differ from the XLS image width/height fields, and this does not prove historical identity. The aspect ratios are broadly compatible with a thumbnail/downsample relationship, which is supporting evidence only. Observed image=87x110; XLS field=406x512; aspect_ratio_delta=0.0020596600000000187; network-expanded same hash=yes.",87,110,406,512,no,0.79090909,0.79296875,0.0020596600000000187,yes_within_0.01,dee77b7405f8fcaadce36ce107b0c2fbdee698dd805b15c6fdd0ce6e79775e79
127,opera-11-127-s.jpg,unknown,,,,127,潘洪,清官册,整脸,sequence_and_aspect_ratio_candidate_not_accepted,low,unknown,"Archive filename suffix 001-272 forms a bijection with XLS 序号 1-272, so a sequence-only candidate can be listed. However, the filename contains no role or opera text, the exact pixel dimensions differ from the XLS image width/height fields, and this does not prove historical identity. The aspect ratios are broadly compatible with a thumbnail/downsample relationship, which is supporting evidence only. Observed image=123x150; XLS field=412x502; aspect_ratio_delta=0.0007171314741036827; network-expanded same hash=yes.",123,150,412,502,no,0.82,0.8207171314741036,0.0007171314741036827,yes_within_0.01,9cf4d95bcab59a7a637ce66a4c2124062f6c9df13aef6e03c27d1a0ab7e0393c
128,opera-11-128-s.jpg,unknown,,,,128,陶洪,打瓜园,角筝形脸,sequence_and_aspect_ratio_candidate_not_accepted,low,unknown,"Archive filename suffix 001-272 forms a bijection with XLS 序号 1-272, so a sequence-only candidate can be listed. However, the filename contains no role or opera text, the exact pixel dimensions differ from the XLS image width/height fields, and this does not prove historical identity. The aspect ratios are broadly compatible with a thumbnail/downsample relationship, which is supporting evidence only. Observed image=123x150; XLS field=412x502; aspect_ratio_delta=0.0007171314741036827; network-expanded same hash=yes.",123,150,412,502,no,0.82,0.8207171314741036,0.0007171314741036827,yes_within_0.01,0247ea7b198d3c455f247b741a46954b4e36a90997db3e0b78e2c853af3060fb
129,opera-11-129-s.jpg,unknown,,,,129,包拯,铡美案,整脸,sequence_and_aspect_ratio_candidate_not_accepted,low,unknown,"Archive filename suffix 001-272 forms a bijection with XLS 序号 1-272, so a sequence-only candidate can be listed. However, the filename contains no role or opera text, the exact pixel dimensions differ from the XLS image width/height fields, and this does not prove historical identity. The aspect ratios are broadly compatible with a thumbnail/downsample relationship, which is supporting evidence only. Observed image=123x150; XLS field=412x502; aspect_ratio_delta=0.0007171314741036827; network-expanded same hash=yes.",123,150,412,502,no,0.82,0.8207171314741036,0.0007171314741036827,yes_within_0.01,f7971d5583ab9fdb8d86daca2e4cd5933b4e7d30c0f6abb5e1d01fa29dfb63f7
130,opera-11-130-s.jpg,unknown,,,,130,赵虎,铡美案,碎脸,sequence_and_aspect_ratio_candidate_not_accepted,low,unknown,"Archive filename suffix 001-272 forms a bijection with XLS 序号 1-272, so a sequence-only candidate can be listed. However, the filename contains no role or opera text, the exact pixel dimensions differ from the XLS image width/height fields, and this does not prove historical identity. The aspect ratios are broadly compatible with a thumbnail/downsample relationship, which is supporting evidence only. Observed image=123x150; XLS field=412x502; aspect_ratio_delta=0.0007171314741036827; network-expanded same hash=yes.",123,150,412,502,no,0.82,0.8207171314741036,0.0007171314741036827,yes_within_0.01,641c9a427154e1b3631b8c4bebf0f0968a1aa9fc57c0b23c9bdae4a362dbed0b
131,opera-11-131-s.jpg,unknown,,,,131,王朝,铡美案,三块瓦脸,sequence_and_aspect_ratio_candidate_not_accepted,low,unknown,"Archive filename suffix 001-272 forms a bijection with XLS 序号 1-272, so a sequence-only candidate can be listed. However, the filename contains no role or opera text, the exact pixel dimensions differ from the XLS image width/height fields, and this does not prove historical identity. The aspect ratios are broadly compatible with a thumbnail/downsample relationship, which is supporting evidence only. Observed image=123x150; XLS field=412x502; aspect_ratio_delta=0.0007171314741036827; network-expanded same hash=yes.",123,150,412,502,no,0.82,0.8207171314741036,0.0007171314741036827,yes_within_0.01,d0b4a2b895b9803b06d8c8672b693c98f2d93856b1d3ab13e92f8e92f224a2cc
132,opera-11-132-s.jpg,unknown,,,,132,马汉,铡美案,元宝脸,sequence_and_aspect_ratio_candidate_not_accepted,low,unknown,"Archive filename suffix 001-272 forms a bijection with XLS 序号 1-272, so a sequence-only candidate can be listed. However, the filename contains no role or opera text, the exact pixel dimensions differ from the XLS image width/height fields, and this does not prove historical identity. The aspect ratios are broadly compatible with a thumbnail/downsample relationship, which is supporting evidence only. Observed image=123x150; XLS field=412x502; aspect_ratio_delta=0.0007171314741036827; network-expanded same hash=yes.",123,150,412,502,no,0.82,0.8207171314741036,0.0007171314741036827,yes_within_0.01,c4f39ff56dcdbd3aebbd78109b1fee28f2bf35e383ddcfd83cda78ac543e961e
133,opera-12-133-s.jpg,unknown,,,,133,张天龙,双沙河,象形脸,sequence_and_aspect_ratio_candidate_not_accepted,low,unknown,"Archive filename suffix 001-272 forms a bijection with XLS 序号 1-272, so a sequence-only candidate can be listed. However, the filename contains no role or opera text, the exact pixel dimensions differ from the XLS image width/height fields, and this does not prove historical identity. The aspect ratios are broadly compatible with a thumbnail/downsample relationship, which is supporting evidence only. Observed image=123x150; XLS field=412x502; aspect_ratio_delta=0.0007171314741036827; network-expanded same hash=yes.",123,150,412,502,no,0.82,0.8207171314741036,0.0007171314741036827,yes_within_0.01,7a708dafd4e893e93736c781d8835a0716e459d1051295c3f73da76aee6592e8
134,opera-12-134-s.jpg,unknown,,,,134,书童,盗银瓶,,sequence_and_aspect_ratio_candidate_not_accepted,low,unknown,"Archive filename suffix 001-272 forms a bijection with XLS 序号 1-272, so a sequence-only candidate can be listed. However, the filename contains no role or opera text, the exact pixel dimensions differ from the XLS image width/height fields, and this does not prove historical identity. The aspect ratios are broadly compatible with a thumbnail/downsample relationship, which is supporting evidence only. Observed image=123x150; XLS field=412x502; aspect_ratio_delta=0.0007171314741036827; network-expanded same hash=yes.",123,150,412,502,no,0.82,0.8207171314741036,0.0007171314741036827,yes_within_0.01,7fbe6910cca88505b8de05cdff5c1040db24d745ebba1fab7ead1f71d6ab3484
135,opera-12-135-s.jpg,unknown,,,,135,呼延庆,呼延庆打擂,碎脸,sequence_and_aspect_ratio_candidate_not_accepted,low,unknown,"Archive filename suffix 001-272 forms a bijection with XLS 序号 1-272, so a sequence-only candidate can be listed. However, the filename contains no role or opera text, the exact pixel dimensions differ from the XLS image width/height fields, and this does not prove historical identity. The aspect ratios are broadly compatible with a thumbnail/downsample relationship, which is supporting evidence only. Observed image=123x150; XLS field=412x502; aspect_ratio_delta=0.0007171314741036827; network-expanded same hash=yes.",123,150,412,502,no,0.82,0.8207171314741036,0.0007171314741036827,yes_within_0.01,f340946b8663ec2d49fa95c85fbb49a468c286a72ae4acf5d113cc1008d69269
136,opera-12-136-s.jpg,unknown,,,,136,王文,杨家女将,三块瓦脸,sequence_and_aspect_ratio_candidate_not_accepted,low,unknown,"Archive filename suffix 001-272 forms a bijection with XLS 序号 1-272, so a sequence-only candidate can be listed. However, the filename contains no role or opera text, the exact pixel dimensions differ from the XLS image width/height fields, and this does not prove historical identity. The aspect ratios are broadly compatible with a thumbnail/downsample relationship, which is supporting evidence only. Observed image=123x150; XLS field=412x502; aspect_ratio_delta=0.0007171314741036827; network-expanded same hash=yes.",123,150,412,502,no,0.82,0.8207171314741036,0.0007171314741036827,yes_within_0.01,b08c8a586fa0a70fe73c88fdd1c2d2cf5dbf9dfa9a7ff089382989c0238836ab
137,opera-12-137-s.jpg,unknown,,,,137,韩彰,花蝴蝶,三块瓦脸,sequence_and_aspect_ratio_candidate_not_accepted,low,unknown,"Archive filename suffix 001-272 forms a bijection with XLS 序号 1-272, so a sequence-only candidate can be listed. However, the filename contains no role or opera text, the exact pixel dimensions differ from the XLS image width/height fields, and this does not prove historical identity. The aspect ratios are broadly compatible with a thumbnail/downsample relationship, which is supporting evidence only. Observed image=123x151; XLS field=412x503; aspect_ratio_delta=0.0045159470775347765; network-expanded same hash=yes.",123,151,412,503,no,0.81456954,0.8190854870775348,0.0045159470775347765,yes_within_0.01,7e152a93c32626992e453b525b89fe021c3086b66217d5bab0990a170ff1f3ab
138,opera-12-138-s.jpg,unknown,,,,138,徐庆,花蝴蝶,碎脸,sequence_and_aspect_ratio_candidate_not_accepted,low,unknown,"Archive filename suffix 001-272 forms a bijection with XLS 序号 1-272, so a sequence-only candidate can be listed. However, the filename contains no role or opera text, the exact pixel dimensions differ from the XLS image width/height fields, and this does not prove historical identity. The aspect ratios are broadly compatible with a thumbnail/downsample relationship, which is supporting evidence only. Observed image=123x150; XLS field=412x502; aspect_ratio_delta=0.0007171314741036827; network-expanded same hash=yes.",123,150,412,502,no,0.82,0.8207171314741036,0.0007171314741036827,yes_within_0.01,c219e0540b74638446ad4cd66e5c512d088b9892a537b6243d88b7e432ea6a7e
139,opera-12-139-s.jpg,unknown,,,,139,卢方,花蝴蝶,三块瓦脸,sequence_and_aspect_ratio_candidate_not_accepted,low,unknown,"Archive filename suffix 001-272 forms a bijection with XLS 序号 1-272, so a sequence-only candidate can be listed. However, the filename contains no role or opera text, the exact pixel dimensions differ from the XLS image width/height fields, and this does not prove historical identity. The aspect ratios are broadly compatible with a thumbnail/downsample relationship, which is supporting evidence only. Observed image=123x150; XLS field=412x502; aspect_ratio_delta=0.0007171314741036827; network-expanded same hash=yes.",123,150,412,502,no,0.82,0.8207171314741036,0.0007171314741036827,yes_within_0.01,8e9170db33a4a54ccda00eff9eef59f0f1b15f8d993ed37dcad88bf9dc2c8774
140,opera-12-140-s.jpg,unknown,,,,140,蒋平,蒋平捞印,,sequence_and_aspect_ratio_candidate_not_accepted,low,unknown,"Archive filename suffix 001-272 forms a bijection with XLS 序号 1-272, so a sequence-only candidate can be listed. However, the filename contains no role or opera text, the exact pixel dimensions differ from the XLS image width/height fields, and this does not prove historical identity. The aspect ratios are broadly compatible with a thumbnail/downsample relationship, which is supporting evidence only. Observed image=123x150; XLS field=412x502; aspect_ratio_delta=0.0007171314741036827; network-expanded same hash=yes.",123,150,412,502,no,0.82,0.8207171314741036,0.0007171314741036827,yes_within_0.01,8cee4d7a3f48e771d6d5b800bd667036f1fd9e073ec43b3ffdb0a471bbcf32a3
141,opera-12-141-s.jpg,unknown,,,,141,公孙胜,黄泥岗,三块瓦脸,sequence_and_aspect_ratio_candidate_not_accepted,low,unknown,"Archive filename suffix 001-272 forms a bijection with XLS 序号 1-272, so a sequence-only candidate can be listed. However, the filename contains no role or opera text, the exact pixel dimensions differ from the XLS image width/height fields, and this does not prove historical identity. The aspect ratios are broadly compatible with a thumbnail/downsample relationship, which is supporting evidence only. Observed image=123x150; XLS field=412x502; aspect_ratio_delta=0.0007171314741036827; network-expanded same hash=yes.",123,150,412,502,no,0.82,0.8207171314741036,0.0007171314741036827,yes_within_0.01,d8ca3f88cbb747f23da96bcc19152ae26acebf743f26a1ee39d32e1fdd7614ff
142,opera-12-142-s.jpg,unknown,,,,142,刘唐,浔阳楼,十字门脸,sequence_and_aspect_ratio_candidate_not_accepted,low,unknown,"Archive filename suffix 001-272 forms a bijection with XLS 序号 1-272, so a sequence-only candidate can be listed. However, the filename contains no role or opera text, the exact pixel dimensions differ from the XLS image width/height fields, and this does not prove historical identity. The aspect ratios are broadly compatible with a thumbnail/downsample relationship, which is supporting evidence only. Observed image=123x150; XLS field=412x502; aspect_ratio_delta=0.0007171314741036827; network-expanded same hash=yes.",123,150,412,502,no,0.82,0.8207171314741036,0.0007171314741036827,yes_within_0.01,39f9aa4b459699b3de4cbf7e68cbf847e0e770164dc9ad58bdd81aafd28f142c
143,opera-12-143-s.jpg,unknown,,,,143,晁盖,浔阳楼,三块瓦脸,sequence_and_aspect_ratio_candidate_not_accepted,low,unknown,"Archive filename suffix 001-272 forms a bijection with XLS 序号 1-272, so a sequence-only candidate can be listed. However, the filename contains no role or opera text, the exact pixel dimensions differ from the XLS image width/height fields, and this does not prove historical identity. The aspect ratios are broadly compatible with a thumbnail/downsample relationship, which is supporting evidence only. Observed image=123x150; XLS field=412x502; aspect_ratio_delta=0.0007171314741036827; network-expanded same hash=yes.",123,150,412,502,no,0.82,0.8207171314741036,0.0007171314741036827,yes_within_0.01,2786191a41db6c4682ab11850d419ec54d8dfcbf5679506e4d1fbf3378a2ffac
144,opera-12-144-s.jpg,unknown,,,,144,鲁智深,野猪林,僧道脸,sequence_and_aspect_ratio_candidate_not_accepted,low,unknown,"Archive filename suffix 001-272 forms a bijection with XLS 序号 1-272, so a sequence-only candidate can be listed. However, the filename contains no role or opera text, the exact pixel dimensions differ from the XLS image width/height fields, and this does not prove historical identity. The aspect ratios are broadly compatible with a thumbnail/downsample relationship, which is supporting evidence only. Observed image=123x150; XLS field=412x502; aspect_ratio_delta=0.0007171314741036827; network-expanded same hash=yes.",123,150,412,502,no,0.82,0.8207171314741036,0.0007171314741036827,yes_within_0.01,bc8ff070ab312c74a9b6548a8e19d0c6594423e4997a252824d5f84c14160b30
145,opera-13-145-s.jpg,unknown,,,,145,李逵,清风寨,花三块瓦脸,sequence_and_aspect_ratio_candidate_not_accepted,low,unknown,"Archive filename suffix 001-272 forms a bijection with XLS 序号 1-272, so a sequence-only candidate can be listed. However, the filename contains no role or opera text, the exact pixel dimensions differ from the XLS image width/height fields, and this does not prove historical identity. The aspect ratios are broadly compatible with a thumbnail/downsample relationship, which is supporting evidence only. Observed image=123x150; XLS field=412x503; aspect_ratio_delta=0.0009145129224651383; network-expanded same hash=yes.",123,150,412,503,no,0.82,0.8190854870775348,0.0009145129224651383,yes_within_0.01,3941e6921eaf51c34efeb21d9b9aad717064413a0374e413f0f44f349799be6d
146,opera-13-146-s.jpg,unknown,,,,146,杨志,黄泥岗,碎脸,sequence_and_aspect_ratio_candidate_not_accepted,low,unknown,"Archive filename suffix 001-272 forms a bijection with XLS 序号 1-272, so a sequence-only candidate can be listed. However, the filename contains no role or opera text, the exact pixel dimensions differ from the XLS image width/height fields, and this does not prove historical identity. The aspect ratios are broadly compatible with a thumbnail/downsample relationship, which is supporting evidence only. Observed image=123x150; XLS field=412x502; aspect_ratio_delta=0.0007171314741036827; network-expanded same hash=yes.",123,150,412,502,no,0.82,0.8207171314741036,0.0007171314741036827,yes_within_0.01,0cbf11e065ec9e384ab14ebd25ef46dc791386aba72bbb5eab8dda8a7dbced1e
147,opera-13-147-s.jpg,unknown,,,,147,白胜,黄泥岗,,sequence_and_aspect_ratio_candidate_not_accepted,low,unknown,"Archive filename suffix 001-272 forms a bijection with XLS 序号 1-272, so a sequence-only candidate can be listed. However, the filename contains no role or opera text, the exact pixel dimensions differ from the XLS image width/height fields, and this does not prove historical identity. The aspect ratios are broadly compatible with a thumbnail/downsample relationship, which is supporting evidence only. Observed image=123x150; XLS field=412x502; aspect_ratio_delta=0.0007171314741036827; network-expanded same hash=yes.",123,150,412,502,no,0.82,0.8207171314741036,0.0007171314741036827,yes_within_0.01,363fbda12852d71b2a201a409272bc0ecc9544865bb42754d11dc4a590fd0293
148,opera-13-148-s.jpg,unknown,,,,148,王英,神州擂,碎脸,sequence_and_aspect_ratio_candidate_not_accepted,low,unknown,"Archive filename suffix 001-272 forms a bijection with XLS 序号 1-272, so a sequence-only candidate can be listed. However, the filename contains no role or opera text, the exact pixel dimensions differ from the XLS image width/height fields, and this does not prove historical identity. The aspect ratios are broadly compatible with a thumbnail/downsample relationship, which is supporting evidence only. Observed image=123x150; XLS field=412x502; aspect_ratio_delta=0.0007171314741036827; network-expanded same hash=yes.",123,150,412,502,no,0.82,0.8207171314741036,0.0007171314741036827,yes_within_0.01,7ceb12cce50ddc87d9deb9f173595a5af62d03643f72236988753c7e5f72e95d
149,opera-13-149-s.jpg,unknown,,,,149,宣赞,收关胜,碎脸,sequence_and_aspect_ratio_candidate_not_accepted,low,unknown,"Archive filename suffix 001-272 forms a bijection with XLS 序号 1-272, so a sequence-only candidate can be listed. However, the filename contains no role or opera text, the exact pixel dimensions differ from the XLS image width/height fields, and this does not prove historical identity. The aspect ratios are broadly compatible with a thumbnail/downsample relationship, which is supporting evidence only. Observed image=123x150; XLS field=412x502; aspect_ratio_delta=0.0007171314741036827; network-expanded same hash=yes.",123,150,412,502,no,0.82,0.8207171314741036,0.0007171314741036827,yes_within_0.01,8e9429f841ac41f531169aefb77610c0e7e42e1d6916c58d7f94845843f2c040
150,opera-13-150-s.jpg,unknown,,,,150,呼延灼,青州府,碎脸,sequence_and_aspect_ratio_candidate_not_accepted,low,unknown,"Archive filename suffix 001-272 forms a bijection with XLS 序号 1-272, so a sequence-only candidate can be listed. However, the filename contains no role or opera text, the exact pixel dimensions differ from the XLS image width/height fields, and this does not prove historical identity. The aspect ratios are broadly compatible with a thumbnail/downsample relationship, which is supporting evidence only. Observed image=123x150; XLS field=412x502; aspect_ratio_delta=0.0007171314741036827; network-expanded same hash=yes.",123,150,412,502,no,0.82,0.8207171314741036,0.0007171314741036827,yes_within_0.01,e630a231b11f32e569378e8ba0a7178e8b1a5cc36216c5b013bbad0e9e6e22ec
151,opera-13-151-s.jpg,unknown,,,,151,秦明,青州府,碎脸,sequence_and_aspect_ratio_candidate_not_accepted,low,unknown,"Archive filename suffix 001-272 forms a bijection with XLS 序号 1-272, so a sequence-only candidate can be listed. However, the filename contains no role or opera text, the exact pixel dimensions differ from the XLS image width/height fields, and this does not prove historical identity. The aspect ratios are broadly compatible with a thumbnail/downsample relationship, which is supporting evidence only. Observed image=123x150; XLS field=412x502; aspect_ratio_delta=0.0007171314741036827; network-expanded same hash=yes.",123,150,412,502,no,0.82,0.8207171314741036,0.0007171314741036827,yes_within_0.01,52411277150b5451f608832552777af43237041e44b5b5ff94bcf010f5bad2b5
152,opera-13-152-s.jpg,unknown,,,,152,索超,收关胜,三块瓦脸,sequence_and_aspect_ratio_candidate_not_accepted,low,unknown,"Archive filename suffix 001-272 forms a bijection with XLS 序号 1-272, so a sequence-only candidate can be listed. However, the filename contains no role or opera text, the exact pixel dimensions differ from the XLS image width/height fields, and this does not prove historical identity. The aspect ratios are broadly compatible with a thumbnail/downsample relationship, which is supporting evidence only. Observed image=123x150; XLS field=412x502; aspect_ratio_delta=0.0007171314741036827; network-expanded same hash=yes.",123,150,412,502,no,0.82,0.8207171314741036,0.0007171314741036827,yes_within_0.01,399a108fa88cbd22119b6611df03f328ca001a7364af992f2698eaa122d6e0ea
153,opera-13-153-s.jpg,unknown,,,,153,周通,花田错,碎脸,sequence_and_aspect_ratio_candidate_not_accepted,low,unknown,"Archive filename suffix 001-272 forms a bijection with XLS 序号 1-272, so a sequence-only candidate can be listed. However, the filename contains no role or opera text, the exact pixel dimensions differ from the XLS image width/height fields, and this does not prove historical identity. The aspect ratios are broadly compatible with a thumbnail/downsample relationship, which is supporting evidence only. Observed image=123x150; XLS field=412x502; aspect_ratio_delta=0.0007171314741036827; network-expanded same hash=yes.",123,150,412,502,no,0.82,0.8207171314741036,0.0007171314741036827,yes_within_0.01,c5ca48c31108e75d54c626fcda42ef2b67b517eaf2d037cd2aee2e32be05fedd
154,opera-13-154-s.jpg,unknown,,,,154,关胜,收关胜,三块瓦脸,sequence_and_aspect_ratio_candidate_not_accepted,low,unknown,"Archive filename suffix 001-272 forms a bijection with XLS 序号 1-272, so a sequence-only candidate can be listed. However, the filename contains no role or opera text, the exact pixel dimensions differ from the XLS image width/height fields, and this does not prove historical identity. The aspect ratios are broadly compatible with a thumbnail/downsample relationship, which is supporting evidence only. Observed image=123x150; XLS field=412x502; aspect_ratio_delta=0.0007171314741036827; network-expanded same hash=yes.",123,150,412,502,no,0.82,0.8207171314741036,0.0007171314741036827,yes_within_0.01,bb3b9c6413bb4d333f7c8d2f0a54ff29848ae651176a3ff1d44beab10c43d462
155,opera-13-155-s.jpg,unknown,,,,155,汤隆,雁翎甲,碎脸,sequence_and_aspect_ratio_candidate_not_accepted,low,unknown,"Archive filename suffix 001-272 forms a bijection with XLS 序号 1-272, so a sequence-only candidate can be listed. However, the filename contains no role or opera text, the exact pixel dimensions differ from the XLS image width/height fields, and this does not prove historical identity. The aspect ratios are broadly compatible with a thumbnail/downsample relationship, which is supporting evidence only. Observed image=123x150; XLS field=412x502; aspect_ratio_delta=0.0007171314741036827; network-expanded same hash=yes.",123,150,412,502,no,0.82,0.8207171314741036,0.0007171314741036827,yes_within_0.01,83717b6c72caa94159cffb2f244ef0c62a0f3d88d15b646a553e1e105676a964
156,opera-13-156-s.jpg,unknown,,,,156,杨林,石秀探庄,三块瓦脸,sequence_and_aspect_ratio_candidate_not_accepted,low,unknown,"Archive filename suffix 001-272 forms a bijection with XLS 序号 1-272, so a sequence-only candidate can be listed. However, the filename contains no role or opera text, the exact pixel dimensions differ from the XLS image width/height fields, and this does not prove historical identity. The aspect ratios are broadly compatible with a thumbnail/downsample relationship, which is supporting evidence only. Observed image=123x150; XLS field=412x502; aspect_ratio_delta=0.0007171314741036827; network-expanded same hash=yes.",123,150,412,502,no,0.82,0.8207171314741036,0.0007171314741036827,yes_within_0.01,d6993c4e2229ec0656ebec1c59cb719874675b42429d2c25b7fa5a08a78118f1
157,opera-14-157-s.jpg,unknown,,,,157,祝龙,三打祝家庄,碎脸,sequence_and_aspect_ratio_candidate_not_accepted,low,unknown,"Archive filename suffix 001-272 forms a bijection with XLS 序号 1-272, so a sequence-only candidate can be listed. However, the filename contains no role or opera text, the exact pixel dimensions differ from the XLS image width/height fields, and this does not prove historical identity. The aspect ratios are broadly compatible with a thumbnail/downsample relationship, which is supporting evidence only. Observed image=123x150; XLS field=412x502; aspect_ratio_delta=0.0007171314741036827; network-expanded same hash=yes.",123,150,412,502,no,0.82,0.8207171314741036,0.0007171314741036827,yes_within_0.01,0c561fc06a5989d54ed9f977b4820933b6602174283555293e14baf89a16a4ad
158,opera-14-158-s.jpg,unknown,,,,158,祝虎,三打祝家庄,碎脸,sequence_and_aspect_ratio_candidate_not_accepted,low,unknown,"Archive filename suffix 001-272 forms a bijection with XLS 序号 1-272, so a sequence-only candidate can be listed. However, the filename contains no role or opera text, the exact pixel dimensions differ from the XLS image width/height fields, and this does not prove historical identity. The aspect ratios are broadly compatible with a thumbnail/downsample relationship, which is supporting evidence only. Observed image=123x150; XLS field=412x502; aspect_ratio_delta=0.0007171314741036827; network-expanded same hash=yes.",123,150,412,502,no,0.82,0.8207171314741036,0.0007171314741036827,yes_within_0.01,517fb2528b32719c5bc4dc3642d2eee4df18061f23dc346216859d7a69fa54a3
159,opera-14-159-s.jpg,unknown,,,,159,栾廷玉,石秀探庄,三块瓦脸,sequence_and_aspect_ratio_candidate_not_accepted,low,unknown,"Archive filename suffix 001-272 forms a bijection with XLS 序号 1-272, so a sequence-only candidate can be listed. However, the filename contains no role or opera text, the exact pixel dimensions differ from the XLS image width/height fields, and this does not prove historical identity. The aspect ratios are broadly compatible with a thumbnail/downsample relationship, which is supporting evidence only. Observed image=123x150; XLS field=412x502; aspect_ratio_delta=0.0007171314741036827; network-expanded same hash=yes.",123,150,412,502,no,0.82,0.8207171314741036,0.0007171314741036827,yes_within_0.01,7c21b232f02e3f0c96d4dd88037872c1a8e8dd70fe66f0ed6b07d435ca7fd8a8
160,opera-14-160-s.jpg,unknown,,,,160,祝彪,三打祝家庄,歪脸,sequence_and_aspect_ratio_candidate_not_accepted,low,unknown,"Archive filename suffix 001-272 forms a bijection with XLS 序号 1-272, so a sequence-only candidate can be listed. However, the filename contains no role or opera text, the exact pixel dimensions differ from the XLS image width/height fields, and this does not prove historical identity. The aspect ratios are broadly compatible with a thumbnail/downsample relationship, which is supporting evidence only. Observed image=123x150; XLS field=412x502; aspect_ratio_delta=0.0007171314741036827; network-expanded same hash=yes.",123,150,412,502,no,0.82,0.8207171314741036,0.0007171314741036827,yes_within_0.01,c89aa5518cf5cd67ddde304e9a0f877be12360b52e976fb86b1f0c1e164902b7
161,opera-14-161-s.jpg,unknown,,,,161,张顺,秦淮河,花三块瓦脸,sequence_and_aspect_ratio_candidate_not_accepted,low,unknown,"Archive filename suffix 001-272 forms a bijection with XLS 序号 1-272, so a sequence-only candidate can be listed. However, the filename contains no role or opera text, the exact pixel dimensions differ from the XLS image width/height fields, and this does not prove historical identity. The aspect ratios are broadly compatible with a thumbnail/downsample relationship, which is supporting evidence only. Observed image=123x150; XLS field=412x502; aspect_ratio_delta=0.0007171314741036827; network-expanded same hash=yes.",123,150,412,502,no,0.82,0.8207171314741036,0.0007171314741036827,yes_within_0.01,01958eacac136db12cd118631573af032b07c4eaf7a393cacf3cc6ae4df4a3aa
162,opera-14-162-s.jpg,unknown,,,,162,徐士英,艳阳楼,碎脸,sequence_and_aspect_ratio_candidate_not_accepted,low,unknown,"Archive filename suffix 001-272 forms a bijection with XLS 序号 1-272, so a sequence-only candidate can be listed. However, the filename contains no role or opera text, the exact pixel dimensions differ from the XLS image width/height fields, and this does not prove historical identity. The aspect ratios are broadly compatible with a thumbnail/downsample relationship, which is supporting evidence only. Observed image=123x150; XLS field=412x502; aspect_ratio_delta=0.0007171314741036827; network-expanded same hash=yes.",123,150,412,502,no,0.82,0.8207171314741036,0.0007171314741036827,yes_within_0.01,169c4562ea5986518f162edb7d854716d3fd70403a7699a68ecf65c852759474
163,opera-14-163-s.jpg,unknown,,,,163,倪荣,打渔杀家,碎脸,sequence_and_aspect_ratio_candidate_not_accepted,low,unknown,"Archive filename suffix 001-272 forms a bijection with XLS 序号 1-272, so a sequence-only candidate can be listed. However, the filename contains no role or opera text, the exact pixel dimensions differ from the XLS image width/height fields, and this does not prove historical identity. The aspect ratios are broadly compatible with a thumbnail/downsample relationship, which is supporting evidence only. Observed image=123x150; XLS field=412x502; aspect_ratio_delta=0.0007171314741036827; network-expanded same hash=yes.",123,150,412,502,no,0.82,0.8207171314741036,0.0007171314741036827,yes_within_0.01,8a098085e2c59325bb1b0952e667a26830bfec74fa3e7d96a51b81c95f58ac96
164,opera-14-164-s.jpg,unknown,,,,164,时迁,雁翎甲,筝形脸,sequence_and_aspect_ratio_candidate_not_accepted,low,unknown,"Archive filename suffix 001-272 forms a bijection with XLS 序号 1-272, so a sequence-only candidate can be listed. However, the filename contains no role or opera text, the exact pixel dimensions differ from the XLS image width/height fields, and this does not prove historical identity. The aspect ratios are broadly compatible with a thumbnail/downsample relationship, which is supporting evidence only. Observed image=123x150; XLS field=412x502; aspect_ratio_delta=0.0007171314741036827; network-expanded same hash=yes.",123,150,412,502,no,0.82,0.8207171314741036,0.0007171314741036827,yes_within_0.01,b24e8ff89e505da9a819c7a6c025d1f7dca4d44a4760ccb0b46d8fb3a419a68f
165,opera-14-165-s.jpg,unknown,,,,165,高登,艳阳楼,三块瓦脸,sequence_and_aspect_ratio_candidate_not_accepted,low,unknown,"Archive filename suffix 001-272 forms a bijection with XLS 序号 1-272, so a sequence-only candidate can be listed. However, the filename contains no role or opera text, the exact pixel dimensions differ from the XLS image width/height fields, and this does not prove historical identity. The aspect ratios are broadly compatible with a thumbnail/downsample relationship, which is supporting evidence only. Observed image=123x150; XLS field=412x502; aspect_ratio_delta=0.0007171314741036827; network-expanded same hash=yes.",123,150,412,502,no,0.82,0.8207171314741036,0.0007171314741036827,yes_within_0.01,dba0d735f8fb333bfdfbcac96ac981a5d344939810be6f8bc7101432a445775c
166,opera-14-166-s.jpg,unknown,,,,166,董超,野猪林,,sequence_and_aspect_ratio_candidate_not_accepted,low,unknown,"Archive filename suffix 001-272 forms a bijection with XLS 序号 1-272, so a sequence-only candidate can be listed. However, the filename contains no role or opera text, the exact pixel dimensions differ from the XLS image width/height fields, and this does not prove historical identity. The aspect ratios are broadly compatible with a thumbnail/downsample relationship, which is supporting evidence only. Observed image=123x150; XLS field=412x502; aspect_ratio_delta=0.0007171314741036827; network-expanded same hash=yes.",123,150,412,502,no,0.82,0.8207171314741036,0.0007171314741036827,yes_within_0.01,30b406c68c931652eb1ee5c8a337b5e48ccbfe0094792cf20404be4b7a09efa9
167,opera-14-167-s.jpg,unknown,,,,167,高俅,野猪林,整脸,sequence_and_aspect_ratio_candidate_not_accepted,low,unknown,"Archive filename suffix 001-272 forms a bijection with XLS 序号 1-272, so a sequence-only candidate can be listed. However, the filename contains no role or opera text, the exact pixel dimensions differ from the XLS image width/height fields, and this does not prove historical identity. The aspect ratios are broadly compatible with a thumbnail/downsample relationship, which is supporting evidence only. Observed image=123x150; XLS field=412x502; aspect_ratio_delta=0.0007171314741036827; network-expanded same hash=yes.",123,150,412,502,no,0.82,0.8207171314741036,0.0007171314741036827,yes_within_0.01,97819c10e49b7445a733c7fcaed6de5020cb40e0b988e0d9e408c752d3ee76eb
168,opera-14-168-s.jpg,unknown,,,,168,薛霸,野猪林,,sequence_and_aspect_ratio_candidate_not_accepted,low,unknown,"Archive filename suffix 001-272 forms a bijection with XLS 序号 1-272, so a sequence-only candidate can be listed. However, the filename contains no role or opera text, the exact pixel dimensions differ from the XLS image width/height fields, and this does not prove historical identity. The aspect ratios are broadly compatible with a thumbnail/downsample relationship, which is supporting evidence only. Observed image=123x150; XLS field=412x502; aspect_ratio_delta=0.0007171314741036827; network-expanded same hash=yes.",123,150,412,502,no,0.82,0.8207171314741036,0.0007171314741036827,yes_within_0.01,7a017356fc9fc4205bb534ec875c8d669faa54f36f5d71845815be96fb0f1fed
169,opera-15-169-s.jpg,unknown,,,,169,哈迷蚩,潞安州,,sequence_and_aspect_ratio_candidate_not_accepted,low,unknown,"Archive filename suffix 001-272 forms a bijection with XLS 序号 1-272, so a sequence-only candidate can be listed. However, the filename contains no role or opera text, the exact pixel dimensions differ from the XLS image width/height fields, and this does not prove historical identity. The aspect ratios are broadly compatible with a thumbnail/downsample relationship, which is supporting evidence only. Observed image=123x150; XLS field=412x502; aspect_ratio_delta=0.0007171314741036827; network-expanded same hash=yes.",123,150,412,502,no,0.82,0.8207171314741036,0.0007171314741036827,yes_within_0.01,3e0693f7365cf6d49c58c12e1a483568d6db5c310d7229c0475b9a8c5f35cb57
170,opera-15-170-s.jpg,unknown,,,,170,金蝉子,锤震金蝉子,碎脸,sequence_and_aspect_ratio_candidate_not_accepted,low,unknown,"Archive filename suffix 001-272 forms a bijection with XLS 序号 1-272, so a sequence-only candidate can be listed. However, the filename contains no role or opera text, the exact pixel dimensions differ from the XLS image width/height fields, and this does not prove historical identity. The aspect ratios are broadly compatible with a thumbnail/downsample relationship, which is supporting evidence only. Observed image=123x150; XLS field=412x502; aspect_ratio_delta=0.0007171314741036827; network-expanded same hash=yes.",123,150,412,502,no,0.82,0.8207171314741036,0.0007171314741036827,yes_within_0.01,39ec737d7a28dc7faf0bf4cfc3be203c77fef15cc9a7f3c043fad3a008bf90d0
171,opera-15-171-s.jpg,unknown,,,,171,柴桂,求贤鉴,三块瓦脸,sequence_and_aspect_ratio_candidate_not_accepted,low,unknown,"Archive filename suffix 001-272 forms a bijection with XLS 序号 1-272, so a sequence-only candidate can be listed. However, the filename contains no role or opera text, the exact pixel dimensions differ from the XLS image width/height fields, and this does not prove historical identity. The aspect ratios are broadly compatible with a thumbnail/downsample relationship, which is supporting evidence only. Observed image=123x150; XLS field=412x502; aspect_ratio_delta=0.0007171314741036827; network-expanded same hash=yes.",123,150,412,502,no,0.82,0.8207171314741036,0.0007171314741036827,yes_within_0.01,0ccfa4aaa1e8c937a9eb1a9e22cba529adcc0616721f32570bb95ab795f347b4
172,opera-15-172-s.jpg,unknown,,,,172,黑风利,挑滑车,整脸,sequence_and_aspect_ratio_candidate_not_accepted,low,unknown,"Archive filename suffix 001-272 forms a bijection with XLS 序号 1-272, so a sequence-only candidate can be listed. However, the filename contains no role or opera text, the exact pixel dimensions differ from the XLS image width/height fields, and this does not prove historical identity. The aspect ratios are broadly compatible with a thumbnail/downsample relationship, which is supporting evidence only. Observed image=123x150; XLS field=412x502; aspect_ratio_delta=0.0007171314741036827; network-expanded same hash=yes.",123,150,412,502,no,0.82,0.8207171314741036,0.0007171314741036827,yes_within_0.01,111f0206a7f8aa90121066290d024157cf7f64bdf0cdd42caf5f04efe2010e45
173,opera-15-173-s.jpg,unknown,,,,173,牛皋,藕塘关,十字门脸,sequence_and_aspect_ratio_candidate_not_accepted,low,unknown,"Archive filename suffix 001-272 forms a bijection with XLS 序号 1-272, so a sequence-only candidate can be listed. However, the filename contains no role or opera text, the exact pixel dimensions differ from the XLS image width/height fields, and this does not prove historical identity. The aspect ratios are broadly compatible with a thumbnail/downsample relationship, which is supporting evidence only. Observed image=123x150; XLS field=412x502; aspect_ratio_delta=0.0007171314741036827; network-expanded same hash=yes.",123,150,412,502,no,0.82,0.8207171314741036,0.0007171314741036827,yes_within_0.01,549b450aaf4de8d4885eba2de50dd329f934a550eb32134f6d33c0f46c53ae91
174,opera-15-174-s.jpg,unknown,,,,174,何元庆,八大锤,花三块瓦脸,sequence_and_aspect_ratio_candidate_not_accepted,low,unknown,"Archive filename suffix 001-272 forms a bijection with XLS 序号 1-272, so a sequence-only candidate can be listed. However, the filename contains no role or opera text, the exact pixel dimensions differ from the XLS image width/height fields, and this does not prove historical identity. The aspect ratios are broadly compatible with a thumbnail/downsample relationship, which is supporting evidence only. Observed image=123x150; XLS field=412x502; aspect_ratio_delta=0.0007171314741036827; network-expanded same hash=yes.",123,150,412,502,no,0.82,0.8207171314741036,0.0007171314741036827,yes_within_0.01,1426fb4a323e3719b0a5433f2a83df3aa6577c5d63e9bcdf5d72fc743b7e2b85
175,opera-15-175-s.jpg,unknown,,,,175,狄雷,八大锤,碎脸,sequence_and_aspect_ratio_candidate_not_accepted,low,unknown,"Archive filename suffix 001-272 forms a bijection with XLS 序号 1-272, so a sequence-only candidate can be listed. However, the filename contains no role or opera text, the exact pixel dimensions differ from the XLS image width/height fields, and this does not prove historical identity. The aspect ratios are broadly compatible with a thumbnail/downsample relationship, which is supporting evidence only. Observed image=123x150; XLS field=412x502; aspect_ratio_delta=0.0007171314741036827; network-expanded same hash=yes.",123,150,412,502,no,0.82,0.8207171314741036,0.0007171314741036827,yes_within_0.01,582366cdf23c20507df0de06f6d03a71c8311be1c87c3af9703c2fe33c45c2c1
176,opera-15-176-s.jpg,unknown,,,,176,兀术,八大锤,三块瓦脸,sequence_and_aspect_ratio_candidate_not_accepted,low,unknown,"Archive filename suffix 001-272 forms a bijection with XLS 序号 1-272, so a sequence-only candidate can be listed. However, the filename contains no role or opera text, the exact pixel dimensions differ from the XLS image width/height fields, and this does not prove historical identity. The aspect ratios are broadly compatible with a thumbnail/downsample relationship, which is supporting evidence only. Observed image=123x150; XLS field=412x502; aspect_ratio_delta=0.0007171314741036827; network-expanded same hash=yes.",123,150,412,502,no,0.82,0.8207171314741036,0.0007171314741036827,yes_within_0.01,0698a43b8c55606580ad5559f778a70e2343ff708d82f23b539121185536d5a0
177,opera-15-177-s.jpg,unknown,,,,177,李庭芝,正气歌,元宝脸,sequence_and_aspect_ratio_candidate_not_accepted,low,unknown,"Archive filename suffix 001-272 forms a bijection with XLS 序号 1-272, so a sequence-only candidate can be listed. However, the filename contains no role or opera text, the exact pixel dimensions differ from the XLS image width/height fields, and this does not prove historical identity. The aspect ratios are broadly compatible with a thumbnail/downsample relationship, which is supporting evidence only. Observed image=123x150; XLS field=412x502; aspect_ratio_delta=0.0007171314741036827; network-expanded same hash=yes.",123,150,412,502,no,0.82,0.8207171314741036,0.0007171314741036827,yes_within_0.01,b38916581e3cb6562fac63ce19aa590e0273a6f8e56648e0b4f27d0a2cfe7a35
178,opera-15-178-s.jpg,unknown,,,,178,金眼僧,二龙山,僧道脸,sequence_and_aspect_ratio_candidate_not_accepted,low,unknown,"Archive filename suffix 001-272 forms a bijection with XLS 序号 1-272, so a sequence-only candidate can be listed. However, the filename contains no role or opera text, the exact pixel dimensions differ from the XLS image width/height fields, and this does not prove historical identity. The aspect ratios are broadly compatible with a thumbnail/downsample relationship, which is supporting evidence only. Observed image=123x150; XLS field=412x502; aspect_ratio_delta=0.0007171314741036827; network-expanded same hash=yes.",123,150,412,502,no,0.82,0.8207171314741036,0.0007171314741036827,yes_within_0.01,e59b99ea26ca536776fec15a876bd775514a300e440614b35f1ef020e40e5a3c
179,opera-15-179-s.jpg,unknown,,,,179,伯颜,正气歌,花三块瓦脸,sequence_and_aspect_ratio_candidate_not_accepted,low,unknown,"Archive filename suffix 001-272 forms a bijection with XLS 序号 1-272, so a sequence-only candidate can be listed. However, the filename contains no role or opera text, the exact pixel dimensions differ from the XLS image width/height fields, and this does not prove historical identity. The aspect ratios are broadly compatible with a thumbnail/downsample relationship, which is supporting evidence only. Observed image=123x150; XLS field=412x502; aspect_ratio_delta=0.0007171314741036827; network-expanded same hash=yes.",123,150,412,502,no,0.82,0.8207171314741036,0.0007171314741036827,yes_within_0.01,7c33002e249a403277051aa34b0fe0584fff1cb6486150818a2c358f52b8c340
180,opera-15-180-s.jpg,unknown,,,,180,银眼僧,二龙山,僧道脸,sequence_and_aspect_ratio_candidate_not_accepted,low,unknown,"Archive filename suffix 001-272 forms a bijection with XLS 序号 1-272, so a sequence-only candidate can be listed. However, the filename contains no role or opera text, the exact pixel dimensions differ from the XLS image width/height fields, and this does not prove historical identity. The aspect ratios are broadly compatible with a thumbnail/downsample relationship, which is supporting evidence only. Observed image=123x150; XLS field=412x502; aspect_ratio_delta=0.0007171314741036827; network-expanded same hash=yes.",123,150,412,502,no,0.82,0.8207171314741036,0.0007171314741036827,yes_within_0.01,a5b5b62347047d676eb632ae9b685400bdd7a70794c3f02140af4d97d561d2a2
181,opera-16-181-s.jpg,unknown,,,,181,沐英,取金陵,三块瓦脸,sequence_and_aspect_ratio_candidate_not_accepted,low,unknown,"Archive filename suffix 001-272 forms a bijection with XLS 序号 1-272, so a sequence-only candidate can be listed. However, the filename contains no role or opera text, the exact pixel dimensions differ from the XLS image width/height fields, and this does not prove historical identity. The aspect ratios are broadly compatible with a thumbnail/downsample relationship, which is supporting evidence only. Observed image=123x150; XLS field=412x502; aspect_ratio_delta=0.0007171314741036827; network-expanded same hash=yes.",123,150,412,502,no,0.82,0.8207171314741036,0.0007171314741036827,yes_within_0.01,c8565f955d4f82f061ccb57b4a56147ce864121d840f2498e71280e47b061573
182,opera-16-182-s.jpg,unknown,,,,182,徐延昭,大保国,六分脸,sequence_and_aspect_ratio_candidate_not_accepted,low,unknown,"Archive filename suffix 001-272 forms a bijection with XLS 序号 1-272, so a sequence-only candidate can be listed. However, the filename contains no role or opera text, the exact pixel dimensions differ from the XLS image width/height fields, and this does not prove historical identity. The aspect ratios are broadly compatible with a thumbnail/downsample relationship, which is supporting evidence only. Observed image=123x150; XLS field=412x502; aspect_ratio_delta=0.0007171314741036827; network-expanded same hash=yes.",123,150,412,502,no,0.82,0.8207171314741036,0.0007171314741036827,yes_within_0.01,230ea9b72c1d71fa814bc941bd24ad569ddc67d23166a71f5dee6f9c5dce342b
183,opera-16-183-s.jpg,unknown,,,,183,蒋忠,百凉楼,碎脸,sequence_and_aspect_ratio_candidate_not_accepted,low,unknown,"Archive filename suffix 001-272 forms a bijection with XLS 序号 1-272, so a sequence-only candidate can be listed. However, the filename contains no role or opera text, the exact pixel dimensions differ from the XLS image width/height fields, and this does not prove historical identity. The aspect ratios are broadly compatible with a thumbnail/downsample relationship, which is supporting evidence only. Observed image=123x150; XLS field=412x502; aspect_ratio_delta=0.0007171314741036827; network-expanded same hash=yes.",123,150,412,502,no,0.82,0.8207171314741036,0.0007171314741036827,yes_within_0.01,07eceaac81c9bd331a390aed4b8a17882c385670bd6432675168085eec49993b
184,opera-16-184-s.jpg,unknown,,,,184,赤福寿,取金陵,三块瓦脸,sequence_and_aspect_ratio_candidate_not_accepted,low,unknown,"Archive filename suffix 001-272 forms a bijection with XLS 序号 1-272, so a sequence-only candidate can be listed. However, the filename contains no role or opera text, the exact pixel dimensions differ from the XLS image width/height fields, and this does not prove historical identity. The aspect ratios are broadly compatible with a thumbnail/downsample relationship, which is supporting evidence only. Observed image=123x150; XLS field=412x502; aspect_ratio_delta=0.0007171314741036827; network-expanded same hash=yes.",123,150,412,502,no,0.82,0.8207171314741036,0.0007171314741036827,yes_within_0.01,128c41cd70967da4d18ca1e13e316570c06a56d6fda810fcbdca06dcaf5f9b05
185,opera-16-185-s.jpg,unknown,,,,185,完颜龙,串龙珠,碎脸,sequence_and_aspect_ratio_candidate_not_accepted,low,unknown,"Archive filename suffix 001-272 forms a bijection with XLS 序号 1-272, so a sequence-only candidate can be listed. However, the filename contains no role or opera text, the exact pixel dimensions differ from the XLS image width/height fields, and this does not prove historical identity. The aspect ratios are broadly compatible with a thumbnail/downsample relationship, which is supporting evidence only. Observed image=123x150; XLS field=412x502; aspect_ratio_delta=0.0007171314741036827; network-expanded same hash=yes.",123,150,412,502,no,0.82,0.8207171314741036,0.0007171314741036827,yes_within_0.01,264ebcc5099c6863d64c0ca26f7048d3ccc83fbefd25945ca0666e519a426488
186,opera-16-186-s.jpg,unknown,,,,186,娄阿鼠,十五贯,,sequence_and_aspect_ratio_candidate_not_accepted,low,unknown,"Archive filename suffix 001-272 forms a bijection with XLS 序号 1-272, so a sequence-only candidate can be listed. However, the filename contains no role or opera text, the exact pixel dimensions differ from the XLS image width/height fields, and this does not prove historical identity. The aspect ratios are broadly compatible with a thumbnail/downsample relationship, which is supporting evidence only. Observed image=123x150; XLS field=412x502; aspect_ratio_delta=0.0007171314741036827; network-expanded same hash=yes.",123,150,412,502,no,0.82,0.8207171314741036,0.0007171314741036827,yes_within_0.01,b47e854953e4297b38aa376a5066037f0d7945cfe76e1805bea0d64fdaa5ea9c
187,opera-16-187-s.jpg,unknown,,,,187,颜佩韦,五人义,三块瓦脸,sequence_and_aspect_ratio_candidate_not_accepted,low,unknown,"Archive filename suffix 001-272 forms a bijection with XLS 序号 1-272, so a sequence-only candidate can be listed. However, the filename contains no role or opera text, the exact pixel dimensions differ from the XLS image width/height fields, and this does not prove historical identity. The aspect ratios are broadly compatible with a thumbnail/downsample relationship, which is supporting evidence only. Observed image=123x150; XLS field=412x502; aspect_ratio_delta=0.0007171314741036827; network-expanded same hash=yes.",123,150,412,502,no,0.82,0.8207171314741036,0.0007171314741036827,yes_within_0.01,18fe4c6c54e107afc46c6cb4ae4d059d89e798251f9f766c56261db2961773f3
188,opera-16-188-s.jpg,unknown,,,,188,花云母,串龙珠,,sequence_and_aspect_ratio_candidate_not_accepted,low,unknown,"Archive filename suffix 001-272 forms a bijection with XLS 序号 1-272, so a sequence-only candidate can be listed. However, the filename contains no role or opera text, the exact pixel dimensions differ from the XLS image width/height fields, and this does not prove historical identity. The aspect ratios are broadly compatible with a thumbnail/downsample relationship, which is supporting evidence only. Observed image=123x150; XLS field=412x502; aspect_ratio_delta=0.0007171314741036827; network-expanded same hash=yes.",123,150,412,502,no,0.82,0.8207171314741036,0.0007171314741036827,yes_within_0.01,9a5c3f96e474963b87ef4db28b68386d1944e2aaa392d04ff756ee867db1be87
189,opera-16-189-s.jpg,unknown,,,,189,李七,李七长亭,歪脸,sequence_and_aspect_ratio_candidate_not_accepted,low,unknown,"Archive filename suffix 001-272 forms a bijection with XLS 序号 1-272, so a sequence-only candidate can be listed. However, the filename contains no role or opera text, the exact pixel dimensions differ from the XLS image width/height fields, and this does not prove historical identity. The aspect ratios are broadly compatible with a thumbnail/downsample relationship, which is supporting evidence only. Observed image=123x150; XLS field=412x502; aspect_ratio_delta=0.0007171314741036827; network-expanded same hash=yes.",123,150,412,502,no,0.82,0.8207171314741036,0.0007171314741036827,yes_within_0.01,ea498d911de6fd413b90b7a633485f9201e4ea66b8fc9d200c4aa19bc1070005
190,opera-16-190-s.jpg,unknown,,,,190,贾桂,法门寺,窝头脸,sequence_and_aspect_ratio_candidate_not_accepted,low,unknown,"Archive filename suffix 001-272 forms a bijection with XLS 序号 1-272, so a sequence-only candidate can be listed. However, the filename contains no role or opera text, the exact pixel dimensions differ from the XLS image width/height fields, and this does not prove historical identity. The aspect ratios are broadly compatible with a thumbnail/downsample relationship, which is supporting evidence only. Observed image=123x150; XLS field=412x502; aspect_ratio_delta=0.0007171314741036827; network-expanded same hash=yes.",123,150,412,502,no,0.82,0.8207171314741036,0.0007171314741036827,yes_within_0.01,5396b812844ecb98eabfc3ccadba6f9c9ef44aacb49e16242ea8a058cbf1110f
191,opera-16-191-s.jpg,unknown,,,,191,刘彪,法门寺,元宝类,sequence_and_aspect_ratio_candidate_not_accepted,low,unknown,"Archive filename suffix 001-272 forms a bijection with XLS 序号 1-272, so a sequence-only candidate can be listed. However, the filename contains no role or opera text, the exact pixel dimensions differ from the XLS image width/height fields, and this does not prove historical identity. The aspect ratios are broadly compatible with a thumbnail/downsample relationship, which is supporting evidence only. Observed image=123x150; XLS field=412x502; aspect_ratio_delta=0.0007171314741036827; network-expanded same hash=yes.",123,150,412,502,no,0.82,0.8207171314741036,0.0007171314741036827,yes_within_0.01,426abcbc14cec1b0455eec088313b06e9ad9991700615f57f4ff9881c30be8d8
192,opera-16-192-s.jpg,unknown,,,,192,刘瑾,法门寺,太监脸,sequence_and_aspect_ratio_candidate_not_accepted,low,unknown,"Archive filename suffix 001-272 forms a bijection with XLS 序号 1-272, so a sequence-only candidate can be listed. However, the filename contains no role or opera text, the exact pixel dimensions differ from the XLS image width/height fields, and this does not prove historical identity. The aspect ratios are broadly compatible with a thumbnail/downsample relationship, which is supporting evidence only. Observed image=123x150; XLS field=412x502; aspect_ratio_delta=0.0007171314741036827; network-expanded same hash=yes.",123,150,412,502,no,0.82,0.8207171314741036,0.0007171314741036827,yes_within_0.01,bb30cc02d3e5b38377fa4fbcba49c343c498c8d0b792542fd9bdc7a5282ab537
193,opera-17-193-s.jpg,unknown,,,,193,刘禄敬,小上坟,,sequence_and_aspect_ratio_candidate_not_accepted,low,unknown,"Archive filename suffix 001-272 forms a bijection with XLS 序号 1-272, so a sequence-only candidate can be listed. However, the filename contains no role or opera text, the exact pixel dimensions differ from the XLS image width/height fields, and this does not prove historical identity. The aspect ratios are broadly compatible with a thumbnail/downsample relationship, which is supporting evidence only. Observed image=123x150; XLS field=412x502; aspect_ratio_delta=0.0007171314741036827; network-expanded same hash=yes.",123,150,412,502,no,0.82,0.8207171314741036,0.0007171314741036827,yes_within_0.01,3d8e7c3d50774f99bda8ed6dd078f8aa95f6ddfe5d2cfa7f95287279e146bc82
194,opera-17-194-s.jpg,unknown,,,,194,沈燕林,玉堂春,,sequence_and_aspect_ratio_candidate_not_accepted,low,unknown,"Archive filename suffix 001-272 forms a bijection with XLS 序号 1-272, so a sequence-only candidate can be listed. However, the filename contains no role or opera text, the exact pixel dimensions differ from the XLS image width/height fields, and this does not prove historical identity. The aspect ratios are broadly compatible with a thumbnail/downsample relationship, which is supporting evidence only. Observed image=123x150; XLS field=412x502; aspect_ratio_delta=0.0007171314741036827; network-expanded same hash=yes.",123,150,412,502,no,0.82,0.8207171314741036,0.0007171314741036827,yes_within_0.01,c211ddd666f27f06d5276c6bc7a5a5f06e8f5a6fa410fe91ff339a43403a8d17
195,opera-17-195-s.jpg,unknown,,,,195,本无,思凡下山,,sequence_and_aspect_ratio_candidate_not_accepted,low,unknown,"Archive filename suffix 001-272 forms a bijection with XLS 序号 1-272, so a sequence-only candidate can be listed. However, the filename contains no role or opera text, the exact pixel dimensions differ from the XLS image width/height fields, and this does not prove historical identity. The aspect ratios are broadly compatible with a thumbnail/downsample relationship, which is supporting evidence only. Observed image=123x150; XLS field=412x502; aspect_ratio_delta=0.0007171314741036827; network-expanded same hash=yes.",123,150,412,502,no,0.82,0.8207171314741036,0.0007171314741036827,yes_within_0.01,ef78bc1ca3d47a5089cc258720d13b18f55abe93044915b4cd941e8b7c105015
196,opera-17-196-s.jpg,unknown,,,,196,德禄,御碑亭,,sequence_and_aspect_ratio_candidate_not_accepted,low,unknown,"Archive filename suffix 001-272 forms a bijection with XLS 序号 1-272, so a sequence-only candidate can be listed. However, the filename contains no role or opera text, the exact pixel dimensions differ from the XLS image width/height fields, and this does not prove historical identity. The aspect ratios are broadly compatible with a thumbnail/downsample relationship, which is supporting evidence only. Observed image=123x150; XLS field=412x502; aspect_ratio_delta=0.0007171314741036827; network-expanded same hash=yes.",123,150,412,502,no,0.82,0.8207171314741036,0.0007171314741036827,yes_within_0.01,e371e1462a1c2da80467769fb37b92d10a602a33019d53d908fa085d807fe756
197,opera-17-197-s.jpg,unknown,,,,197,刘宗敏,闯王旗,三块瓦脸,sequence_and_aspect_ratio_candidate_not_accepted,low,unknown,"Archive filename suffix 001-272 forms a bijection with XLS 序号 1-272, so a sequence-only candidate can be listed. However, the filename contains no role or opera text, the exact pixel dimensions differ from the XLS image width/height fields, and this does not prove historical identity. The aspect ratios are broadly compatible with a thumbnail/downsample relationship, which is supporting evidence only. Observed image=123x150; XLS field=412x502; aspect_ratio_delta=0.0007171314741036827; network-expanded same hash=yes.",123,150,412,502,no,0.82,0.8207171314741036,0.0007171314741036827,yes_within_0.01,b391872326d1b4d016348f81b3e1f6cdc870b08d050c0e1d44c770bb086bb020
198,opera-17-198-s.jpg,unknown,,,,198,崇公道,女起解,,sequence_and_aspect_ratio_candidate_not_accepted,low,unknown,"Archive filename suffix 001-272 forms a bijection with XLS 序号 1-272, so a sequence-only candidate can be listed. However, the filename contains no role or opera text, the exact pixel dimensions differ from the XLS image width/height fields, and this does not prove historical identity. The aspect ratios are broadly compatible with a thumbnail/downsample relationship, which is supporting evidence only. Observed image=123x150; XLS field=412x502; aspect_ratio_delta=0.0007171314741036827; network-expanded same hash=yes.",123,150,412,502,no,0.82,0.8207171314741036,0.0007171314741036827,yes_within_0.01,0a4410bbfa5d20497490982f1dbd0e4a224542449eee26dbd29bed0fc7ca93bb
199,opera-17-199-s.jpg,unknown,,,,199,郝摇旗,闯王旗,整脸,sequence_and_aspect_ratio_candidate_not_accepted,low,unknown,"Archive filename suffix 001-272 forms a bijection with XLS 序号 1-272, so a sequence-only candidate can be listed. However, the filename contains no role or opera text, the exact pixel dimensions differ from the XLS image width/height fields, and this does not prove historical identity. The aspect ratios are broadly compatible with a thumbnail/downsample relationship, which is supporting evidence only. Observed image=123x150; XLS field=412x502; aspect_ratio_delta=0.0007171314741036827; network-expanded same hash=not_available.",123,150,412,502,no,0.82,0.8207171314741036,0.0007171314741036827,yes_within_0.01,08e2356360362abd721cc5e5efa8068888ab19788800b165fb76ad1121b44d9c
200,opera-17-200-s.jpg,unknown,,,,200,夏副将,白水滩,三块瓦脸,sequence_and_aspect_ratio_candidate_not_accepted,low,unknown,"Archive filename suffix 001-272 forms a bijection with XLS 序号 1-272, so a sequence-only candidate can be listed. However, the filename contains no role or opera text, the exact pixel dimensions differ from the XLS image width/height fields, and this does not prove historical identity. The aspect ratios are broadly compatible with a thumbnail/downsample relationship, which is supporting evidence only. Observed image=123x150; XLS field=412x502; aspect_ratio_delta=0.0007171314741036827; network-expanded same hash=not_available.",123,150,412,502,no,0.82,0.8207171314741036,0.0007171314741036827,yes_within_0.01,77c0b0cde1c4521814f51840463dc4a65a162ac7f277a415cb29cf11377125f1
201,opera-17-201-s.jpg,unknown,,,,201,贺天龙,连环套,三块瓦脸,sequence_and_aspect_ratio_candidate_not_accepted,low,unknown,"Archive filename suffix 001-272 forms a bijection with XLS 序号 1-272, so a sequence-only candidate can be listed. However, the filename contains no role or opera text, the exact pixel dimensions differ from the XLS image width/height fields, and this does not prove historical identity. The aspect ratios are broadly compatible with a thumbnail/downsample relationship, which is supporting evidence only. Observed image=123x150; XLS field=412x502; aspect_ratio_delta=0.0007171314741036827; network-expanded same hash=not_available.",123,150,412,502,no,0.82,0.8207171314741036,0.0007171314741036827,yes_within_0.01,9b05928b5472629ac2db14a89be4b778504207f5add95fe3364b5622ed39632d
202,opera-17-202-s.jpg,unknown,,,,202,贺天彪,连环套,碎脸,sequence_and_aspect_ratio_candidate_not_accepted,low,unknown,"Archive filename suffix 001-272 forms a bijection with XLS 序号 1-272, so a sequence-only candidate can be listed. However, the filename contains no role or opera text, the exact pixel dimensions differ from the XLS image width/height fields, and this does not prove historical identity. The aspect ratios are broadly compatible with a thumbnail/downsample relationship, which is supporting evidence only. Observed image=123x150; XLS field=412x502; aspect_ratio_delta=0.0007171314741036827; network-expanded same hash=not_available.",123,150,412,502,no,0.82,0.8207171314741036,0.0007171314741036827,yes_within_0.01,cded01ba6622177f5c82930533d59717d4081916ab52bf93321ccf0da9810415
203,opera-17-203-s.jpg,unknown,,,,203,窦尔敦,连环套,花三块瓦脸,sequence_and_aspect_ratio_candidate_not_accepted,low,unknown,"Archive filename suffix 001-272 forms a bijection with XLS 序号 1-272, so a sequence-only candidate can be listed. However, the filename contains no role or opera text, the exact pixel dimensions differ from the XLS image width/height fields, and this does not prove historical identity. The aspect ratios are broadly compatible with a thumbnail/downsample relationship, which is supporting evidence only. Observed image=123x150; XLS field=412x502; aspect_ratio_delta=0.0007171314741036827; network-expanded same hash=not_available.",123,150,412,502,no,0.82,0.8207171314741036,0.0007171314741036827,yes_within_0.01,2073ea2435b63e541d522a1397177600f9c0389fa28e4a6c622ae7fa47f5f39b
204,opera-17-204-s.jpg,unknown,,,,204,郝文僧,东昌府,僧道脸,sequence_and_aspect_ratio_candidate_not_accepted,low,unknown,"Archive filename suffix 001-272 forms a bijection with XLS 序号 1-272, so a sequence-only candidate can be listed. However, the filename contains no role or opera text, the exact pixel dimensions differ from the XLS image width/height fields, and this does not prove historical identity. The aspect ratios are broadly compatible with a thumbnail/downsample relationship, which is supporting evidence only. Observed image=123x150; XLS field=412x502; aspect_ratio_delta=0.0007171314741036827; network-expanded same hash=not_available.",123,150,412,502,no,0.82,0.8207171314741036,0.0007171314741036827,yes_within_0.01,7b971310725e114a145a97dc500d996c31c35142d4fd36dc2c0b6f8b4141a690
205,opera-18-205-s.jpg,unknown,,,,205,谢虎,鄚州庙,花三块瓦脸,sequence_and_aspect_ratio_candidate_not_accepted,low,unknown,"Archive filename suffix 001-272 forms a bijection with XLS 序号 1-272, so a sequence-only candidate can be listed. However, the filename contains no role or opera text, the exact pixel dimensions differ from the XLS image width/height fields, and this does not prove historical identity. The aspect ratios are broadly compatible with a thumbnail/downsample relationship, which is supporting evidence only. Observed image=123x150; XLS field=412x502; aspect_ratio_delta=0.0007171314741036827; network-expanded same hash=yes.",123,150,412,502,no,0.82,0.8207171314741036,0.0007171314741036827,yes_within_0.01,51bb112144f5172441cbe8fba6a1f749fc0f063f3f9efae58648583c82f4e25b
206,opera-18-206-s.jpg,unknown,,,,206,金大力,叭蜡庙,整脸,sequence_and_aspect_ratio_candidate_not_accepted,low,unknown,"Archive filename suffix 001-272 forms a bijection with XLS 序号 1-272, so a sequence-only candidate can be listed. However, the filename contains no role or opera text, the exact pixel dimensions differ from the XLS image width/height fields, and this does not prove historical identity. The aspect ratios are broadly compatible with a thumbnail/downsample relationship, which is supporting evidence only. Observed image=123x150; XLS field=412x502; aspect_ratio_delta=0.0007171314741036827; network-expanded same hash=yes.",123,150,412,502,no,0.82,0.8207171314741036,0.0007171314741036827,yes_within_0.01,4f07c36aa1e548776524f2b7f7a1ff538ef7cbb695a743c7d7892bbccc7ffe2f
207,opera-18-207-s.jpg,unknown,,,,207,朱光祖,连环套,枣核脸,sequence_and_aspect_ratio_candidate_not_accepted,low,unknown,"Archive filename suffix 001-272 forms a bijection with XLS 序号 1-272, so a sequence-only candidate can be listed. However, the filename contains no role or opera text, the exact pixel dimensions differ from the XLS image width/height fields, and this does not prove historical identity. The aspect ratios are broadly compatible with a thumbnail/downsample relationship, which is supporting evidence only. Observed image=123x150; XLS field=412x502; aspect_ratio_delta=0.0007171314741036827; network-expanded same hash=yes.",123,150,412,502,no,0.82,0.8207171314741036,0.0007171314741036827,yes_within_0.01,abbbea66356bf542aede539326257a74c247cf6e3d6594a5c1c361876c1e50df
208,opera-18-208-s.jpg,unknown,,,,208,濮大勇,九龙杯,碎脸,sequence_and_aspect_ratio_candidate_not_accepted,low,unknown,"Archive filename suffix 001-272 forms a bijection with XLS 序号 1-272, so a sequence-only candidate can be listed. However, the filename contains no role or opera text, the exact pixel dimensions differ from the XLS image width/height fields, and this does not prove historical identity. The aspect ratios are broadly compatible with a thumbnail/downsample relationship, which is supporting evidence only. Observed image=123x150; XLS field=412x502; aspect_ratio_delta=0.0007171314741036827; network-expanded same hash=yes.",123,150,412,502,no,0.82,0.8207171314741036,0.0007171314741036827,yes_within_0.01,a520836a2dc817932f6054d0ff044d4504f5f90db390bdea0f3e0702e89a848c
209,opera-18-209-s.jpg,unknown,,,,209,黄三泰,九龙杯,三块瓦脸,sequence_and_aspect_ratio_candidate_not_accepted,low,unknown,"Archive filename suffix 001-272 forms a bijection with XLS 序号 1-272, so a sequence-only candidate can be listed. However, the filename contains no role or opera text, the exact pixel dimensions differ from the XLS image width/height fields, and this does not prove historical identity. The aspect ratios are broadly compatible with a thumbnail/downsample relationship, which is supporting evidence only. Observed image=123x150; XLS field=412x502; aspect_ratio_delta=0.0007171314741036827; network-expanded same hash=yes.",123,150,412,502,no,0.82,0.8207171314741036,0.0007171314741036827,yes_within_0.01,23b18a9485b29f4cd5b4082a4a1eaec89a19e952412900e7927b0426a87fb9c4
210,opera-18-210-s.jpg,unknown,,,,210,何路通,落马湖,碎脸,sequence_and_aspect_ratio_candidate_not_accepted,low,unknown,"Archive filename suffix 001-272 forms a bijection with XLS 序号 1-272, so a sequence-only candidate can be listed. However, the filename contains no role or opera text, the exact pixel dimensions differ from the XLS image width/height fields, and this does not prove historical identity. The aspect ratios are broadly compatible with a thumbnail/downsample relationship, which is supporting evidence only. Observed image=123x150; XLS field=412x502; aspect_ratio_delta=0.0007171314741036827; network-expanded same hash=yes.",123,150,412,502,no,0.82,0.8207171314741036,0.0007171314741036827,yes_within_0.01,3f9452e3807d58143749b808d449f538503a62b7a1b14a439dd32d2ff1f95b36
211,opera-18-211-s.jpg,unknown,,,,211,黄隆基,霸王庄,花三块瓦脸,sequence_and_aspect_ratio_candidate_not_accepted,low,unknown,"Archive filename suffix 001-272 forms a bijection with XLS 序号 1-272, so a sequence-only candidate can be listed. However, the filename contains no role or opera text, the exact pixel dimensions differ from the XLS image width/height fields, and this does not prove historical identity. The aspect ratios are broadly compatible with a thumbnail/downsample relationship, which is supporting evidence only. Observed image=123x150; XLS field=412x502; aspect_ratio_delta=0.0007171314741036827; network-expanded same hash=yes.",123,150,412,502,no,0.82,0.8207171314741036,0.0007171314741036827,yes_within_0.01,3f3528716ce6cdada0d909c1e068693994a1192258540280d862dee138bc09ba
212,opera-18-212-s.jpg,unknown,,,,212,巴永泰,连环套,三块瓦脸,sequence_and_aspect_ratio_candidate_not_accepted,low,unknown,"Archive filename suffix 001-272 forms a bijection with XLS 序号 1-272, so a sequence-only candidate can be listed. However, the filename contains no role or opera text, the exact pixel dimensions differ from the XLS image width/height fields, and this does not prove historical identity. The aspect ratios are broadly compatible with a thumbnail/downsample relationship, which is supporting evidence only. Observed image=123x150; XLS field=412x502; aspect_ratio_delta=0.0007171314741036827; network-expanded same hash=yes.",123,150,412,502,no,0.82,0.8207171314741036,0.0007171314741036827,yes_within_0.01,3952e48e27b816550c1d208904709cbd53db8698b83ddadac82170fb7f10214c
213,opera-18-213-s.jpg,unknown,,,,213,焦振远,剑峰山,三块瓦脸,sequence_and_aspect_ratio_candidate_not_accepted,low,unknown,"Archive filename suffix 001-272 forms a bijection with XLS 序号 1-272, so a sequence-only candidate can be listed. However, the filename contains no role or opera text, the exact pixel dimensions differ from the XLS image width/height fields, and this does not prove historical identity. The aspect ratios are broadly compatible with a thumbnail/downsample relationship, which is supporting evidence only. Observed image=123x150; XLS field=412x502; aspect_ratio_delta=0.0007171314741036827; network-expanded same hash=yes.",123,150,412,502,no,0.82,0.8207171314741036,0.0007171314741036827,yes_within_0.01,287043e5e6765f36657213e1a94cd06b7891a504c3f427893e2812471f45cc15
214,opera-18-214-s.jpg,unknown,,,,214,花德雷,溪皇庄,三块瓦脸,sequence_and_aspect_ratio_candidate_not_accepted,low,unknown,"Archive filename suffix 001-272 forms a bijection with XLS 序号 1-272, so a sequence-only candidate can be listed. However, the filename contains no role or opera text, the exact pixel dimensions differ from the XLS image width/height fields, and this does not prove historical identity. The aspect ratios are broadly compatible with a thumbnail/downsample relationship, which is supporting evidence only. Observed image=123x150; XLS field=412x502; aspect_ratio_delta=0.0007171314741036827; network-expanded same hash=yes.",123,150,412,502,no,0.82,0.8207171314741036,0.0007171314741036827,yes_within_0.01,ff673d3c0a4c846720a754a6c2adf79d913f5f3b251e0d7f2f04d52d40dca2ee
215,opera-18-215-s.jpg,unknown,,,,215,武天虬,恶虎村,花三块瓦脸,sequence_and_aspect_ratio_candidate_not_accepted,low,unknown,"Archive filename suffix 001-272 forms a bijection with XLS 序号 1-272, so a sequence-only candidate can be listed. However, the filename contains no role or opera text, the exact pixel dimensions differ from the XLS image width/height fields, and this does not prove historical identity. The aspect ratios are broadly compatible with a thumbnail/downsample relationship, which is supporting evidence only. Observed image=123x150; XLS field=412x502; aspect_ratio_delta=0.0007171314741036827; network-expanded same hash=yes.",123,150,412,502,no,0.82,0.8207171314741036,0.0007171314741036827,yes_within_0.01,11bbe0a6d5755c3b8303287983e4bab41b0d748a132fec3c50b64a2114990171
216,opera-18-216-s.jpg,unknown,,,,216,李佩,落马湖,三块瓦脸,sequence_and_aspect_ratio_candidate_not_accepted,low,unknown,"Archive filename suffix 001-272 forms a bijection with XLS 序号 1-272, so a sequence-only candidate can be listed. However, the filename contains no role or opera text, the exact pixel dimensions differ from the XLS image width/height fields, and this does not prove historical identity. The aspect ratios are broadly compatible with a thumbnail/downsample relationship, which is supporting evidence only. Observed image=123x150; XLS field=412x502; aspect_ratio_delta=0.0007171314741036827; network-expanded same hash=yes.",123,150,412,502,no,0.82,0.8207171314741036,0.0007171314741036827,yes_within_0.01,2627e1a5d1f00480ee851a8314c048a272372fe5fa4b8e748259a7ddcf998da3
217,opera-19-217-s.jpg,unknown,,,,217,蔡天化,淮安府,僧道脸,sequence_and_aspect_ratio_candidate_not_accepted,low,unknown,"Archive filename suffix 001-272 forms a bijection with XLS 序号 1-272, so a sequence-only candidate can be listed. However, the filename contains no role or opera text, the exact pixel dimensions differ from the XLS image width/height fields, and this does not prove historical identity. The aspect ratios are broadly compatible with a thumbnail/downsample relationship, which is supporting evidence only. Observed image=123x150; XLS field=412x502; aspect_ratio_delta=0.0007171314741036827; network-expanded same hash=yes.",123,150,412,502,no,0.82,0.8207171314741036,0.0007171314741036827,yes_within_0.01,537dd49516b04c20c3ee7dc59b07e2a3a6dfd71855a516bda1a914e31df5b5db
218,opera-19-218-s.jpg,unknown,,,,218,邓九公,十三妹,三块瓦脸,sequence_and_aspect_ratio_candidate_not_accepted,low,unknown,"Archive filename suffix 001-272 forms a bijection with XLS 序号 1-272, so a sequence-only candidate can be listed. However, the filename contains no role or opera text, the exact pixel dimensions differ from the XLS image width/height fields, and this does not prove historical identity. The aspect ratios are broadly compatible with a thumbnail/downsample relationship, which is supporting evidence only. Observed image=123x150; XLS field=412x502; aspect_ratio_delta=0.0007171314741036827; network-expanded same hash=yes.",123,150,412,502,no,0.82,0.8207171314741036,0.0007171314741036827,yes_within_0.01,7f4d55eb618ee0f2f65ac661f3953cecc4a1f7c71fb9eda3e579c37fd45bb333
219,opera-19-219-s.jpg,unknown,,,,219,郎如豹,李海坞,三块瓦脸,sequence_and_aspect_ratio_candidate_not_accepted,low,unknown,"Archive filename suffix 001-272 forms a bijection with XLS 序号 1-272, so a sequence-only candidate can be listed. However, the filename contains no role or opera text, the exact pixel dimensions differ from the XLS image width/height fields, and this does not prove historical identity. The aspect ratios are broadly compatible with a thumbnail/downsample relationship, which is supporting evidence only. Observed image=123x150; XLS field=412x502; aspect_ratio_delta=0.0007171314741036827; network-expanded same hash=yes.",123,150,412,502,no,0.82,0.8207171314741036,0.0007171314741036827,yes_within_0.01,9df8e9299e6eebbe765e1c1e03c4a63fa92e3a8c1a468dec3595132c17e244bb
220,opera-19-220-s.jpg,unknown,,,,220,窦虎,叭蜡庙,歪脸,sequence_and_aspect_ratio_candidate_not_accepted,low,unknown,"Archive filename suffix 001-272 forms a bijection with XLS 序号 1-272, so a sequence-only candidate can be listed. However, the filename contains no role or opera text, the exact pixel dimensions differ from the XLS image width/height fields, and this does not prove historical identity. The aspect ratios are broadly compatible with a thumbnail/downsample relationship, which is supporting evidence only. Observed image=123x150; XLS field=412x502; aspect_ratio_delta=0.0007171314741036827; network-expanded same hash=yes.",123,150,412,502,no,0.82,0.8207171314741036,0.0007171314741036827,yes_within_0.01,18b90772b956a951dab0133db3e6e5dd7c67973a7cacc1c19daeabf88cedc9ac
221,opera-19-221-s.jpg,unknown,,,,221,曹宝,天官赐福,元宝脸,sequence_and_aspect_ratio_candidate_not_accepted,low,unknown,"Archive filename suffix 001-272 forms a bijection with XLS 序号 1-272, so a sequence-only candidate can be listed. However, the filename contains no role or opera text, the exact pixel dimensions differ from the XLS image width/height fields, and this does not prove historical identity. The aspect ratios are broadly compatible with a thumbnail/downsample relationship, which is supporting evidence only. Observed image=123x150; XLS field=412x502; aspect_ratio_delta=0.0007171314741036827; network-expanded same hash=yes.",123,150,412,502,no,0.82,0.8207171314741036,0.0007171314741036827,yes_within_0.01,9152de7bd8266722682ede6d238e4a754b33703b1e24f62043c4b4a62118737e
222,opera-19-222-s.jpg,unknown,,,,222,亢金龙,琵琶洞,象形脸,sequence_and_aspect_ratio_candidate_not_accepted,low,unknown,"Archive filename suffix 001-272 forms a bijection with XLS 序号 1-272, so a sequence-only candidate can be listed. However, the filename contains no role or opera text, the exact pixel dimensions differ from the XLS image width/height fields, and this does not prove historical identity. The aspect ratios are broadly compatible with a thumbnail/downsample relationship, which is supporting evidence only. Observed image=123x150; XLS field=412x502; aspect_ratio_delta=0.0007171314741036827; network-expanded same hash=yes.",123,150,412,502,no,0.82,0.8207171314741036,0.0007171314741036827,yes_within_0.01,0747d8074043a7cb0726773d57100edc19dd8e5ca07a9a1cce1ecb97649de51a
223,opera-19-223-s.jpg,unknown,,,,223,王灵官,泗州城,整脸,sequence_and_aspect_ratio_candidate_not_accepted,low,unknown,"Archive filename suffix 001-272 forms a bijection with XLS 序号 1-272, so a sequence-only candidate can be listed. However, the filename contains no role or opera text, the exact pixel dimensions differ from the XLS image width/height fields, and this does not prove historical identity. The aspect ratios are broadly compatible with a thumbnail/downsample relationship, which is supporting evidence only. Observed image=123x150; XLS field=412x502; aspect_ratio_delta=0.0007171314741036827; network-expanded same hash=yes.",123,150,412,502,no,0.82,0.8207171314741036,0.0007171314741036827,yes_within_0.01,4192e1a8a9bde762e3784ed7c17c47b4809936aed75fa30175a7c13684d404ba
224,opera-19-224-s.jpg,unknown,,,,224,昴日鸡,琵琶洞,象形脸,sequence_and_aspect_ratio_candidate_not_accepted,low,unknown,"Archive filename suffix 001-272 forms a bijection with XLS 序号 1-272, so a sequence-only candidate can be listed. However, the filename contains no role or opera text, the exact pixel dimensions differ from the XLS image width/height fields, and this does not prove historical identity. The aspect ratios are broadly compatible with a thumbnail/downsample relationship, which is supporting evidence only. Observed image=123x150; XLS field=412x502; aspect_ratio_delta=0.0007171314741036827; network-expanded same hash=yes.",123,150,412,502,no,0.82,0.8207171314741036,0.0007171314741036827,yes_within_0.01,c0a77dc636b2cd0e34694b47894a5e43d38bb15017bd3503bd3566d25a609068
225,opera-19-225-s.jpg,unknown,,,,225,玉帝,弼马温,三块瓦脸,sequence_and_aspect_ratio_candidate_not_accepted,low,unknown,"Archive filename suffix 001-272 forms a bijection with XLS 序号 1-272, so a sequence-only candidate can be listed. However, the filename contains no role or opera text, the exact pixel dimensions differ from the XLS image width/height fields, and this does not prove historical identity. The aspect ratios are broadly compatible with a thumbnail/downsample relationship, which is supporting evidence only. Observed image=123x150; XLS field=412x502; aspect_ratio_delta=0.0007171314741036827; network-expanded same hash=yes.",123,150,412,502,no,0.82,0.8207171314741036,0.0007171314741036827,yes_within_0.01,d42b10cebf446de753e00bc52bb5fce28f6c5c0595d07c63021480c8e2e1a858
226,opera-19-226-s.jpg,unknown,,,,226,李靖,安天会,三块瓦脸,sequence_and_aspect_ratio_candidate_not_accepted,low,unknown,"Archive filename suffix 001-272 forms a bijection with XLS 序号 1-272, so a sequence-only candidate can be listed. However, the filename contains no role or opera text, the exact pixel dimensions differ from the XLS image width/height fields, and this does not prove historical identity. The aspect ratios are broadly compatible with a thumbnail/downsample relationship, which is supporting evidence only. Observed image=123x150; XLS field=412x502; aspect_ratio_delta=0.0007171314741036827; network-expanded same hash=yes.",123,150,412,502,no,0.82,0.8207171314741036,0.0007171314741036827,yes_within_0.01,554d806c2fc8f254eb405390a90a4bcea223fa419e430635440d971d9e7e6d0c
227,opera-19-227-s.jpg,unknown,,,,227,释迦摩尼,真假美猴王,神仙脸,sequence_and_aspect_ratio_candidate_not_accepted,low,unknown,"Archive filename suffix 001-272 forms a bijection with XLS 序号 1-272, so a sequence-only candidate can be listed. However, the filename contains no role or opera text, the exact pixel dimensions differ from the XLS image width/height fields, and this does not prove historical identity. The aspect ratios are broadly compatible with a thumbnail/downsample relationship, which is supporting evidence only. Observed image=123x150; XLS field=412x502; aspect_ratio_delta=0.0007171314741036827; network-expanded same hash=yes.",123,150,412,502,no,0.82,0.8207171314741036,0.0007171314741036827,yes_within_0.01,952d1ca075771481bd4987309b6efe782977f1d6326837ccee7217b95f7e7600
228,opera-19-228-s.jpg,unknown,,,,228,孙悟空,安天会,象形脸,sequence_and_aspect_ratio_candidate_not_accepted,low,unknown,"Archive filename suffix 001-272 forms a bijection with XLS 序号 1-272, so a sequence-only candidate can be listed. However, the filename contains no role or opera text, the exact pixel dimensions differ from the XLS image width/height fields, and this does not prove historical identity. The aspect ratios are broadly compatible with a thumbnail/downsample relationship, which is supporting evidence only. Observed image=123x150; XLS field=412x502; aspect_ratio_delta=0.0007171314741036827; network-expanded same hash=yes.",123,150,412,502,no,0.82,0.8207171314741036,0.0007171314741036827,yes_within_0.01,f04fdaa0b1b15755323906ee693b792456756ee39d4cd651ed238d309bc967af
229,opera-20-229-s.jpg,unknown,,,,229,赵天君,安天会,六分脸,sequence_and_aspect_ratio_candidate_not_accepted,low,unknown,"Archive filename suffix 001-272 forms a bijection with XLS 序号 1-272, so a sequence-only candidate can be listed. However, the filename contains no role or opera text, the exact pixel dimensions differ from the XLS image width/height fields, and this does not prove historical identity. The aspect ratios are broadly compatible with a thumbnail/downsample relationship, which is supporting evidence only. Observed image=123x150; XLS field=412x502; aspect_ratio_delta=0.0007171314741036827; network-expanded same hash=yes.",123,150,412,502,no,0.82,0.8207171314741036,0.0007171314741036827,yes_within_0.01,e06dd7179284e26b0f45aa80f331eaa4e1c59fff831a0a6f589c1f96952b80ab
230,opera-20-230-s.jpg,unknown,,,,230,温天君,安天会,花三块瓦脸,sequence_and_aspect_ratio_candidate_not_accepted,low,unknown,"Archive filename suffix 001-272 forms a bijection with XLS 序号 1-272, so a sequence-only candidate can be listed. However, the filename contains no role or opera text, the exact pixel dimensions differ from the XLS image width/height fields, and this does not prove historical identity. The aspect ratios are broadly compatible with a thumbnail/downsample relationship, which is supporting evidence only. Observed image=123x150; XLS field=412x502; aspect_ratio_delta=0.0007171314741036827; network-expanded same hash=yes.",123,150,412,502,no,0.82,0.8207171314741036,0.0007171314741036827,yes_within_0.01,50303cf80a38e148623e86e8d87929bf1e86aac3b86f316f8f4e485f5e63a54e
231,opera-20-231-s.jpg,unknown,,,,231,马天君,安天会,三块瓦脸,sequence_and_aspect_ratio_candidate_not_accepted,low,unknown,"Archive filename suffix 001-272 forms a bijection with XLS 序号 1-272, so a sequence-only candidate can be listed. However, the filename contains no role or opera text, the exact pixel dimensions differ from the XLS image width/height fields, and this does not prove historical identity. The aspect ratios are broadly compatible with a thumbnail/downsample relationship, which is supporting evidence only. Observed image=123x150; XLS field=412x502; aspect_ratio_delta=0.0007171314741036827; network-expanded same hash=yes.",123,150,412,502,no,0.82,0.8207171314741036,0.0007171314741036827,yes_within_0.01,f30f9629ae2047e6a2aeeb4abd469adae86fb7afa8d6bd576ea09c85b9c86019
232,opera-20-232-s.jpg,unknown,,,,232,刘天君,安天会,三块瓦脸,sequence_and_aspect_ratio_candidate_not_accepted,low,unknown,"Archive filename suffix 001-272 forms a bijection with XLS 序号 1-272, so a sequence-only candidate can be listed. However, the filename contains no role or opera text, the exact pixel dimensions differ from the XLS image width/height fields, and this does not prove historical identity. The aspect ratios are broadly compatible with a thumbnail/downsample relationship, which is supporting evidence only. Observed image=123x150; XLS field=412x502; aspect_ratio_delta=0.0007171314741036827; network-expanded same hash=yes.",123,150,412,502,no,0.82,0.8207171314741036,0.0007171314741036827,yes_within_0.01,eeabed3b3e10330b23e02b97c6b27ed1baab2c04b29537d13fb001824ce684db
233,opera-20-233-s.jpg,unknown,,,,233,巨灵神,安天会,象形脸,sequence_and_aspect_ratio_candidate_not_accepted,low,unknown,"Archive filename suffix 001-272 forms a bijection with XLS 序号 1-272, so a sequence-only candidate can be listed. However, the filename contains no role or opera text, the exact pixel dimensions differ from the XLS image width/height fields, and this does not prove historical identity. The aspect ratios are broadly compatible with a thumbnail/downsample relationship, which is supporting evidence only. Observed image=123x150; XLS field=412x502; aspect_ratio_delta=0.0007171314741036827; network-expanded same hash=yes.",123,150,412,502,no,0.82,0.8207171314741036,0.0007171314741036827,yes_within_0.01,454a8804bf5e68c7d1bc2fb3d019fb91a1f79207cf7d5d538e86e713a0319f8e
234,opera-20-234-s.jpg,unknown,,,,234,青龙,安天会,象形脸,sequence_and_aspect_ratio_candidate_not_accepted,low,unknown,"Archive filename suffix 001-272 forms a bijection with XLS 序号 1-272, so a sequence-only candidate can be listed. However, the filename contains no role or opera text, the exact pixel dimensions differ from the XLS image width/height fields, and this does not prove historical identity. The aspect ratios are broadly compatible with a thumbnail/downsample relationship, which is supporting evidence only. Observed image=123x150; XLS field=412x502; aspect_ratio_delta=0.0007171314741036827; network-expanded same hash=yes.",123,150,412,502,no,0.82,0.8207171314741036,0.0007171314741036827,yes_within_0.01,9d33a11ddf8100bc2c5e9aeb5fd44cb577e585fd7de3789cc272bc876f71b115
235,opera-20-235-s.jpg,unknown,,,,235,杨戬,安天会,花三块瓦脸,sequence_and_aspect_ratio_candidate_not_accepted,low,unknown,"Archive filename suffix 001-272 forms a bijection with XLS 序号 1-272, so a sequence-only candidate can be listed. However, the filename contains no role or opera text, the exact pixel dimensions differ from the XLS image width/height fields, and this does not prove historical identity. The aspect ratios are broadly compatible with a thumbnail/downsample relationship, which is supporting evidence only. Observed image=123x150; XLS field=412x502; aspect_ratio_delta=0.0007171314741036827; network-expanded same hash=yes.",123,150,412,502,no,0.82,0.8207171314741036,0.0007171314741036827,yes_within_0.01,c7f40627e6c243ecefbd29224f0ac4376c84976b108e2c8320d550410fd557d2
236,opera-20-236-s.jpg,unknown,,,,236,白虎,安天会,象形脸,sequence_and_aspect_ratio_candidate_not_accepted,low,unknown,"Archive filename suffix 001-272 forms a bijection with XLS 序号 1-272, so a sequence-only candidate can be listed. However, the filename contains no role or opera text, the exact pixel dimensions differ from the XLS image width/height fields, and this does not prove historical identity. The aspect ratios are broadly compatible with a thumbnail/downsample relationship, which is supporting evidence only. Observed image=123x150; XLS field=412x502; aspect_ratio_delta=0.0007171314741036827; network-expanded same hash=yes.",123,150,412,502,no,0.82,0.8207171314741036,0.0007171314741036827,yes_within_0.01,e6501d260575615a90f87fd84cfe182a8f46bf5a751abd6df8cf4abc38119282
237,opera-20-237-s.jpg,unknown,,,,237,罗猴,安天会,象形脸,sequence_and_aspect_ratio_candidate_not_accepted,low,unknown,"Archive filename suffix 001-272 forms a bijection with XLS 序号 1-272, so a sequence-only candidate can be listed. However, the filename contains no role or opera text, the exact pixel dimensions differ from the XLS image width/height fields, and this does not prove historical identity. The aspect ratios are broadly compatible with a thumbnail/downsample relationship, which is supporting evidence only. Observed image=123x150; XLS field=412x502; aspect_ratio_delta=0.0007171314741036827; network-expanded same hash=yes.",123,150,412,502,no,0.82,0.8207171314741036,0.0007171314741036827,yes_within_0.01,f2d1767caed774819cf3d04bd0fbdd2487df213ef3ed73c384092ac33371f863
238,opera-20-238-s.jpg,unknown,,,,238,墨猴,安天会,象形脸,sequence_and_aspect_ratio_candidate_not_accepted,low,unknown,"Archive filename suffix 001-272 forms a bijection with XLS 序号 1-272, so a sequence-only candidate can be listed. However, the filename contains no role or opera text, the exact pixel dimensions differ from the XLS image width/height fields, and this does not prove historical identity. The aspect ratios are broadly compatible with a thumbnail/downsample relationship, which is supporting evidence only. Observed image=123x150; XLS field=412x502; aspect_ratio_delta=0.0007171314741036827; network-expanded same hash=yes.",123,150,412,502,no,0.82,0.8207171314741036,0.0007171314741036827,yes_within_0.01,3446661f343c8afa4d841554b63cf57fc4f55c652394bd6b144cc334e161cd31
239,opera-20-239-s.jpg,unknown,,,,239,通臂猿,石猴出世,象形脸,sequence_and_aspect_ratio_candidate_not_accepted,low,unknown,"Archive filename suffix 001-272 forms a bijection with XLS 序号 1-272, so a sequence-only candidate can be listed. However, the filename contains no role or opera text, the exact pixel dimensions differ from the XLS image width/height fields, and this does not prove historical identity. The aspect ratios are broadly compatible with a thumbnail/downsample relationship, which is supporting evidence only. Observed image=123x150; XLS field=412x502; aspect_ratio_delta=0.0007171314741036827; network-expanded same hash=yes.",123,150,412,502,no,0.82,0.8207171314741036,0.0007171314741036827,yes_within_0.01,8821858b111e25848723e483614a449be5b8c3ba24625e5ea1249dc268b795ec
240,opera-20-240-s.jpg,unknown,,,,240,白猿,八仙斗白猿,象形脸,sequence_and_aspect_ratio_candidate_not_accepted,low,unknown,"Archive filename suffix 001-272 forms a bijection with XLS 序号 1-272, so a sequence-only candidate can be listed. However, the filename contains no role or opera text, the exact pixel dimensions differ from the XLS image width/height fields, and this does not prove historical identity. The aspect ratios are broadly compatible with a thumbnail/downsample relationship, which is supporting evidence only. Observed image=123x150; XLS field=412x502; aspect_ratio_delta=0.0007171314741036827; network-expanded same hash=yes.",123,150,412,502,no,0.82,0.8207171314741036,0.0007171314741036827,yes_within_0.01,0a64f5ecbae56d9c5cd7e6902e603a17dcdaad013eccde59752d6247535155f5
241,opera-21-241-s.jpg,unknown,,,,241,天罡,安天会,神仙脸,sequence_and_aspect_ratio_candidate_not_accepted,low,unknown,"Archive filename suffix 001-272 forms a bijection with XLS 序号 1-272, so a sequence-only candidate can be listed. However, the filename contains no role or opera text, the exact pixel dimensions differ from the XLS image width/height fields, and this does not prove historical identity. The aspect ratios are broadly compatible with a thumbnail/downsample relationship, which is supporting evidence only. Observed image=123x150; XLS field=412x502; aspect_ratio_delta=0.0007171314741036827; network-expanded same hash=yes.",123,150,412,502,no,0.82,0.8207171314741036,0.0007171314741036827,yes_within_0.01,c2453ba3b7ddce318e9481018a02598de34aa65881e13658f105bc70aeeba454
242,opera-21-242-s.jpg,unknown,,,,242,煞神,问樵闹府,碎脸,sequence_and_aspect_ratio_candidate_not_accepted,low,unknown,"Archive filename suffix 001-272 forms a bijection with XLS 序号 1-272, so a sequence-only candidate can be listed. However, the filename contains no role or opera text, the exact pixel dimensions differ from the XLS image width/height fields, and this does not prove historical identity. The aspect ratios are broadly compatible with a thumbnail/downsample relationship, which is supporting evidence only. Observed image=123x150; XLS field=412x502; aspect_ratio_delta=0.0007171314741036827; network-expanded same hash=yes.",123,150,412,502,no,0.82,0.8207171314741036,0.0007171314741036827,yes_within_0.01,6535896720529dabf0d0353cd3d636c4a29a6723cb4c1b14e2c92afb7d1bc706
243,opera-21-243-s.jpg,unknown,,,,243,地煞,安天会,神仙脸,sequence_and_aspect_ratio_candidate_not_accepted,low,unknown,"Archive filename suffix 001-272 forms a bijection with XLS 序号 1-272, so a sequence-only candidate can be listed. However, the filename contains no role or opera text, the exact pixel dimensions differ from the XLS image width/height fields, and this does not prove historical identity. The aspect ratios are broadly compatible with a thumbnail/downsample relationship, which is supporting evidence only. Observed image=123x150; XLS field=412x502; aspect_ratio_delta=0.0007171314741036827; network-expanded same hash=yes.",123,150,412,502,no,0.82,0.8207171314741036,0.0007171314741036827,yes_within_0.01,61002492175df0d544ab587918b5be4be4c2d05660989d49854247cc8c5bb54b
244,opera-21-244-s.jpg,unknown,,,,244,雷公,安天会,象形脸,sequence_and_aspect_ratio_candidate_not_accepted,low,unknown,"Archive filename suffix 001-272 forms a bijection with XLS 序号 1-272, so a sequence-only candidate can be listed. However, the filename contains no role or opera text, the exact pixel dimensions differ from the XLS image width/height fields, and this does not prove historical identity. The aspect ratios are broadly compatible with a thumbnail/downsample relationship, which is supporting evidence only. Observed image=123x150; XLS field=412x502; aspect_ratio_delta=0.0007171314741036827; network-expanded same hash=yes.",123,150,412,502,no,0.82,0.8207171314741036,0.0007171314741036827,yes_within_0.01,ac135207da66bf5b5a697a4d4dbb4046de398990d6b0f44a42272f353e5b6889
245,opera-21-245-s.jpg,unknown,,,,245,牛魔王,芭蕉扇,象形脸,sequence_and_aspect_ratio_candidate_not_accepted,low,unknown,"Archive filename suffix 001-272 forms a bijection with XLS 序号 1-272, so a sequence-only candidate can be listed. However, the filename contains no role or opera text, the exact pixel dimensions differ from the XLS image width/height fields, and this does not prove historical identity. The aspect ratios are broadly compatible with a thumbnail/downsample relationship, which is supporting evidence only. Observed image=123x150; XLS field=412x502; aspect_ratio_delta=0.0007171314741036827; network-expanded same hash=yes.",123,150,412,502,no,0.82,0.8207171314741036,0.0007171314741036827,yes_within_0.01,7160cb0133da128fd5ecc76c33de67fd5cad978f7f43d620aff375fe42eac43e
246,opera-21-246-s.jpg,unknown,,,,246,猪八戒,高老庄,象形脸,sequence_and_aspect_ratio_candidate_not_accepted,low,unknown,"Archive filename suffix 001-272 forms a bijection with XLS 序号 1-272, so a sequence-only candidate can be listed. However, the filename contains no role or opera text, the exact pixel dimensions differ from the XLS image width/height fields, and this does not prove historical identity. The aspect ratios are broadly compatible with a thumbnail/downsample relationship, which is supporting evidence only. Observed image=123x150; XLS field=412x502; aspect_ratio_delta=0.0007171314741036827; network-expanded same hash=yes.",123,150,412,502,no,0.82,0.8207171314741036,0.0007171314741036827,yes_within_0.01,d35830897952114a65952ce786e9c4e8fcd4098293c08cb23da12ea6dd88b751
247,opera-21-247-s.jpg,unknown,,,,247,沙僧,流沙河,僧道脸,sequence_and_aspect_ratio_candidate_not_accepted,low,unknown,"Archive filename suffix 001-272 forms a bijection with XLS 序号 1-272, so a sequence-only candidate can be listed. However, the filename contains no role or opera text, the exact pixel dimensions differ from the XLS image width/height fields, and this does not prove historical identity. The aspect ratios are broadly compatible with a thumbnail/downsample relationship, which is supporting evidence only. Observed image=123x150; XLS field=412x502; aspect_ratio_delta=0.0007171314741036827; network-expanded same hash=yes.",123,150,412,502,no,0.82,0.8207171314741036,0.0007171314741036827,yes_within_0.01,7ee8a8b69040eeaf63b3e4a788a57a9446c8a5fed47e625b1dbcd902970ce3c8
248,opera-21-248-s.jpg,unknown,,,,248,奎木狼,黄袍怪,象形脸,sequence_and_aspect_ratio_candidate_not_accepted,low,unknown,"Archive filename suffix 001-272 forms a bijection with XLS 序号 1-272, so a sequence-only candidate can be listed. However, the filename contains no role or opera text, the exact pixel dimensions differ from the XLS image width/height fields, and this does not prove historical identity. The aspect ratios are broadly compatible with a thumbnail/downsample relationship, which is supporting evidence only. Observed image=123x150; XLS field=412x502; aspect_ratio_delta=0.0007171314741036827; network-expanded same hash=yes.",123,150,412,502,no,0.82,0.8207171314741036,0.0007171314741036827,yes_within_0.01,fe6ff4bf81e7dd379c751b65ad6acd22923ddf1bdf56b5900ee794692cb3ac83
249,opera-21-249-s.jpg,unknown,,,,249,青狮,狮驼岭,象形脸,sequence_and_aspect_ratio_candidate_not_accepted,low,unknown,"Archive filename suffix 001-272 forms a bijection with XLS 序号 1-272, so a sequence-only candidate can be listed. However, the filename contains no role or opera text, the exact pixel dimensions differ from the XLS image width/height fields, and this does not prove historical identity. The aspect ratios are broadly compatible with a thumbnail/downsample relationship, which is supporting evidence only. Observed image=123x150; XLS field=412x502; aspect_ratio_delta=0.0007171314741036827; network-expanded same hash=yes.",123,150,412,502,no,0.82,0.8207171314741036,0.0007171314741036827,yes_within_0.01,0e26aa150a1b7b7e341bd7d82de26920df7db2b82ccd5a16673c8f3907e5b16d
250,opera-21-250-s.jpg,unknown,,,,250,猫神,无底洞,象形脸,sequence_and_aspect_ratio_candidate_not_accepted,low,unknown,"Archive filename suffix 001-272 forms a bijection with XLS 序号 1-272, so a sequence-only candidate can be listed. However, the filename contains no role or opera text, the exact pixel dimensions differ from the XLS image width/height fields, and this does not prove historical identity. The aspect ratios are broadly compatible with a thumbnail/downsample relationship, which is supporting evidence only. Observed image=123x150; XLS field=412x502; aspect_ratio_delta=0.0007171314741036827; network-expanded same hash=yes.",123,150,412,502,no,0.82,0.8207171314741036,0.0007171314741036827,yes_within_0.01,62187af2087d8a3cd22bb8e4995774f46f45f03fba879d6009eec7af2cd93be0
251,opera-21-251-s.jpg,unknown,,,,251,白象,狮驼岭,象形脸,sequence_and_aspect_ratio_candidate_not_accepted,low,unknown,"Archive filename suffix 001-272 forms a bijection with XLS 序号 1-272, so a sequence-only candidate can be listed. However, the filename contains no role or opera text, the exact pixel dimensions differ from the XLS image width/height fields, and this does not prove historical identity. The aspect ratios are broadly compatible with a thumbnail/downsample relationship, which is supporting evidence only. Observed image=123x150; XLS field=412x502; aspect_ratio_delta=0.0007171314741036827; network-expanded same hash=yes.",123,150,412,502,no,0.82,0.8207171314741036,0.0007171314741036827,yes_within_0.01,8abc7b05a80a8ab0757523a1d442af7ca2ff7cae5895f565720d766fb751bb24
252,opera-21-252-s.jpg,unknown,,,,252,金钱豹,红梅山,象形脸,sequence_and_aspect_ratio_candidate_not_accepted,low,unknown,"Archive filename suffix 001-272 forms a bijection with XLS 序号 1-272, so a sequence-only candidate can be listed. However, the filename contains no role or opera text, the exact pixel dimensions differ from the XLS image width/height fields, and this does not prove historical identity. The aspect ratios are broadly compatible with a thumbnail/downsample relationship, which is supporting evidence only. Observed image=123x150; XLS field=412x502; aspect_ratio_delta=0.0007171314741036827; network-expanded same hash=yes.",123,150,412,502,no,0.82,0.8207171314741036,0.0007171314741036827,yes_within_0.01,f0148661302a49f507260a31dcef3856febd857d0da267a0c2f322566ad56922
253,opera-22-253-s.jpg,unknown,,,,253,孔宣,百草山,象形脸,sequence_and_aspect_ratio_candidate_not_accepted,low,unknown,"Archive filename suffix 001-272 forms a bijection with XLS 序号 1-272, so a sequence-only candidate can be listed. However, the filename contains no role or opera text, the exact pixel dimensions differ from the XLS image width/height fields, and this does not prove historical identity. The aspect ratios are broadly compatible with a thumbnail/downsample relationship, which is supporting evidence only. Observed image=123x150; XLS field=412x502; aspect_ratio_delta=0.0007171314741036827; network-expanded same hash=yes.",123,150,412,502,no,0.82,0.8207171314741036,0.0007171314741036827,yes_within_0.01,20c4b5ade42341434d10572b95b3f60630bcc5bcb70f99f4cdec87f212792a21
254,opera-22-254-s.jpg,unknown,,,,254,白日鹤,百草山,象形脸,sequence_and_aspect_ratio_candidate_not_accepted,low,unknown,"Archive filename suffix 001-272 forms a bijection with XLS 序号 1-272, so a sequence-only candidate can be listed. However, the filename contains no role or opera text, the exact pixel dimensions differ from the XLS image width/height fields, and this does not prove historical identity. The aspect ratios are broadly compatible with a thumbnail/downsample relationship, which is supporting evidence only. Observed image=123x150; XLS field=412x502; aspect_ratio_delta=0.0007171314741036827; network-expanded same hash=yes.",123,150,412,502,no,0.82,0.8207171314741036,0.0007171314741036827,yes_within_0.01,73c5fa48560d4d36557f9ea239cebd1764f9ef3a10ca343912fcd67d16a96f28
255,opera-22-255-s.jpg,unknown,,,,255,通雀鸟,百草山,象形脸,sequence_and_aspect_ratio_candidate_not_accepted,low,unknown,"Archive filename suffix 001-272 forms a bijection with XLS 序号 1-272, so a sequence-only candidate can be listed. However, the filename contains no role or opera text, the exact pixel dimensions differ from the XLS image width/height fields, and this does not prove historical identity. The aspect ratios are broadly compatible with a thumbnail/downsample relationship, which is supporting evidence only. Observed image=123x150; XLS field=412x502; aspect_ratio_delta=0.0007171314741036827; network-expanded same hash=yes.",123,150,412,502,no,0.82,0.8207171314741036,0.0007171314741036827,yes_within_0.01,b03c14164032c88c0cf8dc97cbaac3c8885189c4f894c82073a9950f0acf7189
256,opera-22-256-s.jpg,unknown,,,,256,大鹏,狮驼岭,象形脸,sequence_and_aspect_ratio_candidate_not_accepted,low,unknown,"Archive filename suffix 001-272 forms a bijection with XLS 序号 1-272, so a sequence-only candidate can be listed. However, the filename contains no role or opera text, the exact pixel dimensions differ from the XLS image width/height fields, and this does not prove historical identity. The aspect ratios are broadly compatible with a thumbnail/downsample relationship, which is supporting evidence only. Observed image=123x150; XLS field=412x502; aspect_ratio_delta=0.0007171314741036827; network-expanded same hash=yes.",123,150,412,502,no,0.82,0.8207171314741036,0.0007171314741036827,yes_within_0.01,370d7b27f1545a43665667ebbd0bdff10a87717b73c2d8a62f1f53261dec386f
257,opera-22-257-s.jpg,unknown,,,,257,敖广,水帘洞,三块瓦脸,sequence_and_aspect_ratio_candidate_not_accepted,low,unknown,"Archive filename suffix 001-272 forms a bijection with XLS 序号 1-272, so a sequence-only candidate can be listed. However, the filename contains no role or opera text, the exact pixel dimensions differ from the XLS image width/height fields, and this does not prove historical identity. The aspect ratios are broadly compatible with a thumbnail/downsample relationship, which is supporting evidence only. Observed image=123x150; XLS field=412x502; aspect_ratio_delta=0.0007171314741036827; network-expanded same hash=yes.",123,150,412,502,no,0.82,0.8207171314741036,0.0007171314741036827,yes_within_0.01,8e3e338223488a7ef41529752cb6da63a3dbce70b25fc49ccd114ebd1bf9af02
258,opera-22-258-s.jpg,unknown,,,,258,虾将,水帘洞,小妖脸,sequence_and_aspect_ratio_candidate_not_accepted,low,unknown,"Archive filename suffix 001-272 forms a bijection with XLS 序号 1-272, so a sequence-only candidate can be listed. However, the filename contains no role or opera text, the exact pixel dimensions differ from the XLS image width/height fields, and this does not prove historical identity. The aspect ratios are broadly compatible with a thumbnail/downsample relationship, which is supporting evidence only. Observed image=123x150; XLS field=412x502; aspect_ratio_delta=0.0007171314741036827; network-expanded same hash=yes.",123,150,412,502,no,0.82,0.8207171314741036,0.0007171314741036827,yes_within_0.01,f408f06ed642f324061e997061b0a19b62829fdae37e7ea50e30b673363cdef6
259,opera-22-259-s.jpg,unknown,,,,259,敖闰,水帘洞,三块瓦脸,sequence_and_aspect_ratio_candidate_not_accepted,low,unknown,"Archive filename suffix 001-272 forms a bijection with XLS 序号 1-272, so a sequence-only candidate can be listed. However, the filename contains no role or opera text, the exact pixel dimensions differ from the XLS image width/height fields, and this does not prove historical identity. The aspect ratios are broadly compatible with a thumbnail/downsample relationship, which is supporting evidence only. Observed image=123x150; XLS field=412x502; aspect_ratio_delta=0.0007171314741036827; network-expanded same hash=yes.",123,150,412,502,no,0.82,0.8207171314741036,0.0007171314741036827,yes_within_0.01,5abd2021765481772a444a5b2ca888a3b525f4f54f769118c939ee90897cfd63
260,opera-22-260-s.jpg,unknown,,,,260,龟帅,水帘洞,,sequence_and_aspect_ratio_candidate_not_accepted,low,unknown,"Archive filename suffix 001-272 forms a bijection with XLS 序号 1-272, so a sequence-only candidate can be listed. However, the filename contains no role or opera text, the exact pixel dimensions differ from the XLS image width/height fields, and this does not prove historical identity. The aspect ratios are broadly compatible with a thumbnail/downsample relationship, which is supporting evidence only. Observed image=123x150; XLS field=412x502; aspect_ratio_delta=0.0007171314741036827; network-expanded same hash=yes.",123,150,412,502,no,0.82,0.8207171314741036,0.0007171314741036827,yes_within_0.01,fafe109c45045a4589686a98260bc3b77a76d3454b3e4deb52343152eee4b6cc
261,opera-22-261-s.jpg,unknown,,,,261,北斗星君,百寿图,三块瓦脸,sequence_and_aspect_ratio_candidate_not_accepted,low,unknown,"Archive filename suffix 001-272 forms a bijection with XLS 序号 1-272, so a sequence-only candidate can be listed. However, the filename contains no role or opera text, the exact pixel dimensions differ from the XLS image width/height fields, and this does not prove historical identity. The aspect ratios are broadly compatible with a thumbnail/downsample relationship, which is supporting evidence only. Observed image=123x150; XLS field=412x502; aspect_ratio_delta=0.0007171314741036827; network-expanded same hash=yes.",123,150,412,502,no,0.82,0.8207171314741036,0.0007171314741036827,yes_within_0.01,da435555ed7dff68f1d57f6c0152c83fe30fe558407ecdb3dab26d55dd8ed9c6
262,opera-22-262-s.jpg,unknown,,,,262,汉钟离,八仙过海,神仙脸,sequence_and_aspect_ratio_candidate_not_accepted,low,unknown,"Archive filename suffix 001-272 forms a bijection with XLS 序号 1-272, so a sequence-only candidate can be listed. However, the filename contains no role or opera text, the exact pixel dimensions differ from the XLS image width/height fields, and this does not prove historical identity. The aspect ratios are broadly compatible with a thumbnail/downsample relationship, which is supporting evidence only. Observed image=123x150; XLS field=412x502; aspect_ratio_delta=0.0007171314741036827; network-expanded same hash=yes.",123,150,412,502,no,0.82,0.8207171314741036,0.0007171314741036827,yes_within_0.01,10fef65e1ba48927004f7f089b366b54898ccd334e3f689ee1c0633e07f4483f
263,opera-22-263-s.jpg,unknown,,,,263,柳金,八仙过海,碎脸,sequence_and_aspect_ratio_candidate_not_accepted,low,unknown,"Archive filename suffix 001-272 forms a bijection with XLS 序号 1-272, so a sequence-only candidate can be listed. However, the filename contains no role or opera text, the exact pixel dimensions differ from the XLS image width/height fields, and this does not prove historical identity. The aspect ratios are broadly compatible with a thumbnail/downsample relationship, which is supporting evidence only. Observed image=123x150; XLS field=412x502; aspect_ratio_delta=0.0007171314741036827; network-expanded same hash=yes.",123,150,412,502,no,0.82,0.8207171314741036,0.0007171314741036827,yes_within_0.01,0727f56bbbf5f9e837e17fe62d9aea8e9fe0d4798da4562e7dd91730f867c025
264,opera-22-264-s.jpg,unknown,,,,264,玉兔,嫦娥奔月,象形脸,sequence_and_aspect_ratio_candidate_not_accepted,low,unknown,"Archive filename suffix 001-272 forms a bijection with XLS 序号 1-272, so a sequence-only candidate can be listed. However, the filename contains no role or opera text, the exact pixel dimensions differ from the XLS image width/height fields, and this does not prove historical identity. The aspect ratios are broadly compatible with a thumbnail/downsample relationship, which is supporting evidence only. Observed image=123x150; XLS field=412x502; aspect_ratio_delta=0.0007171314741036827; network-expanded same hash=yes.",123,150,412,502,no,0.82,0.8207171314741036,0.0007171314741036827,yes_within_0.01,f6b0f9ab6f69a3afe63314417f600b852b63805892e4f7cd4aa5cfe15b405443
265,opera-23-265-s.jpg,unknown,,,,265,赖团仙,五花洞,象形脸,sequence_and_aspect_ratio_candidate_not_accepted,low,unknown,"Archive filename suffix 001-272 forms a bijection with XLS 序号 1-272, so a sequence-only candidate can be listed. However, the filename contains no role or opera text, the exact pixel dimensions differ from the XLS image width/height fields, and this does not prove historical identity. The aspect ratios are broadly compatible with a thumbnail/downsample relationship, which is supporting evidence only. Observed image=123x150; XLS field=412x502; aspect_ratio_delta=0.0007171314741036827; network-expanded same hash=yes.",123,150,412,502,no,0.82,0.8207171314741036,0.0007171314741036827,yes_within_0.01,57c468a8467661a8070ebb83ee0b1a0d754ad6f366df15e99bb594fbcc031b85
266,opera-23-266-s.jpg,unknown,,,,266,金头仙,五花洞,象形脸,sequence_and_aspect_ratio_candidate_not_accepted,low,unknown,"Archive filename suffix 001-272 forms a bijection with XLS 序号 1-272, so a sequence-only candidate can be listed. However, the filename contains no role or opera text, the exact pixel dimensions differ from the XLS image width/height fields, and this does not prove historical identity. The aspect ratios are broadly compatible with a thumbnail/downsample relationship, which is supporting evidence only. Observed image=123x150; XLS field=412x502; aspect_ratio_delta=0.0007171314741036827; network-expanded same hash=yes.",123,150,412,502,no,0.82,0.8207171314741036,0.0007171314741036827,yes_within_0.01,ccbea63d870c08a073750fadc1e55b638ca1b0753f630696e53ee4dc77b894bf
267,opera-23-267-s.jpg,unknown,,,,267,哮天犬,安天会,象形脸,sequence_and_aspect_ratio_candidate_not_accepted,low,unknown,"Archive filename suffix 001-272 forms a bijection with XLS 序号 1-272, so a sequence-only candidate can be listed. However, the filename contains no role or opera text, the exact pixel dimensions differ from the XLS image width/height fields, and this does not prove historical identity. The aspect ratios are broadly compatible with a thumbnail/downsample relationship, which is supporting evidence only. Observed image=123x150; XLS field=423x515; aspect_ratio_delta=0.0013592233009709354; network-expanded same hash=yes.",123,150,423,515,no,0.82,0.8213592233009709,0.0013592233009709354,yes_within_0.01,c9a39759cceb26a97f6f19a3fcb05c872308dee11444c2eb2871fb553dffcce9
268,opera-23-268-s.jpg,unknown,,,,268,蝎仙,五花洞,象形脸,sequence_and_aspect_ratio_candidate_not_accepted,low,unknown,"Archive filename suffix 001-272 forms a bijection with XLS 序号 1-272, so a sequence-only candidate can be listed. However, the filename contains no role or opera text, the exact pixel dimensions differ from the XLS image width/height fields, and this does not prove historical identity. The aspect ratios are broadly compatible with a thumbnail/downsample relationship, which is supporting evidence only. Observed image=123x150; XLS field=412x502; aspect_ratio_delta=0.0007171314741036827; network-expanded same hash=yes.",123,150,412,502,no,0.82,0.8207171314741036,0.0007171314741036827,yes_within_0.01,4049ef919bfb8491cf5bbf02db3ea3b70fe09455b4ba47fca047cab9f1b0655f
269,opera-23-269-s.jpg,unknown,,,,269,韦陀,白蛇传·合钵,神仙脸,sequence_and_aspect_ratio_candidate_not_accepted,low,unknown,"Archive filename suffix 001-272 forms a bijection with XLS 序号 1-272, so a sequence-only candidate can be listed. However, the filename contains no role or opera text, the exact pixel dimensions differ from the XLS image width/height fields, and this does not prove historical identity. The aspect ratios are broadly compatible with a thumbnail/downsample relationship, which is supporting evidence only. Observed image=123x150; XLS field=412x502; aspect_ratio_delta=0.0007171314741036827; network-expanded same hash=yes.",123,150,412,502,no,0.82,0.8207171314741036,0.0007171314741036827,yes_within_0.01,3ad9fe891662899507059ff567e9956ee2525df01a123c46b7acdbb0086f6ac7
270,opera-23-270-s.jpg,unknown,,,,270,鹿童,盗仙草,象形脸,sequence_and_aspect_ratio_candidate_not_accepted,low,unknown,"Archive filename suffix 001-272 forms a bijection with XLS 序号 1-272, so a sequence-only candidate can be listed. However, the filename contains no role or opera text, the exact pixel dimensions differ from the XLS image width/height fields, and this does not prove historical identity. The aspect ratios are broadly compatible with a thumbnail/downsample relationship, which is supporting evidence only. Observed image=123x150; XLS field=412x502; aspect_ratio_delta=0.0007171314741036827; network-expanded same hash=yes.",123,150,412,502,no,0.82,0.8207171314741036,0.0007171314741036827,yes_within_0.01,a604bb916481771b353ddf31ab2fc09df179300a37c5f242d093a279db009626
271,opera-23-271-s.jpg,unknown,,,,271,太乙真人,乾元山,三块瓦脸,sequence_and_aspect_ratio_candidate_not_accepted,low,unknown,"Archive filename suffix 001-272 forms a bijection with XLS 序号 1-272, so a sequence-only candidate can be listed. However, the filename contains no role or opera text, the exact pixel dimensions differ from the XLS image width/height fields, and this does not prove historical identity. The aspect ratios are broadly compatible with a thumbnail/downsample relationship, which is supporting evidence only. Observed image=123x150; XLS field=412x502; aspect_ratio_delta=0.0007171314741036827; network-expanded same hash=yes.",123,150,412,502,no,0.82,0.8207171314741036,0.0007171314741036827,yes_within_0.01,d94e587aa098889dca1a4ef0c5a7925d09b7a65614a1a0b260165d9b39f662dc
272,opera-23-272-s.jpg,unknown,,,,272,鹤童,盗仙草,象形脸,sequence_and_aspect_ratio_candidate_not_accepted,low,unknown,"Archive filename suffix 001-272 forms a bijection with XLS 序号 1-272, so a sequence-only candidate can be listed. However, the filename contains no role or opera text, the exact pixel dimensions differ from the XLS image width/height fields, and this does not prove historical identity. The aspect ratios are broadly compatible with a thumbnail/downsample relationship, which is supporting evidence only. Observed image=123x150; XLS field=412x502; aspect_ratio_delta=0.0007171314741036827; network-expanded same hash=yes.",123,150,412,502,no,0.82,0.8207171314741036,0.0007171314741036827,yes_within_0.01,16874c0a8f464ad630ba3e1202b2a661a49d24d106d43bf2d14411d2ea6caf8c
