dataset_version,image_id,image_path,image_filename,archive_member_name,sequence,candidate_metadata_id,role,opera,raw_face_type,mapping_status,mapping_evidence,label_status,image_read_status,image_file_format,image_width,image_height,image_file_size_bytes,image_sha256,sha256_group_size,duplicate_sha256_within_272,metadata_image_format,metadata_image_width,metadata_image_height,paper_mentioned_model_category,modern_v1_included,modern_v1_exclusion_reason,split,split_seed,notes
modern_v1,001,data/raw/脸谱/整理工作/爬虫脸谱图集.zip::爬虫脸谱图集/opera-01-001-s.jpg,opera-01-001-s.jpg,爬虫脸谱图集/opera-01-001-s.jpg,1,001,郑伦,青龙关,三块瓦脸,user_confirmed_sequence_mapping,Project owner confirmed on 2026-09-20 that Excel 序号 and the image filename number are one-to-one for the current POPF dataset.,present,readable,JPEG,123,150,15760,0aba39c201b6a13aea2e0f6b68de43766d837cf159ec05ccc4beabada9f28688,1,no,jpg,287,350,not_evaluated,yes,,train,42,Sequence mapping is accepted for the current project dataset based on project-owner confirmation. Label analysis uses the current XLS raw 谱式 values.
modern_v1,002,data/raw/脸谱/整理工作/爬虫脸谱图集.zip::爬虫脸谱图集/opera-01-002-s.jpg,opera-01-002-s.jpg,爬虫脸谱图集/opera-01-002-s.jpg,2,002,后羿,嫦娥奔月,三块瓦脸,user_confirmed_sequence_mapping,Project owner confirmed on 2026-09-20 that Excel 序号 and the image filename number are one-to-one for the current POPF dataset.,present,readable,JPEG,123,149,15965,ffd50db0e3b16f62676a68dc92cf83d5972ba8a6d33d1c46d793c5f23ca522a5,1,no,jpg,328,400,not_evaluated,yes,,train,42,Sequence mapping is accepted for the current project dataset based on project-owner confirmation. Label analysis uses the current XLS raw 谱式 values.
modern_v1,003,data/raw/脸谱/整理工作/爬虫脸谱图集.zip::爬虫脸谱图集/opera-01-003-s.jpg,opera-01-003-s.jpg,爬虫脸谱图集/opera-01-003-s.jpg,3,003,陈奇,青龙关,碎脸,user_confirmed_sequence_mapping,Project owner confirmed on 2026-09-20 that Excel 序号 and the image filename number are one-to-one for the current POPF dataset.,present,readable,JPEG,123,150,16354,2f9ec11b4b27ae0dee684efcdc9564902db3f2c8084d131ef5128e030a881526,1,no,jpg,328,400,not_evaluated,yes,,train,42,Sequence mapping is accepted for the current project dataset based on project-owner confirmation. Label analysis uses the current XLS raw 谱式 values.
modern_v1,004,data/raw/脸谱/整理工作/爬虫脸谱图集.zip::爬虫脸谱图集/opera-01-004-s.jpg,opera-01-004-s.jpg,爬虫脸谱图集/opera-01-004-s.jpg,4,004,土行孙,攻潼关,象形脸,user_confirmed_sequence_mapping,Project owner confirmed on 2026-09-20 that Excel 序号 and the image filename number are one-to-one for the current POPF dataset.,present,readable,JPEG,123,150,15605,04122e3ac9866f6b102521e8e70924b30c2ca04178dcf1109b5dc4968956d1a7,1,no,jpg,409,499,not_evaluated,yes,,train,42,Sequence mapping is accepted for the current project dataset based on project-owner confirmation. Label analysis uses the current XLS raw 谱式 values.
modern_v1,005,data/raw/脸谱/整理工作/爬虫脸谱图集.zip::爬虫脸谱图集/opera-01-005-s.jpg,opera-01-005-s.jpg,爬虫脸谱图集/opera-01-005-s.jpg,5,005,闻仲,大回朝,六分脸,user_confirmed_sequence_mapping,Project owner confirmed on 2026-09-20 that Excel 序号 and the image filename number are one-to-one for the current POPF dataset.,present,readable,JPEG,123,150,13554,06141b6b3e618fe193fb93c27d2e92217ffd6c59af4e7ec725c60ea20f250359,1,no,jpg,412,502,not_evaluated,yes,,validation,42,Sequence mapping is accepted for the current project dataset based on project-owner confirmation. Label analysis uses the current XLS raw 谱式 values.
modern_v1,006,data/raw/脸谱/整理工作/爬虫脸谱图集.zip::爬虫脸谱图集/opera-01-006-s.jpg,opera-01-006-s.jpg,爬虫脸谱图集/opera-01-006-s.jpg,6,006,姜尚,渭水河,整脸,user_confirmed_sequence_mapping,Project owner confirmed on 2026-09-20 that Excel 序号 and the image filename number are one-to-one for the current POPF dataset.,present,readable,JPEG,123,150,14991,f7312d54a9efb72a540c635ea0b6197523591e980c3b44f05ff980d6a91d7299,1,no,jpg,412,502,not_evaluated,yes,,test,42,Sequence mapping is accepted for the current project dataset based on project-owner confirmation. Label analysis uses the current XLS raw 谱式 values.
modern_v1,007,data/raw/脸谱/整理工作/爬虫脸谱图集.zip::爬虫脸谱图集/opera-01-007-s.jpg,opera-01-007-s.jpg,爬虫脸谱图集/opera-01-007-s.jpg,7,007,崇侯虎,进妲己,花三块瓦脸,user_confirmed_sequence_mapping,Project owner confirmed on 2026-09-20 that Excel 序号 and the image filename number are one-to-one for the current POPF dataset.,present,readable,JPEG,123,150,15775,138f5af12c7630c12ea5a7d91b4f4a8d8e78b0bf38ee29b498953b83b39cff61,1,no,jpg,412,502,not_evaluated,yes,,train,42,Sequence mapping is accepted for the current project dataset based on project-owner confirmation. Label analysis uses the current XLS raw 谱式 values.
modern_v1,008,data/raw/脸谱/整理工作/爬虫脸谱图集.zip::爬虫脸谱图集/opera-01-008-s.jpg,opera-01-008-s.jpg,爬虫脸谱图集/opera-01-008-s.jpg,8,008,崇黑虎,进妲己,三块瓦脸,user_confirmed_sequence_mapping,Project owner confirmed on 2026-09-20 that Excel 序号 and the image filename number are one-to-one for the current POPF dataset.,present,readable,JPEG,123,150,14490,952f468618f4d6f48fb2ecbeed041cf8a7247c9624de184b1b9c833487a2407f,1,no,jpg,412,502,not_evaluated,yes,,validation,42,Sequence mapping is accepted for the current project dataset based on project-owner confirmation. Label analysis uses the current XLS raw 谱式 values.
modern_v1,009,data/raw/脸谱/整理工作/爬虫脸谱图集.zip::爬虫脸谱图集/opera-01-009-s.jpg,opera-01-009-s.jpg,爬虫脸谱图集/opera-01-009-s.jpg,9,009,姬僚,鱼肠剑,三块瓦脸,user_confirmed_sequence_mapping,Project owner confirmed on 2026-09-20 that Excel 序号 and the image filename number are one-to-one for the current POPF dataset.,present,readable,JPEG,123,150,14354,177b63d7f2dc5e639991fd489bcff69f297adf1f8a2b1ffcf304170951636c9a,1,no,jpg,412,502,not_evaluated,yes,,train,42,Sequence mapping is accepted for the current project dataset based on project-owner confirmation. Label analysis uses the current XLS raw 谱式 values.
modern_v1,010,data/raw/脸谱/整理工作/爬虫脸谱图集.zip::爬虫脸谱图集/opera-01-010-s.jpg,opera-01-010-s.jpg,爬虫脸谱图集/opera-01-010-s.jpg,10,010,米南凹,文昭关,三块瓦脸,user_confirmed_sequence_mapping,Project owner confirmed on 2026-09-20 that Excel 序号 and the image filename number are one-to-one for the current POPF dataset.,present,readable,JPEG,123,150,14033,9c03d7634718bdcc92f64cfd6cb39e26afbe64f1e323677e9ec682ee797b8c70,1,no,jpg,412,502,not_evaluated,yes,,train,42,Sequence mapping is accepted for the current project dataset based on project-owner confirmation. Label analysis uses the current XLS raw 谱式 values.
modern_v1,011,data/raw/脸谱/整理工作/爬虫脸谱图集.zip::爬虫脸谱图集/opera-01-011-s.jpg,opera-01-011-s.jpg,爬虫脸谱图集/opera-01-011-s.jpg,11,011,李刚,庆阳图,十字门脸,user_confirmed_sequence_mapping,Project owner confirmed on 2026-09-20 that Excel 序号 and the image filename number are one-to-one for the current POPF dataset.,present,readable,JPEG,123,150,13797,da33fce8d604b189dd79dd6582a198f3a4e823e80accea77a619f44d69c71489,1,no,jpg,412,502,not_evaluated,yes,,train,42,Sequence mapping is accepted for the current project dataset based on project-owner confirmation. Label analysis uses the current XLS raw 谱式 values.
modern_v1,012,data/raw/脸谱/整理工作/爬虫脸谱图集.zip::爬虫脸谱图集/opera-01-012-s.jpg,opera-01-012-s.jpg,爬虫脸谱图集/opera-01-012-s.jpg,12,012,廉颇,将相和,三块瓦脸,user_confirmed_sequence_mapping,Project owner confirmed on 2026-09-20 that Excel 序号 and the image filename number are one-to-one for the current POPF dataset.,present,readable,JPEG,123,150,13424,630272ee95305c5c3c0dc54cb7858b62082bcc6f13074a15af39bd3552947a38,1,no,jpg,412,502,not_evaluated,yes,,train,42,Sequence mapping is accepted for the current project dataset based on project-owner confirmation. Label analysis uses the current XLS raw 谱式 values.
modern_v1,013,data/raw/脸谱/整理工作/爬虫脸谱图集.zip::爬虫脸谱图集/opera-02-013-s.jpg,opera-02-013-s.jpg,爬虫脸谱图集/opera-02-013-s.jpg,13,013,伊立,黄金台,太监脸,user_confirmed_sequence_mapping,Project owner confirmed on 2026-09-20 that Excel 序号 and the image filename number are one-to-one for the current POPF dataset.,present,readable,JPEG,123,150,13914,bf9b6395e6c5119c71db3ab0ab9ac0161899cd5164a26a3ef8919e45ac0ec977,1,no,jpg,412,502,not_evaluated,no,class_below_min_samples_per_class_10,,42,Sequence mapping is accepted for the current project dataset based on project-owner confirmation. Label analysis uses the current XLS raw 谱式 values.
modern_v1,014,data/raw/脸谱/整理工作/爬虫脸谱图集.zip::爬虫脸谱图集/opera-02-014-s.jpg,opera-02-014-s.jpg,爬虫脸谱图集/opera-02-014-s.jpg,14,014,胡伤,将相和,花三块瓦脸,user_confirmed_sequence_mapping,Project owner confirmed on 2026-09-20 that Excel 序号 and the image filename number are one-to-one for the current POPF dataset.,present,readable,JPEG,123,150,14130,981b7a724cb4c1ddb7e7c35b58a43683b50697b7816c25afc1b0ea85cc027d5a,1,no,jpg,412,502,not_evaluated,yes,,train,42,Sequence mapping is accepted for the current project dataset based on project-owner confirmation. Label analysis uses the current XLS raw 谱式 values.
modern_v1,015,data/raw/脸谱/整理工作/爬虫脸谱图集.zip::爬虫脸谱图集/opera-02-015-s.jpg,opera-02-015-s.jpg,爬虫脸谱图集/opera-02-015-s.jpg,15,015,荆轲,荆轲传,三块瓦脸,user_confirmed_sequence_mapping,Project owner confirmed on 2026-09-20 that Excel 序号 and the image filename number are one-to-one for the current POPF dataset.,present,readable,JPEG,123,150,15215,63626bd6563a1f1768f32d6c704664f964ab837d264eed5618f32107a8469701,1,no,jpg,412,502,not_evaluated,yes,,train,42,Sequence mapping is accepted for the current project dataset based on project-owner confirmation. Label analysis uses the current XLS raw 谱式 values.
modern_v1,016,data/raw/脸谱/整理工作/爬虫脸谱图集.zip::爬虫脸谱图集/opera-02-016-s.jpg,opera-02-016-s.jpg,爬虫脸谱图集/opera-02-016-s.jpg,16,016,赵高,宇宙锋,整脸,user_confirmed_sequence_mapping,Project owner confirmed on 2026-09-20 that Excel 序号 and the image filename number are one-to-one for the current POPF dataset.,present,readable,JPEG,123,150,13465,66059b16f4b60b18083a69eac83c270d282ad3d91cbb02f1c7741b12811054d8,1,no,jpg,412,502,not_evaluated,yes,,train,42,Sequence mapping is accepted for the current project dataset based on project-owner confirmation. Label analysis uses the current XLS raw 谱式 values.
modern_v1,017,data/raw/脸谱/整理工作/爬虫脸谱图集.zip::爬虫脸谱图集/opera-02-017-s.jpg,opera-02-017-s.jpg,爬虫脸谱图集/opera-02-017-s.jpg,17,017,牛邈,闹昆阳,花三块瓦脸,user_confirmed_sequence_mapping,Project owner confirmed on 2026-09-20 that Excel 序号 and the image filename number are one-to-one for the current POPF dataset.,present,readable,JPEG,123,150,17182,a3561997cb0ec84abae100c97275fef2e5ffbc8fe427f6c07ad3d6b902a928b2,1,no,jpg,367,450,not_evaluated,yes,,test,42,Sequence mapping is accepted for the current project dataset based on project-owner confirmation. Label analysis uses the current XLS raw 谱式 values.
modern_v1,018,data/raw/脸谱/整理工作/爬虫脸谱图集.zip::爬虫脸谱图集/opera-02-018-s.jpg,opera-02-018-s.jpg,爬虫脸谱图集/opera-02-018-s.jpg,18,018,姚刚,黄一刀,十字门脸,user_confirmed_sequence_mapping,Project owner confirmed on 2026-09-20 that Excel 序号 and the image filename number are one-to-one for the current POPF dataset.,present,readable,JPEG,123,152,14414,5fe10f6ab6a6d78cf42cb8e341f359d518f7982d3a9120bd22899da88d3e2620,1,no,jpg,365,450,not_evaluated,yes,,train,42,Sequence mapping is accepted for the current project dataset based on project-owner confirmation. Label analysis uses the current XLS raw 谱式 values.
modern_v1,019,data/raw/脸谱/整理工作/爬虫脸谱图集.zip::爬虫脸谱图集/opera-02-019-s.jpg,opera-02-019-s.jpg,爬虫脸谱图集/opera-02-019-s.jpg,19,019,苏献,取洛阳,六分脸,user_confirmed_sequence_mapping,Project owner confirmed on 2026-09-20 that Excel 序号 and the image filename number are one-to-one for the current POPF dataset.,present,readable,JPEG,123,150,14421,0a430f12fe8a8fb9da6abd15a4b5e7483cbd5089e00853d609bff65847905565,1,no,jpg,368,450,not_evaluated,yes,,train,42,Sequence mapping is accepted for the current project dataset based on project-owner confirmation. Label analysis uses the current XLS raw 谱式 values.
modern_v1,020,data/raw/脸谱/整理工作/爬虫脸谱图集.zip::爬虫脸谱图集/opera-02-020-s.jpg,opera-02-020-s.jpg,爬虫脸谱图集/opera-02-020-s.jpg,20,020,马武,取洛阳,碎脸,user_confirmed_sequence_mapping,Project owner confirmed on 2026-09-20 that Excel 序号 and the image filename number are one-to-one for the current POPF dataset.,present,readable,JPEG,123,152,15745,ab78df7ad9999de1caf8250f02f234717e4ecd8f89c39cf48f320bd834183185,1,no,jpg,363,450,not_evaluated,yes,,validation,42,Sequence mapping is accepted for the current project dataset based on project-owner confirmation. Label analysis uses the current XLS raw 谱式 values.
modern_v1,021,data/raw/脸谱/整理工作/爬虫脸谱图集.zip::爬虫脸谱图集/opera-02-021-s.jpg,opera-02-021-s.jpg,爬虫脸谱图集/opera-02-021-s.jpg,21,021,张飞,长坂坡,十字门脸,user_confirmed_sequence_mapping,Project owner confirmed on 2026-09-20 that Excel 序号 and the image filename number are one-to-one for the current POPF dataset.,present,readable,JPEG,123,150,14650,8722f7e4ecae3cd43124034d9e96297ec2aad6bb42dfccf48f27f813e7e72f1b,1,no,jpg,369,450,not_evaluated,yes,,train,42,Sequence mapping is accepted for the current project dataset based on project-owner confirmation. Label analysis uses the current XLS raw 谱式 values.
modern_v1,022,data/raw/脸谱/整理工作/爬虫脸谱图集.zip::爬虫脸谱图集/opera-02-022-s.jpg,opera-02-022-s.jpg,爬虫脸谱图集/opera-02-022-s.jpg,22,022,关羽,战长沙,整脸,user_confirmed_sequence_mapping,Project owner confirmed on 2026-09-20 that Excel 序号 and the image filename number are one-to-one for the current POPF dataset.,present,readable,JPEG,88,110,3232,e8ef7fbfb021f7aae0d6cadfc705858420853f5e6536543011adfbb567d9147b,1,no,jpg,361,450,not_evaluated,yes,,train,42,Sequence mapping is accepted for the current project dataset based on project-owner confirmation. Label analysis uses the current XLS raw 谱式 values.
modern_v1,023,data/raw/脸谱/整理工作/爬虫脸谱图集.zip::爬虫脸谱图集/opera-02-023-s.jpg,opera-02-023-s.jpg,爬虫脸谱图集/opera-02-023-s.jpg,23,023,庞统,柴桑口,三块瓦脸,user_confirmed_sequence_mapping,Project owner confirmed on 2026-09-20 that Excel 序号 and the image filename number are one-to-one for the current POPF dataset.,present,readable,JPEG,90,110,3501,772c1b7e7e4f20561f007d6bfd0d13c4bf7a9c95f71764fdf82679c9810f20da,1,no,jpg,368,450,not_evaluated,yes,,test,42,Sequence mapping is accepted for the current project dataset based on project-owner confirmation. Label analysis uses the current XLS raw 谱式 values.
modern_v1,024,data/raw/脸谱/整理工作/爬虫脸谱图集.zip::爬虫脸谱图集/opera-02-024-s.jpg,opera-02-024-s.jpg,爬虫脸谱图集/opera-02-024-s.jpg,24,024,周仓,单刀会,元宝脸,user_confirmed_sequence_mapping,Project owner confirmed on 2026-09-20 that Excel 序号 and the image filename number are one-to-one for the current POPF dataset.,present,readable,JPEG,89,110,3656,88212207f49e2794671f5fbcb00479ab5de38e9ff6bb8b7d8d5e668918ff368a,1,no,jpg,364,450,not_evaluated,no,class_below_min_samples_per_class_10,,42,Sequence mapping is accepted for the current project dataset based on project-owner confirmation. Label analysis uses the current XLS raw 谱式 values.
modern_v1,025,data/raw/脸谱/整理工作/爬虫脸谱图集.zip::爬虫脸谱图集/opera-03-025-s.jpg,opera-03-025-s.jpg,爬虫脸谱图集/opera-03-025-s.jpg,25,025,夏侯惇,战宛城,三块瓦脸,user_confirmed_sequence_mapping,Project owner confirmed on 2026-09-20 that Excel 序号 and the image filename number are one-to-one for the current POPF dataset.,present,readable,JPEG,90,110,3442,af3a110cba04c97785fa342932e795dab9c36070314f53361421b9863accefd7,1,no,jpg,369,450,not_evaluated,yes,,train,42,Sequence mapping is accepted for the current project dataset based on project-owner confirmation. Label analysis uses the current XLS raw 谱式 values.
modern_v1,026,data/raw/脸谱/整理工作/爬虫脸谱图集.zip::爬虫脸谱图集/opera-03-026-s.jpg,opera-03-026-s.jpg,爬虫脸谱图集/opera-03-026-s.jpg,26,026,夏侯渊,定军山,十字门脸,user_confirmed_sequence_mapping,Project owner confirmed on 2026-09-20 that Excel 序号 and the image filename number are one-to-one for the current POPF dataset.,present,readable,JPEG,92,110,3385,33de83a76f067dd742058294fd74fa3523c5648570e9ed69fabfececb4b3fcdd,1,no,jpg,375,450,not_evaluated,yes,,train,42,Sequence mapping is accepted for the current project dataset based on project-owner confirmation. Label analysis uses the current XLS raw 谱式 values.
modern_v1,027,data/raw/脸谱/整理工作/爬虫脸谱图集.zip::爬虫脸谱图集/opera-03-027-s.jpg,opera-03-027-s.jpg,爬虫脸谱图集/opera-03-027-s.jpg,27,027,许褚,战宛城,碎脸,user_confirmed_sequence_mapping,Project owner confirmed on 2026-09-20 that Excel 序号 and the image filename number are one-to-one for the current POPF dataset.,present,readable,JPEG,88,110,3530,513d6da981902e51ec7b9dc1c486445ce11c4456ce6567e6e1505dd04e2a071a,1,no,jpg,361,450,not_evaluated,yes,,train,42,Sequence mapping is accepted for the current project dataset based on project-owner confirmation. Label analysis uses the current XLS raw 谱式 values.
modern_v1,028,data/raw/脸谱/整理工作/爬虫脸谱图集.zip::爬虫脸谱图集/opera-03-028-s.jpg,opera-03-028-s.jpg,爬虫脸谱图集/opera-03-028-s.jpg,28,028,曹洪,战宛城,花三块瓦脸,user_confirmed_sequence_mapping,Project owner confirmed on 2026-09-20 that Excel 序号 and the image filename number are one-to-one for the current POPF dataset.,present,readable,JPEG,88,110,3648,d7f488522373c029149d0703720f289dcfe2497f6fae1b08021a2378137ebcd0,1,no,jpg,360,450,not_evaluated,yes,,train,42,Sequence mapping is accepted for the current project dataset based on project-owner confirmation. Label analysis uses the current XLS raw 谱式 values.
modern_v1,029,data/raw/脸谱/整理工作/爬虫脸谱图集.zip::爬虫脸谱图集/opera-03-029-s.jpg,opera-03-029-s.jpg,爬虫脸谱图集/opera-03-029-s.jpg,29,029,张郃,长坂坡,三块瓦脸,user_confirmed_sequence_mapping,Project owner confirmed on 2026-09-20 that Excel 序号 and the image filename number are one-to-one for the current POPF dataset.,present,readable,JPEG,90,110,3581,8ee0129b7d1d6fd8962c6e243112cab56989442ac47538873041efc65789a19d,1,no,jpg,369,450,not_evaluated,yes,,train,42,Sequence mapping is accepted for the current project dataset based on project-owner confirmation. Label analysis uses the current XLS raw 谱式 values.
modern_v1,030,data/raw/脸谱/整理工作/爬虫脸谱图集.zip::爬虫脸谱图集/opera-03-030-s.jpg,opera-03-030-s.jpg,爬虫脸谱图集/opera-03-030-s.jpg,30,030,徐晃,阳平关,花三块瓦脸,user_confirmed_sequence_mapping,Project owner confirmed on 2026-09-20 that Excel 序号 and the image filename number are one-to-one for the current POPF dataset.,present,readable,JPEG,90,110,2862,61cd263aee22cbc46622b73238ae2687021a3026accb351b3e41be1f4cfb55f5,1,no,jpg,369,450,not_evaluated,yes,,validation,42,Sequence mapping is accepted for the current project dataset based on project-owner confirmation. Label analysis uses the current XLS raw 谱式 values.
modern_v1,031,data/raw/脸谱/整理工作/爬虫脸谱图集.zip::爬虫脸谱图集/opera-03-031-s.jpg,opera-03-031-s.jpg,爬虫脸谱图集/opera-03-031-s.jpg,31,031,孟坦,过五关,三块瓦脸,user_confirmed_sequence_mapping,Project owner confirmed on 2026-09-20 that Excel 序号 and the image filename number are one-to-one for the current POPF dataset.,present,readable,JPEG,89,110,3655,06524d1f1e6155253a0f2781eaecc3b114fd546e5a19bdfbb884c6f894b0421c,1,no,jpg,364,450,not_evaluated,yes,,train,42,Sequence mapping is accepted for the current project dataset based on project-owner confirmation. Label analysis uses the current XLS raw 谱式 values.
modern_v1,032,data/raw/脸谱/整理工作/爬虫脸谱图集.zip::爬虫脸谱图集/opera-03-032-s.jpg,opera-03-032-s.jpg,爬虫脸谱图集/opera-03-032-s.jpg,32,032,蔡阳,古城会,三块瓦脸,user_confirmed_sequence_mapping,Project owner confirmed on 2026-09-20 that Excel 序号 and the image filename number are one-to-one for the current POPF dataset.,present,readable,JPEG,91,110,3007,e01e3f54177edfe0f2b0fde2c8d8ab0dcc1ee80f4888d5cff3411ab457c944ae,1,no,jpg,373,450,not_evaluated,yes,,train,42,Sequence mapping is accepted for the current project dataset based on project-owner confirmation. Label analysis uses the current XLS raw 谱式 values.
modern_v1,033,data/raw/脸谱/整理工作/爬虫脸谱图集.zip::爬虫脸谱图集/opera-03-033-s.jpg,opera-03-033-s.jpg,爬虫脸谱图集/opera-03-033-s.jpg,33,033,黄盖,群英会,六分脸,user_confirmed_sequence_mapping,Project owner confirmed on 2026-09-20 that Excel 序号 and the image filename number are one-to-one for the current POPF dataset.,present,readable,JPEG,86,110,2772,e0a26f41a1726297a3e24b54dcec4a0e0c249a15039b2ff169b001eeae681917,1,no,jpg,407,512,not_evaluated,yes,,test,42,Sequence mapping is accepted for the current project dataset based on project-owner confirmation. Label analysis uses the current XLS raw 谱式 values.
modern_v1,034,data/raw/脸谱/整理工作/爬虫脸谱图集.zip::爬虫脸谱图集/opera-03-034-s.jpg,opera-03-034-s.jpg,爬虫脸谱图集/opera-03-034-s.jpg,34,034,孙权,甘露寺,整脸,user_confirmed_sequence_mapping,Project owner confirmed on 2026-09-20 that Excel 序号 and the image filename number are one-to-one for the current POPF dataset.,present,readable,JPEG,94,110,3106,2be8310d0e6991409a37464465232733d26b68cb8406d1ba271ecadeff429748,1,no,jpg,414,482,not_evaluated,yes,,train,42,Sequence mapping is accepted for the current project dataset based on project-owner confirmation. Label analysis uses the current XLS raw 谱式 values.
modern_v1,035,data/raw/脸谱/整理工作/爬虫脸谱图集.zip::爬虫脸谱图集/opera-03-035-s.jpg,opera-03-035-s.jpg,爬虫脸谱图集/opera-03-035-s.jpg,35,035,吕蒙,走麦城,三块瓦脸,user_confirmed_sequence_mapping,Project owner confirmed on 2026-09-20 that Excel 序号 and the image filename number are one-to-one for the current POPF dataset.,present,readable,JPEG,90,110,3656,6f7cec255b65678d231a92a34428719131a1328d262dbe840d67c47eb0c803e0,1,no,jpg,421,512,not_evaluated,yes,,train,42,Sequence mapping is accepted for the current project dataset based on project-owner confirmation. Label analysis uses the current XLS raw 谱式 values.
modern_v1,036,data/raw/脸谱/整理工作/爬虫脸谱图集.zip::爬虫脸谱图集/opera-03-036-s.jpg,opera-03-036-s.jpg,爬虫脸谱图集/opera-03-036-s.jpg,36,036,太史慈,战合肥,碎脸,user_confirmed_sequence_mapping,Project owner confirmed on 2026-09-20 that Excel 序号 and the image filename number are one-to-one for the current POPF dataset.,present,readable,JPEG,91,110,3562,1af245e1608b6bd0a472745266fe516970c95da37bddd493de4ca6d21a4c37f7,1,no,jpg,425,512,not_evaluated,yes,,train,42,Sequence mapping is accepted for the current project dataset based on project-owner confirmation. Label analysis uses the current XLS raw 谱式 values.
modern_v1,037,data/raw/脸谱/整理工作/爬虫脸谱图集.zip::爬虫脸谱图集/opera-04-037-s.jpg,opera-04-037-s.jpg,爬虫脸谱图集/opera-04-037-s.jpg,37,037,蒋钦,甘露寺,三块瓦脸,user_confirmed_sequence_mapping,Project owner confirmed on 2026-09-20 that Excel 序号 and the image filename number are one-to-one for the current POPF dataset.,present,readable,JPEG,89,110,3385,1c7e7cb74c6df22c756957b39bd090499ca76a9166c23cf4179cde3b9b7da69a,1,no,jpg,413,513,not_evaluated,yes,,train,42,Sequence mapping is accepted for the current project dataset based on project-owner confirmation. Label analysis uses the current XLS raw 谱式 values.
modern_v1,038,data/raw/脸谱/整理工作/爬虫脸谱图集.zip::爬虫脸谱图集/opera-04-038-s.jpg,opera-04-038-s.jpg,爬虫脸谱图集/opera-04-038-s.jpg,38,038,凌统,甘宁百骑劫魏营,三块瓦脸,user_confirmed_sequence_mapping,Project owner confirmed on 2026-09-20 that Excel 序号 and the image filename number are one-to-one for the current POPF dataset.,present,readable,JPEG,92,110,3285,6321ffa1a965268ee54eaf63ac72dffe5b85d00f3bbd65f55636c776deffe9d7,1,no,jpg,429,512,not_evaluated,yes,,train,42,Sequence mapping is accepted for the current project dataset based on project-owner confirmation. Label analysis uses the current XLS raw 谱式 values.
modern_v1,039,data/raw/脸谱/整理工作/爬虫脸谱图集.zip::爬虫脸谱图集/opera-04-039-s.jpg,opera-04-039-s.jpg,爬虫脸谱图集/opera-04-039-s.jpg,39,039,周泰,连营寨,三块瓦脸,user_confirmed_sequence_mapping,Project owner confirmed on 2026-09-20 that Excel 序号 and the image filename number are one-to-one for the current POPF dataset.,present,readable,JPEG,85,110,3061,95a20c97f6b07b26ce8f419d4d2226ad8950fd8dc23c0a395ff6bac854da7593,1,no,jpg,423,512,not_evaluated,yes,,test,42,Sequence mapping is accepted for the current project dataset based on project-owner confirmation. Label analysis uses the current XLS raw 谱式 values.
modern_v1,040,data/raw/脸谱/整理工作/爬虫脸谱图集.zip::爬虫脸谱图集/opera-04-040-s.jpg,opera-04-040-s.jpg,爬虫脸谱图集/opera-04-040-s.jpg,40,040,周处,除三害,花三块瓦脸,user_confirmed_sequence_mapping,Project owner confirmed on 2026-09-20 that Excel 序号 and the image filename number are one-to-one for the current POPF dataset.,present,readable,JPEG,86,110,3264,8d2204bc6c33012c79c2722f0849ecf3d52a5bbccd3ef4f08181b7a0271acffb,1,no,jpg,401,512,not_evaluated,yes,,train,42,Sequence mapping is accepted for the current project dataset based on project-owner confirmation. Label analysis uses the current XLS raw 谱式 values.
modern_v1,041,data/raw/脸谱/整理工作/爬虫脸谱图集.zip::爬虫脸谱图集/opera-04-041-s.jpg,opera-04-041-s.jpg,爬虫脸谱图集/opera-04-041-s.jpg,41,041,秦英,乾坤带,花三块瓦脸,user_confirmed_sequence_mapping,Project owner confirmed on 2026-09-20 that Excel 序号 and the image filename number are one-to-one for the current POPF dataset.,present,readable,JPEG,88,110,5406,a94ba7f9f5ca05e184a57837a14445ec511725f8384d475ae560d178e77fbf7a,1,no,jpg,408,512,not_evaluated,yes,,validation,42,Sequence mapping is accepted for the current project dataset based on project-owner confirmation. Label analysis uses the current XLS raw 谱式 values.
modern_v1,042,data/raw/脸谱/整理工作/爬虫脸谱图集.zip::爬虫脸谱图集/opera-04-042-s.jpg,opera-04-042-s.jpg,爬虫脸谱图集/opera-04-042-s.jpg,42,042,窦一虎,棋盘山,碎脸,user_confirmed_sequence_mapping,Project owner confirmed on 2026-09-20 that Excel 序号 and the image filename number are one-to-one for the current POPF dataset.,present,readable,JPEG,89,110,5368,aa886fb42de15b1bb0e63276f0818c3bd041a21e099a91e7a81bb746e3e1357c,1,no,jpg,412,512,not_evaluated,yes,,train,42,Sequence mapping is accepted for the current project dataset based on project-owner confirmation. Label analysis uses the current XLS raw 谱式 values.
modern_v1,043,data/raw/脸谱/整理工作/爬虫脸谱图集.zip::爬虫脸谱图集/opera-04-043-s.jpg,opera-04-043-s.jpg,爬虫脸谱图集/opera-04-043-s.jpg,43,043,薛刚,闹花灯,三块瓦脸,user_confirmed_sequence_mapping,Project owner confirmed on 2026-09-20 that Excel 序号 and the image filename number are one-to-one for the current POPF dataset.,present,readable,JPEG,91,110,5274,3a549bee7bdc5be4abaefc93ea9a5098e68959f0537cc1c0e1741887ed1fda32,1,no,jpg,425,512,not_evaluated,yes,,test,42,Sequence mapping is accepted for the current project dataset based on project-owner confirmation. Label analysis uses the current XLS raw 谱式 values.
modern_v1,044,data/raw/脸谱/整理工作/爬虫脸谱图集.zip::爬虫脸谱图集/opera-04-044-s.jpg,opera-04-044-s.jpg,爬虫脸谱图集/opera-04-044-s.jpg,44,044,苏宝同,界牌关,碎脸,user_confirmed_sequence_mapping,Project owner confirmed on 2026-09-20 that Excel 序号 and the image filename number are one-to-one for the current POPF dataset.,present,readable,JPEG,88,110,5407,801ea145dd5c2b3edd714ddf121c009f643a181f6ce5ca6ba7fe77086220054f,1,no,jpg,411,512,not_evaluated,yes,,train,42,Sequence mapping is accepted for the current project dataset based on project-owner confirmation. Label analysis uses the current XLS raw 谱式 values.
modern_v1,045,data/raw/脸谱/整理工作/爬虫脸谱图集.zip::爬虫脸谱图集/opera-04-045-s.jpg,opera-04-045-s.jpg,爬虫脸谱图集/opera-04-045-s.jpg,45,045,薛葵,徐策跑城,碎脸,user_confirmed_sequence_mapping,Project owner confirmed on 2026-09-20 that Excel 序号 and the image filename number are one-to-one for the current POPF dataset.,present,readable,JPEG,88,110,5688,a648cae64564d1aac7df83f5461429a55f0fdbead48e13fe316bd3ecc7c9dda8,1,no,jpg,411,512,not_evaluated,yes,,test,42,Sequence mapping is accepted for the current project dataset based on project-owner confirmation. Label analysis uses the current XLS raw 谱式 values.
modern_v1,046,data/raw/脸谱/整理工作/爬虫脸谱图集.zip::爬虫脸谱图集/opera-04-046-s.jpg,opera-04-046-s.jpg,爬虫脸谱图集/opera-04-046-s.jpg,46,046,安殿宝,独木关,三块瓦脸,user_confirmed_sequence_mapping,Project owner confirmed on 2026-09-20 that Excel 序号 and the image filename number are one-to-one for the current POPF dataset.,present,readable,JPEG,88,110,4664,f14d8bd035707f484201d656c444143bdfda97f0d5d19a450154f72151d9bcea,1,no,jpg,411,512,not_evaluated,yes,,train,42,Sequence mapping is accepted for the current project dataset based on project-owner confirmation. Label analysis uses the current XLS raw 谱式 values.
modern_v1,047,data/raw/脸谱/整理工作/爬虫脸谱图集.zip::爬虫脸谱图集/opera-04-047-s.jpg,opera-04-047-s.jpg,爬虫脸谱图集/opera-04-047-s.jpg,47,047,巴兰,百花公主,三块瓦脸,user_confirmed_sequence_mapping,Project owner confirmed on 2026-09-20 that Excel 序号 and the image filename number are one-to-one for the current POPF dataset.,present,readable,JPEG,91,110,5152,875fd2d65fe87ff3b900da7f0acadec58fad45c8eda2a6e02010219f88f3e360,1,no,jpg,425,512,not_evaluated,yes,,test,42,Sequence mapping is accepted for the current project dataset based on project-owner confirmation. Label analysis uses the current XLS raw 谱式 values.
modern_v1,048,data/raw/脸谱/整理工作/爬虫脸谱图集.zip::爬虫脸谱图集/opera-04-048-s.jpg,opera-04-048-s.jpg,爬虫脸谱图集/opera-04-048-s.jpg,48,048,贺天龙,雁荡山,三块瓦脸,user_confirmed_sequence_mapping,Project owner confirmed on 2026-09-20 that Excel 序号 and the image filename number are one-to-one for the current POPF dataset.,present,readable,JPEG,93,110,4829,727ecdad46b97730576ec7ea4eb59bc7b2a30700378a3a60b6c1b0d669aca550,1,no,jpg,413,491,not_evaluated,yes,,train,42,Sequence mapping is accepted for the current project dataset based on project-owner confirmation. Label analysis uses the current XLS raw 谱式 values.
modern_v1,049,data/raw/脸谱/整理工作/爬虫脸谱图集.zip::爬虫脸谱图集/opera-05-049-s.jpg,opera-05-049-s.jpg,爬虫脸谱图集/opera-05-049-s.jpg,49,049,郭子仪,满床笏,六分脸,user_confirmed_sequence_mapping,Project owner confirmed on 2026-09-20 that Excel 序号 and the image filename number are one-to-one for the current POPF dataset.,present,readable,JPEG,88,110,4333,ab429e4c62d04928de0dc3ecaa06b4a70e25cda6ccf12fa3fbf968b6b6842b3c,1,no,jpg,411,512,not_evaluated,yes,,train,42,Sequence mapping is accepted for the current project dataset based on project-owner confirmation. Label analysis uses the current XLS raw 谱式 values.
modern_v1,050,data/raw/脸谱/整理工作/爬虫脸谱图集.zip::爬虫脸谱图集/opera-05-050-s.jpg,opera-05-050-s.jpg,爬虫脸谱图集/opera-05-050-s.jpg,50,050,王彦章,双观星,象形脸,user_confirmed_sequence_mapping,Project owner confirmed on 2026-09-20 that Excel 序号 and the image filename number are one-to-one for the current POPF dataset.,present,readable,JPEG,87,110,5309,88be0763dff56184d2136f0e05945f84f25fd01e625427385524da68ff529c37,1,no,jpg,405,512,not_evaluated,yes,,train,42,Sequence mapping is accepted for the current project dataset based on project-owner confirmation. Label analysis uses the current XLS raw 谱式 values.
modern_v1,051,data/raw/脸谱/整理工作/爬虫脸谱图集.zip::爬虫脸谱图集/opera-05-051-s.jpg,opera-05-051-s.jpg,爬虫脸谱图集/opera-05-051-s.jpg,51,051,周德威,珠帘寨,三块瓦脸,user_confirmed_sequence_mapping,Project owner confirmed on 2026-09-20 that Excel 序号 and the image filename number are one-to-one for the current POPF dataset.,present,readable,JPEG,90,110,4900,2cdbba042cbd356c2e2d6b2a653b9b35f0bfe42ba8ab8ec2510601e6bd9bd5cc,1,no,jpg,417,512,not_evaluated,yes,,test,42,Sequence mapping is accepted for the current project dataset based on project-owner confirmation. Label analysis uses the current XLS raw 谱式 values.
modern_v1,052,data/raw/脸谱/整理工作/爬虫脸谱图集.zip::爬虫脸谱图集/opera-05-052-s.jpg,opera-05-052-s.jpg,爬虫脸谱图集/opera-05-052-s.jpg,52,052,余洪,竹林计,碎脸,user_confirmed_sequence_mapping,Project owner confirmed on 2026-09-20 that Excel 序号 and the image filename number are one-to-one for the current POPF dataset.,present,readable,JPEG,87,110,5496,c60a1e0aa76766b617f69523b4fcec85c3508d114d2f7402c6131ef4c65f6fb9,1,no,jpg,403,512,not_evaluated,yes,,train,42,Sequence mapping is accepted for the current project dataset based on project-owner confirmation. Label analysis uses the current XLS raw 谱式 values.
modern_v1,053,data/raw/脸谱/整理工作/爬虫脸谱图集.zip::爬虫脸谱图集/opera-05-053-s.jpg,opera-05-053-s.jpg,爬虫脸谱图集/opera-05-053-s.jpg,53,053,郑恩,打龙棚,歪脸,user_confirmed_sequence_mapping,Project owner confirmed on 2026-09-20 that Excel 序号 and the image filename number are one-to-one for the current POPF dataset.,present,readable,JPEG,90,110,5357,b338781fc14e1b5d8b0f894210d55547154333d4a991d9adef4f8569ad968bb4,1,no,jpg,421,512,not_evaluated,no,class_below_min_samples_per_class_10,,42,Sequence mapping is accepted for the current project dataset based on project-owner confirmation. Label analysis uses the current XLS raw 谱式 values.
modern_v1,054,data/raw/脸谱/整理工作/爬虫脸谱图集.zip::爬虫脸谱图集/opera-05-054-s.jpg,opera-05-054-s.jpg,爬虫脸谱图集/opera-05-054-s.jpg,54,054,赵匡胤,斩黄袍,整脸,user_confirmed_sequence_mapping,Project owner confirmed on 2026-09-20 that Excel 序号 and the image filename number are one-to-one for the current POPF dataset.,present,readable,JPEG,89,110,4583,ed1a8d9b18265b2cd3b5b0ad4e4cb88f2ba47a95f74d99feaa58557243fdf371,1,no,jpg,414,512,not_evaluated,yes,,train,42,Sequence mapping is accepted for the current project dataset based on project-owner confirmation. Label analysis uses the current XLS raw 谱式 values.
modern_v1,055,data/raw/脸谱/整理工作/爬虫脸谱图集.zip::爬虫脸谱图集/opera-05-055-s.jpg,opera-05-055-s.jpg,爬虫脸谱图集/opera-05-055-s.jpg,55,055,呼延赞,龙虎斗,碎脸,user_confirmed_sequence_mapping,Project owner confirmed on 2026-09-20 that Excel 序号 and the image filename number are one-to-one for the current POPF dataset.,present,readable,JPEG,88,110,5469,e9231f2e366c4d895d21db54ed5b7f0a72216eddeadd864582225ebcb6560811,1,no,jpg,408,512,not_evaluated,yes,,train,42,Sequence mapping is accepted for the current project dataset based on project-owner confirmation. Label analysis uses the current XLS raw 谱式 values.
modern_v1,056,data/raw/脸谱/整理工作/爬虫脸谱图集.zip::爬虫脸谱图集/opera-05-056-s.jpg,opera-05-056-s.jpg,爬虫脸谱图集/opera-05-056-s.jpg,56,056,崔子健,佘赛花,十字门脸,user_confirmed_sequence_mapping,Project owner confirmed on 2026-09-20 that Excel 序号 and the image filename number are one-to-one for the current POPF dataset.,present,readable,JPEG,89,110,5074,808e4b3ef52cb3a85e4bb747833b06228cd499257ba5b6b64fd6c2d41ddf9e99,1,no,jpg,414,512,not_evaluated,yes,,train,42,Sequence mapping is accepted for the current project dataset based on project-owner confirmation. Label analysis uses the current XLS raw 谱式 values.
modern_v1,057,data/raw/脸谱/整理工作/爬虫脸谱图集.zip::爬虫脸谱图集/opera-05-057-s.jpg,opera-05-057-s.jpg,爬虫脸谱图集/opera-05-057-s.jpg,57,057,钟离春,湘江会,碎脸,user_confirmed_sequence_mapping,Project owner confirmed on 2026-09-20 that Excel 序号 and the image filename number are one-to-one for the current POPF dataset.,present,readable,JPEG,90,110,5113,901db0a9016c29c41ab847a89591c4aa134592746285ab5b755f75614781126a,1,no,jpg,412,502,not_evaluated,yes,,train,42,Sequence mapping is accepted for the current project dataset based on project-owner confirmation. Label analysis uses the current XLS raw 谱式 values.
modern_v1,058,data/raw/脸谱/整理工作/爬虫脸谱图集.zip::爬虫脸谱图集/opera-05-058-s.jpg,opera-05-058-s.jpg,爬虫脸谱图集/opera-05-058-s.jpg,58,058,里克,蜜蜂计,碎脸,user_confirmed_sequence_mapping,Project owner confirmed on 2026-09-20 that Excel 序号 and the image filename number are one-to-one for the current POPF dataset.,present,readable,JPEG,90,110,5445,138cf23f716e83cb4b795e61178a29886a6fb5e98e9381a7aef0e5ebfbe10379,1,no,jpg,412,502,not_evaluated,yes,,train,42,Sequence mapping is accepted for the current project dataset based on project-owner confirmation. Label analysis uses the current XLS raw 谱式 values.
modern_v1,059,data/raw/脸谱/整理工作/爬虫脸谱图集.zip::爬虫脸谱图集/opera-05-059-s.jpg,opera-05-059-s.jpg,爬虫脸谱图集/opera-05-059-s.jpg,59,059,毛奔,五雷阵,花三块瓦脸,user_confirmed_sequence_mapping,Project owner confirmed on 2026-09-20 that Excel 序号 and the image filename number are one-to-one for the current POPF dataset.,present,readable,JPEG,90,110,4917,bdb709e8e82478de588c42382ebe03fd8acf0c5dab5077510fccd2f482bd39a1,1,no,jpg,412,502,not_evaluated,yes,,train,42,Sequence mapping is accepted for the current project dataset based on project-owner confirmation. Label analysis uses the current XLS raw 谱式 values.
modern_v1,060,data/raw/脸谱/整理工作/爬虫脸谱图集.zip::爬虫脸谱图集/opera-05-060-s.jpg,opera-05-060-s.jpg,爬虫脸谱图集/opera-05-060-s.jpg,60,060,雷震子,攻潼关,象形脸,user_confirmed_sequence_mapping,Project owner confirmed on 2026-09-20 that Excel 序号 and the image filename number are one-to-one for the current POPF dataset.,present,readable,JPEG,90,110,5276,e5188b14ca7f73feb356af286f9db559911dcaaad33f5e8520b02dea3c91b1f0,1,no,jpg,412,502,not_evaluated,yes,,test,42,Sequence mapping is accepted for the current project dataset based on project-owner confirmation. Label analysis uses the current XLS raw 谱式 values.
modern_v1,061,data/raw/脸谱/整理工作/爬虫脸谱图集.zip::爬虫脸谱图集/opera-06-061-s.jpg,opera-06-061-s.jpg,爬虫脸谱图集/opera-06-061-s.jpg,61,061,魏绛,赵氏孤儿,三块瓦脸,user_confirmed_sequence_mapping,Project owner confirmed on 2026-09-20 that Excel 序号 and the image filename number are one-to-one for the current POPF dataset.,present,readable,JPEG,90,110,4473,5d6608ff04ead07eff4bc720a0f1fbf6dc25e71a4c6f0bdb8f073e40a374e5bb,1,no,jpg,412,502,not_evaluated,yes,,train,42,Sequence mapping is accepted for the current project dataset based on project-owner confirmation. Label analysis uses the current XLS raw 谱式 values.
modern_v1,062,data/raw/脸谱/整理工作/爬虫脸谱图集.zip::爬虫脸谱图集/opera-06-062-s.jpg,opera-06-062-s.jpg,爬虫脸谱图集/opera-06-062-s.jpg,62,062,颍考叔,伐子都,三块瓦脸,user_confirmed_sequence_mapping,Project owner confirmed on 2026-09-20 that Excel 序号 and the image filename number are one-to-one for the current POPF dataset.,present,readable,JPEG,90,110,4921,79c17bcdddad4f5ebf89b50e56f5b2a631ddd69e4355b82d1077f0f1eaaf49bf,1,no,jpg,412,502,not_evaluated,yes,,train,42,Sequence mapping is accepted for the current project dataset based on project-owner confirmation. Label analysis uses the current XLS raw 谱式 values.
modern_v1,063,data/raw/脸谱/整理工作/爬虫脸谱图集.zip::爬虫脸谱图集/opera-06-063-s.jpg,opera-06-063-s.jpg,爬虫脸谱图集/opera-06-063-s.jpg,63,063,先蔑,摘缨会,十字门脸,user_confirmed_sequence_mapping,Project owner confirmed on 2026-09-20 that Excel 序号 and the image filename number are one-to-one for the current POPF dataset.,present,readable,JPEG,90,110,4591,3b0b6384fb8b25ab1c184dc3bedeab5545d5a73536c6604fc780c91f41f8c510,1,no,jpg,412,502,not_evaluated,yes,,train,42,Sequence mapping is accepted for the current project dataset based on project-owner confirmation. Label analysis uses the current XLS raw 谱式 values.
modern_v1,064,data/raw/脸谱/整理工作/爬虫脸谱图集.zip::爬虫脸谱图集/opera-06-064-s.jpg,opera-06-064-s.jpg,爬虫脸谱图集/opera-06-064-s.jpg,64,064,屠岸贾,赵氏孤儿,花三块瓦脸,user_confirmed_sequence_mapping,Project owner confirmed on 2026-09-20 that Excel 序号 and the image filename number are one-to-one for the current POPF dataset.,present,readable,JPEG,90,110,4694,8ca1ed564d4bcae1e8eeeaf1a5f11a93d9cb2b40d9368e8a0984733c1a41b858,1,no,jpg,412,502,not_evaluated,yes,,validation,42,Sequence mapping is accepted for the current project dataset based on project-owner confirmation. Label analysis uses the current XLS raw 谱式 values.
modern_v1,065,data/raw/脸谱/整理工作/爬虫脸谱图集.zip::爬虫脸谱图集/opera-06-065-s.jpg,opera-06-065-s.jpg,爬虫脸谱图集/opera-06-065-s.jpg,65,065,王陵,陵母伏剑,三块瓦脸,user_confirmed_sequence_mapping,Project owner confirmed on 2026-09-20 that Excel 序号 and the image filename number are one-to-one for the current POPF dataset.,present,readable,JPEG,90,110,4878,07e5b058a103c8605eb02328b02ba8b9e23909d252d5bd6d2dd599a46b4d850a,1,no,jpg,412,502,not_evaluated,yes,,train,42,Sequence mapping is accepted for the current project dataset based on project-owner confirmation. Label analysis uses the current XLS raw 谱式 values.
modern_v1,066,data/raw/脸谱/整理工作/爬虫脸谱图集.zip::爬虫脸谱图集/opera-06-066-s.jpg,opera-06-066-s.jpg,爬虫脸谱图集/opera-06-066-s.jpg,66,066,夏侯婴,,,user_confirmed_sequence_mapping,Project owner confirmed on 2026-09-20 that Excel 序号 and the image filename number are one-to-one for the current POPF dataset.,missing,readable,JPEG,90,110,4547,0eec9e15a62d2892f4aa956fc248714d271e6621fe7d5d61c944e236d16973f9,1,no,jpg,412,502,not_evaluated,no,missing_raw_face_type,,42,Sequence mapping is accepted for the current project dataset based on project-owner confirmation. Label analysis uses the current XLS raw 谱式 values.
modern_v1,067,data/raw/脸谱/整理工作/爬虫脸谱图集.zip::爬虫脸谱图集/opera-06-067-s.jpg,opera-06-067-s.jpg,爬虫脸谱图集/opera-06-067-s.jpg,67,067,英布,霸王别姬,碎脸,user_confirmed_sequence_mapping,Project owner confirmed on 2026-09-20 that Excel 序号 and the image filename number are one-to-one for the current POPF dataset.,present,readable,JPEG,90,110,5563,24cae68aec9b811183146657b1ed398de72c32e79c7821313d3ded4f2db264ee,1,no,jpg,412,502,not_evaluated,yes,,validation,42,Sequence mapping is accepted for the current project dataset based on project-owner confirmation. Label analysis uses the current XLS raw 谱式 values.
modern_v1,068,data/raw/脸谱/整理工作/爬虫脸谱图集.zip::爬虫脸谱图集/opera-06-068-s.jpg,opera-06-068-s.jpg,爬虫脸谱图集/opera-06-068-s.jpg,68,068,项羽,霸王别姬,花三块瓦脸,user_confirmed_sequence_mapping,Project owner confirmed on 2026-09-20 that Excel 序号 and the image filename number are one-to-one for the current POPF dataset.,present,readable,JPEG,90,110,4421,309b302ce0581cc321cb6421c5c0f7d8614439f75f647e5ae2ee07ca437db1e4,1,no,jpg,412,502,not_evaluated,yes,,train,42,Sequence mapping is accepted for the current project dataset based on project-owner confirmation. Label analysis uses the current XLS raw 谱式 values.
modern_v1,069,data/raw/脸谱/整理工作/爬虫脸谱图集.zip::爬虫脸谱图集/opera-06-069-s.jpg,opera-06-069-s.jpg,爬虫脸谱图集/opera-06-069-s.jpg,69,069,彭越,霸王别姬,三块瓦脸,user_confirmed_sequence_mapping,Project owner confirmed on 2026-09-20 that Excel 序号 and the image filename number are one-to-one for the current POPF dataset.,present,readable,JPEG,90,110,5084,06c1888610f123553b281c1e77d3c03f6b20cb02e727b11170fd9d202055a61b,1,no,jpg,412,502,not_evaluated,yes,,train,42,Sequence mapping is accepted for the current project dataset based on project-owner confirmation. Label analysis uses the current XLS raw 谱式 values.
modern_v1,070,data/raw/脸谱/整理工作/爬虫脸谱图集.zip::爬虫脸谱图集/opera-06-070-s.jpg,opera-06-070-s.jpg,爬虫脸谱图集/opera-06-070-s.jpg,70,070,吕马童,霸王别姬,三块瓦脸,user_confirmed_sequence_mapping,Project owner confirmed on 2026-09-20 that Excel 序号 and the image filename number are one-to-one for the current POPF dataset.,present,readable,JPEG,90,110,5050,d4da2a77314ce62c11deeba0cf1af2b6d64c7beccb4aa162de2e6cb46e09572e,1,no,jpg,412,502,not_evaluated,yes,,train,42,Sequence mapping is accepted for the current project dataset based on project-owner confirmation. Label analysis uses the current XLS raw 谱式 values.
modern_v1,071,data/raw/脸谱/整理工作/爬虫脸谱图集.zip::爬虫脸谱图集/opera-06-071-s.jpg,opera-06-071-s.jpg,爬虫脸谱图集/opera-06-071-s.jpg,71,071,铫期,草桥关,十字门脸,user_confirmed_sequence_mapping,Project owner confirmed on 2026-09-20 that Excel 序号 and the image filename number are one-to-one for the current POPF dataset.,present,readable,JPEG,90,110,3786,e649136fd00a3d49b8dcea9b781c22fcfe969eea8f49dedcc3db92a3166f3132,1,no,jpg,412,502,not_evaluated,yes,,train,42,Sequence mapping is accepted for the current project dataset based on project-owner confirmation. Label analysis uses the current XLS raw 谱式 values.
modern_v1,072,data/raw/脸谱/整理工作/爬虫脸谱图集.zip::爬虫脸谱图集/opera-06-072-s.jpg,opera-06-072-s.jpg,爬虫脸谱图集/opera-06-072-s.jpg,72,072,吴汉,长安闱,三块瓦脸,user_confirmed_sequence_mapping,Project owner confirmed on 2026-09-20 that Excel 序号 and the image filename number are one-to-one for the current POPF dataset.,present,readable,JPEG,90,110,4894,277cd7ce9d00ccc9db8020864fa4f8a7d6d3b9528dc19d1e6de45255b0a8d2da,1,no,jpg,412,502,not_evaluated,yes,,train,42,Sequence mapping is accepted for the current project dataset based on project-owner confirmation. Label analysis uses the current XLS raw 谱式 values.
modern_v1,073,data/raw/脸谱/整理工作/爬虫脸谱图集.zip::爬虫脸谱图集/opera-07-073-s.jpg,opera-07-073-s.jpg,爬虫脸谱图集/opera-07-073-s.jpg,73,073,魏延,战长沙,花三块瓦脸,user_confirmed_sequence_mapping,Project owner confirmed on 2026-09-20 that Excel 序号 and the image filename number are one-to-one for the current POPF dataset.,present,readable,JPEG,89,110,3656,684f8c235159daff5a0fc455c8aa74f0ae4b0dbfd9b945394a12997d7de1c3c2,1,no,jpg,365,450,not_evaluated,yes,,train,42,Sequence mapping is accepted for the current project dataset based on project-owner confirmation. Label analysis uses the current XLS raw 谱式 values.
modern_v1,074,data/raw/脸谱/整理工作/爬虫脸谱图集.zip::爬虫脸谱图集/opera-07-074-s.jpg,opera-07-074-s.jpg,爬虫脸谱图集/opera-07-074-s.jpg,74,074,孟达,走麦城,元宝脸,user_confirmed_sequence_mapping,Project owner confirmed on 2026-09-20 that Excel 序号 and the image filename number are one-to-one for the current POPF dataset.,present,readable,JPEG,86,110,2942,874576c1fffb7673d4a456e587db7c3d53ea7b1b684117fe1826bf4c7db68e48,1,no,jpg,351,450,not_evaluated,no,class_below_min_samples_per_class_10,,42,Sequence mapping is accepted for the current project dataset based on project-owner confirmation. Label analysis uses the current XLS raw 谱式 values.
modern_v1,075,data/raw/脸谱/整理工作/爬虫脸谱图集.zip::爬虫脸谱图集/opera-07-075-s.jpg,opera-07-075-s.jpg,爬虫脸谱图集/opera-07-075-s.jpg,75,075,严颜,过巴州,六分脸,user_confirmed_sequence_mapping,Project owner confirmed on 2026-09-20 that Excel 序号 and the image filename number are one-to-one for the current POPF dataset.,present,readable,JPEG,90,110,2622,f013152aa3a02e4eaf647564e8b64c8ea6ea4c044641b84d95560aa63ca601bd,1,no,jpg,367,450,not_evaluated,yes,,train,42,Sequence mapping is accepted for the current project dataset based on project-owner confirmation. Label analysis uses the current XLS raw 谱式 values.
modern_v1,076,data/raw/脸谱/整理工作/爬虫脸谱图集.zip::爬虫脸谱图集/opera-07-076-s.jpg,opera-07-076-s.jpg,爬虫脸谱图集/opera-07-076-s.jpg,76,076,沙摩柯,连营寨,花三块瓦脸,user_confirmed_sequence_mapping,Project owner confirmed on 2026-09-20 that Excel 序号 and the image filename number are one-to-one for the current POPF dataset.,present,readable,JPEG,89,110,3779,db0a6cfb89b813890d6a8639928c4045ebcb467358db09e4cee007375e900eab,1,no,jpg,366,450,not_evaluated,yes,,train,42,Sequence mapping is accepted for the current project dataset based on project-owner confirmation. Label analysis uses the current XLS raw 谱式 values.
modern_v1,077,data/raw/脸谱/整理工作/爬虫脸谱图集.zip::爬虫脸谱图集/opera-07-077-s.jpg,opera-07-077-s.jpg,爬虫脸谱图集/opera-07-077-s.jpg,77,077,姜维,铁笼山,三块瓦脸,user_confirmed_sequence_mapping,Project owner confirmed on 2026-09-20 that Excel 序号 and the image filename number are one-to-one for the current POPF dataset.,present,readable,JPEG,88,110,3718,33e30177fb6e5ef8d3bc787e0985ee80335a01cc264b974c9dbe84678a6d4958,1,no,jpg,361,450,not_evaluated,yes,,train,42,Sequence mapping is accepted for the current project dataset based on project-owner confirmation. Label analysis uses the current XLS raw 谱式 values.
modern_v1,078,data/raw/脸谱/整理工作/爬虫脸谱图集.zip::爬虫脸谱图集/opera-07-078-s.jpg,opera-07-078-s.jpg,爬虫脸谱图集/opera-07-078-s.jpg,78,078,夏侯德,定军山,碎脸,user_confirmed_sequence_mapping,Project owner confirmed on 2026-09-20 that Excel 序号 and the image filename number are one-to-one for the current POPF dataset.,present,readable,JPEG,88,110,3734,afaec35136cd327d295d39a94da8f1bb56d7b59918d1d7ddba6ea0f9546764c8,1,no,jpg,358,450,not_evaluated,yes,,train,42,Sequence mapping is accepted for the current project dataset based on project-owner confirmation. Label analysis uses the current XLS raw 谱式 values.
modern_v1,079,data/raw/脸谱/整理工作/爬虫脸谱图集.zip::爬虫脸谱图集/opera-07-079-s.jpg,opera-07-079-s.jpg,爬虫脸谱图集/opera-07-079-s.jpg,79,079,张苞,连营寨,十字门脸,user_confirmed_sequence_mapping,Project owner confirmed on 2026-09-20 that Excel 序号 and the image filename number are one-to-one for the current POPF dataset.,present,readable,JPEG,90,110,3356,ff59fd8e38ac0d56eabd63769680d3a97ad051694fb020d13e0a9e151b4cf6fc,1,no,jpg,370,450,not_evaluated,yes,,train,42,Sequence mapping is accepted for the current project dataset based on project-owner confirmation. Label analysis uses the current XLS raw 谱式 values.
modern_v1,080,data/raw/脸谱/整理工作/爬虫脸谱图集.zip::爬虫脸谱图集/opera-07-080-s.jpg,opera-07-080-s.jpg,爬虫脸谱图集/opera-07-080-s.jpg,80,080,邓艾,坛山谷,三块瓦脸,user_confirmed_sequence_mapping,Project owner confirmed on 2026-09-20 that Excel 序号 and the image filename number are one-to-one for the current POPF dataset.,present,readable,JPEG,90,110,3131,e3b279a7a8168623da85d7f8382ab248dfeb8be883ce5da0e50c1538c10b7740,1,no,jpg,367,450,not_evaluated,yes,,train,42,Sequence mapping is accepted for the current project dataset based on project-owner confirmation. Label analysis uses the current XLS raw 谱式 values.
modern_v1,081,data/raw/脸谱/整理工作/爬虫脸谱图集.zip::爬虫脸谱图集/opera-07-081-s.jpg,opera-07-081-s.jpg,爬虫脸谱图集/opera-07-081-s.jpg,81,081,孔秀,过五关,三块瓦脸,user_confirmed_sequence_mapping,Project owner confirmed on 2026-09-20 that Excel 序号 and the image filename number are one-to-one for the current POPF dataset.,present,readable,JPEG,91,110,3553,2617b229a1c4a1f55b829b081a308332ea7c4604c5be1f106ad414bf062b8a3e,1,no,jpg,372,450,not_evaluated,yes,,test,42,Sequence mapping is accepted for the current project dataset based on project-owner confirmation. Label analysis uses the current XLS raw 谱式 values.
modern_v1,082,data/raw/脸谱/整理工作/爬虫脸谱图集.zip::爬虫脸谱图集/opera-07-082-s.jpg,opera-07-082-s.jpg,爬虫脸谱图集/opera-07-082-s.jpg,82,082,秦琪,过五关,歪脸,user_confirmed_sequence_mapping,Project owner confirmed on 2026-09-20 that Excel 序号 and the image filename number are one-to-one for the current POPF dataset.,present,readable,JPEG,88,110,3822,bbd2366e6f90ac221f635167b1f758e9b27a396274aebd347f39613279c1dc7e,1,no,jpg,362,450,not_evaluated,no,class_below_min_samples_per_class_10,,42,Sequence mapping is accepted for the current project dataset based on project-owner confirmation. Label analysis uses the current XLS raw 谱式 values.
modern_v1,083,data/raw/脸谱/整理工作/爬虫脸谱图集.zip::爬虫脸谱图集/opera-07-083-s.jpg,opera-07-083-s.jpg,爬虫脸谱图集/opera-07-083-s.jpg,83,083,司马懿,失街亭,整脸,user_confirmed_sequence_mapping,Project owner confirmed on 2026-09-20 that Excel 序号 and the image filename number are one-to-one for the current POPF dataset.,present,readable,JPEG,90,110,2962,ea55ee6365a15ae5ae18382fb6e980e9636a3a1c07cb8fe55629a36a984c2c1b,1,no,jpg,369,450,not_evaluated,yes,,test,42,Sequence mapping is accepted for the current project dataset based on project-owner confirmation. Label analysis uses the current XLS raw 谱式 values.
modern_v1,084,data/raw/脸谱/整理工作/爬虫脸谱图集.zip::爬虫脸谱图集/opera-07-084-s.jpg,opera-07-084-s.jpg,爬虫脸谱图集/opera-07-084-s.jpg,84,084,蒋干,群英会,腰子脸,user_confirmed_sequence_mapping,Project owner confirmed on 2026-09-20 that Excel 序号 and the image filename number are one-to-one for the current POPF dataset.,present,readable,JPEG,88,110,2732,e0aefa4a20252f897429d7914d3185139b28a28b3f85fa35398a3170d5b6ba6e,1,no,jpg,359,450,not_evaluated,no,class_below_min_samples_per_class_10,,42,Sequence mapping is accepted for the current project dataset based on project-owner confirmation. Label analysis uses the current XLS raw 谱式 values.
modern_v1,085,data/raw/脸谱/整理工作/爬虫脸谱图集.zip::爬虫脸谱图集/opera-08-085-s.jpg,opera-08-085-s.jpg,爬虫脸谱图集/opera-08-085-s.jpg,85,085,司马师,红逼宫,十字门脸,user_confirmed_sequence_mapping,Project owner confirmed on 2026-09-20 that Excel 序号 and the image filename number are one-to-one for the current POPF dataset.,present,readable,JPEG,89,110,3535,fc291f16fc0a37ff0b7d9848f9184db3438fd90cdfbee069dd2e5186c09309bc,1,no,jpg,365,450,not_evaluated,yes,,train,42,Sequence mapping is accepted for the current project dataset based on project-owner confirmation. Label analysis uses the current XLS raw 谱式 values.
modern_v1,086,data/raw/脸谱/整理工作/爬虫脸谱图集.zip::爬虫脸谱图集/opera-08-086-s.jpg,opera-08-086-s.jpg,爬虫脸谱图集/opera-08-086-s.jpg,86,086,郭淮,铁笼山,碎脸,user_confirmed_sequence_mapping,Project owner confirmed on 2026-09-20 that Excel 序号 and the image filename number are one-to-one for the current POPF dataset.,present,readable,JPEG,90,110,3802,74c98f11dff94618bdd7978c3df1312d7405b048ac6cca4eefcab05f525e7943,1,no,jpg,368,450,not_evaluated,yes,,train,42,Sequence mapping is accepted for the current project dataset based on project-owner confirmation. Label analysis uses the current XLS raw 谱式 values.
modern_v1,087,data/raw/脸谱/整理工作/爬虫脸谱图集.zip::爬虫脸谱图集/opera-08-087-s.jpg,opera-08-087-s.jpg,爬虫脸谱图集/opera-08-087-s.jpg,87,087,董卓,凤仪亭,整脸,user_confirmed_sequence_mapping,Project owner confirmed on 2026-09-20 that Excel 序号 and the image filename number are one-to-one for the current POPF dataset.,present,readable,JPEG,89,110,2963,f3e9a359282a7b3f58e90ef37e14d868b5f79cd875d2ef6e84cefc377c179e3f,1,no,jpg,366,450,not_evaluated,yes,,train,42,Sequence mapping is accepted for the current project dataset based on project-owner confirmation. Label analysis uses the current XLS raw 谱式 values.
modern_v1,088,data/raw/脸谱/整理工作/爬虫脸谱图集.zip::爬虫脸谱图集/opera-08-088-s.jpg,opera-08-088-s.jpg,爬虫脸谱图集/opera-08-088-s.jpg,88,088,马谡,失街亭,三块瓦脸,user_confirmed_sequence_mapping,Project owner confirmed on 2026-09-20 that Excel 序号 and the image filename number are one-to-one for the current POPF dataset.,present,readable,JPEG,88,110,3019,3ead117fd6cc5c09fd442e13fe16e7f9d823028d301baf39c43c83160a14be0d,1,no,jpg,358,450,not_evaluated,yes,,test,42,Sequence mapping is accepted for the current project dataset based on project-owner confirmation. Label analysis uses the current XLS raw 谱式 values.
modern_v1,089,data/raw/脸谱/整理工作/爬虫脸谱图集.zip::爬虫脸谱图集/opera-08-089-s.jpg,opera-08-089-s.jpg,爬虫脸谱图集/opera-08-089-s.jpg,89,089,郭荣,草桥关,整脸,user_confirmed_sequence_mapping,Project owner confirmed on 2026-09-20 that Excel 序号 and the image filename number are one-to-one for the current POPF dataset.,present,readable,JPEG,90,110,4113,bd05a21cf10f84933b4532887c249e1e219e197cec8a6245e10b46c1d346307d,1,no,jpg,412,502,not_evaluated,yes,,train,42,Sequence mapping is accepted for the current project dataset based on project-owner confirmation. Label analysis uses the current XLS raw 谱式 values.
modern_v1,090,data/raw/脸谱/整理工作/爬虫脸谱图集.zip::爬虫脸谱图集/opera-08-090-s.jpg,opera-08-090-s.jpg,爬虫脸谱图集/opera-08-090-s.jpg,90,090,王元,取洛阳,元宝脸,user_confirmed_sequence_mapping,Project owner confirmed on 2026-09-20 that Excel 序号 and the image filename number are one-to-one for the current POPF dataset.,present,readable,JPEG,90,110,4352,9af0b0c033caba6b12b73e508ba7e43368b70c40eb4c5f2cfaf671154972cc18,1,no,jpg,412,502,not_evaluated,no,class_below_min_samples_per_class_10,,42,Sequence mapping is accepted for the current project dataset based on project-owner confirmation. Label analysis uses the current XLS raw 谱式 values.
modern_v1,091,data/raw/脸谱/整理工作/爬虫脸谱图集.zip::爬虫脸谱图集/opera-08-091-s.jpg,opera-08-091-s.jpg,爬虫脸谱图集/opera-08-091-s.jpg,91,091,须贾,赠绨袍,三块瓦脸,user_confirmed_sequence_mapping,Project owner confirmed on 2026-09-20 that Excel 序号 and the image filename number are one-to-one for the current POPF dataset.,present,readable,JPEG,90,110,4380,547edbb3beafc8228e5a80816cdb06054cb7c9c246a89f9b4b0cefd56297c269,1,no,jpg,412,502,not_evaluated,yes,,train,42,Sequence mapping is accepted for the current project dataset based on project-owner confirmation. Label analysis uses the current XLS raw 谱式 values.
modern_v1,092,data/raw/脸谱/整理工作/爬虫脸谱图集.zip::爬虫脸谱图集/opera-08-092-s.jpg,opera-08-092-s.jpg,爬虫脸谱图集/opera-08-092-s.jpg,92,092,专诸,鱼肠剑,三块瓦脸,user_confirmed_sequence_mapping,Project owner confirmed on 2026-09-20 that Excel 序号 and the image filename number are one-to-one for the current POPF dataset.,present,readable,JPEG,90,110,4823,b9b7b5e64a22db74951329f1a1cc6e92944e9d8066577d72205a9ef7656370d7,1,no,jpg,412,502,not_evaluated,yes,,train,42,Sequence mapping is accepted for the current project dataset based on project-owner confirmation. Label analysis uses the current XLS raw 谱式 values.
modern_v1,093,data/raw/脸谱/整理工作/爬虫脸谱图集.zip::爬虫脸谱图集/opera-08-093-s.jpg,opera-08-093-s.jpg,爬虫脸谱图集/opera-08-093-s.jpg,93,093,曹操,捉放曹,整脸,user_confirmed_sequence_mapping,Project owner confirmed on 2026-09-20 that Excel 序号 and the image filename number are one-to-one for the current POPF dataset.,present,readable,JPEG,89,110,2885,ea7462c4ec067105fba9e7c7fb69f2321d52142e89a5bf632e5f675d331190d9,1,no,jpg,366,450,not_evaluated,yes,,validation,42,Sequence mapping is accepted for the current project dataset based on project-owner confirmation. Label analysis uses the current XLS raw 谱式 values.
modern_v1,094,data/raw/脸谱/整理工作/爬虫脸谱图集.zip::爬虫脸谱图集/opera-08-094-s.jpg,opera-08-094-s.jpg,爬虫脸谱图集/opera-08-094-s.jpg,94,094,典韦,战宛城,花三块瓦脸,user_confirmed_sequence_mapping,Project owner confirmed on 2026-09-20 that Excel 序号 and the image filename number are one-to-one for the current POPF dataset.,present,readable,JPEG,89,110,3489,26b988ee1c5c1479432e256391f70612718a4ceae99dd8c1fb411e99047af746,1,no,jpg,363,450,not_evaluated,yes,,test,42,Sequence mapping is accepted for the current project dataset based on project-owner confirmation. Label analysis uses the current XLS raw 谱式 values.
modern_v1,095,data/raw/脸谱/整理工作/爬虫脸谱图集.zip::爬虫脸谱图集/opera-08-095-s.jpg,opera-08-095-s.jpg,爬虫脸谱图集/opera-08-095-s.jpg,95,095,贾华,甘露寺,白粉脸,user_confirmed_sequence_mapping,Project owner confirmed on 2026-09-20 that Excel 序号 and the image filename number are one-to-one for the current POPF dataset.,present,readable,JPEG,92,110,3304,e7260838baa52e048b56116cce56dc3de9af956d3be0560bc6cbbaa9c2f82c62,1,no,jpg,377,450,not_evaluated,no,class_below_min_samples_per_class_10,,42,Sequence mapping is accepted for the current project dataset based on project-owner confirmation. Label analysis uses the current XLS raw 谱式 values.
modern_v1,096,data/raw/脸谱/整理工作/爬虫脸谱图集.zip::爬虫脸谱图集/opera-08-096-s.jpg,opera-08-096-s.jpg,爬虫脸谱图集/opera-08-096-s.jpg,96,096,程普,凤凰二乔,三块瓦脸,user_confirmed_sequence_mapping,Project owner confirmed on 2026-09-20 that Excel 序号 and the image filename number are one-to-one for the current POPF dataset.,present,readable,JPEG,90,110,3607,161588c0f8169117c5afc43563568c2c10e462f3180ebbc0c6cb2e1e95a342f9,1,no,jpg,368,450,not_evaluated,yes,,validation,42,Sequence mapping is accepted for the current project dataset based on project-owner confirmation. Label analysis uses the current XLS raw 谱式 values.
modern_v1,097,data/raw/脸谱/整理工作/爬虫脸谱图集.zip::爬虫脸谱图集/opera-09-097-s.jpg,opera-09-097-s.jpg,爬虫脸谱图集/opera-09-097-s.jpg,97,097,尉迟宝林,白良关,十字门脸,user_confirmed_sequence_mapping,Project owner confirmed on 2026-09-20 that Excel 序号 and the image filename number are one-to-one for the current POPF dataset.,present,readable,JPEG,89,110,3547,bdb3867e2276147461c8b1d5f55fc481a5f4f379605ac5a09eabe11bd9d3b272,1,no,jpg,412,512,not_evaluated,yes,,validation,42,Sequence mapping is accepted for the current project dataset based on project-owner confirmation. Label analysis uses the current XLS raw 谱式 values.
modern_v1,098,data/raw/脸谱/整理工作/爬虫脸谱图集.zip::爬虫脸谱图集/opera-09-098-s.jpg,opera-09-098-s.jpg,爬虫脸谱图集/opera-09-098-s.jpg,98,098,程咬金,响马传,碎脸,user_confirmed_sequence_mapping,Project owner confirmed on 2026-09-20 that Excel 序号 and the image filename number are one-to-one for the current POPF dataset.,present,readable,JPEG,84,110,3275,7c97c11df08111ad0e35777f273280f29f1c0c23c112957754be663394637b70,1,no,jpg,389,512,not_evaluated,yes,,train,42,Sequence mapping is accepted for the current project dataset based on project-owner confirmation. Label analysis uses the current XLS raw 谱式 values.
modern_v1,099,data/raw/脸谱/整理工作/爬虫脸谱图集.zip::爬虫脸谱图集/opera-09-099-s.jpg,opera-09-099-s.jpg,爬虫脸谱图集/opera-09-099-s.jpg,99,099,单雄信,贾家楼,花三块瓦脸,user_confirmed_sequence_mapping,Project owner confirmed on 2026-09-20 that Excel 序号 and the image filename number are one-to-one for the current POPF dataset.,present,readable,JPEG,87,110,3602,fba7c7cd9379d30d0405c174904e044c61540f4e13adc64738e36101f37b86e9,1,no,jpg,406,512,not_evaluated,yes,,test,42,Sequence mapping is accepted for the current project dataset based on project-owner confirmation. Label analysis uses the current XLS raw 谱式 values.
modern_v1,100,data/raw/脸谱/整理工作/爬虫脸谱图集.zip::爬虫脸谱图集/opera-09-100-s.jpg,opera-09-100-s.jpg,爬虫脸谱图集/opera-09-100-s.jpg,100,100,尉迟恭,白良关,六分脸,user_confirmed_sequence_mapping,Project owner confirmed on 2026-09-20 that Excel 序号 and the image filename number are one-to-one for the current POPF dataset.,present,readable,JPEG,87,110,2596,85a8571566fa16d82a413b9036c821aed4f07ae40f03f4adf5d88fc687cba013,1,no,jpg,407,512,not_evaluated,yes,,train,42,Sequence mapping is accepted for the current project dataset based on project-owner confirmation. Label analysis uses the current XLS raw 谱式 values.
modern_v1,101,data/raw/脸谱/整理工作/爬虫脸谱图集.zip::爬虫脸谱图集/opera-09-101-s.jpg,opera-09-101-s.jpg,爬虫脸谱图集/opera-09-101-s.jpg,101,101,金甲,贾家楼,碎脸,user_confirmed_sequence_mapping,Project owner confirmed on 2026-09-20 that Excel 序号 and the image filename number are one-to-one for the current POPF dataset.,present,readable,JPEG,88,110,3707,f22f7439ccbefdbb693459bcd83d163a470b172954f7c1a99c2c922a0b35b6d5,1,no,jpg,409,512,not_evaluated,yes,,test,42,Sequence mapping is accepted for the current project dataset based on project-owner confirmation. Label analysis uses the current XLS raw 谱式 values.
modern_v1,102,data/raw/脸谱/整理工作/爬虫脸谱图集.zip::爬虫脸谱图集/opera-09-102-s.jpg,opera-09-102-s.jpg,爬虫脸谱图集/opera-09-102-s.jpg,102,102,童环,贾家楼,碎脸,user_confirmed_sequence_mapping,Project owner confirmed on 2026-09-20 that Excel 序号 and the image filename number are one-to-one for the current POPF dataset.,present,readable,JPEG,89,110,3812,1e04a3990e3979de4402d3d50ea6f55e39cca2c4b2c194addf07a7ecbebfec4b,1,no,jpg,412,512,not_evaluated,yes,,train,42,Sequence mapping is accepted for the current project dataset based on project-owner confirmation. Label analysis uses the current XLS raw 谱式 values.
modern_v1,103,data/raw/脸谱/整理工作/爬虫脸谱图集.zip::爬虫脸谱图集/opera-09-103-s.jpg,opera-09-103-s.jpg,爬虫脸谱图集/opera-09-103-s.jpg,103,103,李元霸,晋阳宫,象形脸,user_confirmed_sequence_mapping,Project owner confirmed on 2026-09-20 that Excel 序号 and the image filename number are one-to-one for the current POPF dataset.,present,readable,JPEG,89,110,3496,770ea8a850f5fdff7455922b5bbaf1a8e2abdc49083179106b84ee4fc627fb72,1,no,jpg,414,512,not_evaluated,yes,,train,42,Sequence mapping is accepted for the current project dataset based on project-owner confirmation. Label analysis uses the current XLS raw 谱式 values.
modern_v1,104,data/raw/脸谱/整理工作/爬虫脸谱图集.zip::爬虫脸谱图集/opera-09-104-s.jpg,opera-09-104-s.jpg,爬虫脸谱图集/opera-09-104-s.jpg,104,104,李密,断密涧,花三块瓦脸,user_confirmed_sequence_mapping,Project owner confirmed on 2026-09-20 that Excel 序号 and the image filename number are one-to-one for the current POPF dataset.,present,readable,JPEG,86,110,3141,d42f1f03f9176641101de9492999b7eb1663ff8c3babb65b1d75da750fd3aeee,1,no,jpg,400,512,not_evaluated,yes,,train,42,Sequence mapping is accepted for the current project dataset based on project-owner confirmation. Label analysis uses the current XLS raw 谱式 values.
modern_v1,105,data/raw/脸谱/整理工作/爬虫脸谱图集.zip::爬虫脸谱图集/opera-09-105-s.jpg,opera-09-105-s.jpg,爬虫脸谱图集/opera-09-105-s.jpg,105,105,宇文成都,晋阳宫,三块瓦脸,user_confirmed_sequence_mapping,Project owner confirmed on 2026-09-20 that Excel 序号 and the image filename number are one-to-one for the current POPF dataset.,present,readable,JPEG,91,110,4887,47ddea2f582773194682352cda8bb32717008830adbc965ebaf1d9438a804f90,1,no,jpg,425,512,not_evaluated,yes,,train,42,Sequence mapping is accepted for the current project dataset based on project-owner confirmation. Label analysis uses the current XLS raw 谱式 values.
modern_v1,106,data/raw/脸谱/整理工作/爬虫脸谱图集.zip::爬虫脸谱图集/opera-09-106-s.jpg,opera-09-106-s.jpg,爬虫脸谱图集/opera-09-106-s.jpg,106,106,鲍赐安,龙潭镇,三块瓦脸,user_confirmed_sequence_mapping,Project owner confirmed on 2026-09-20 that Excel 序号 and the image filename number are one-to-one for the current POPF dataset.,present,readable,JPEG,91,110,4398,5727df638da56a32de40f51b4039ab04f6a926a515c42f35ebadedc40b933a8c,1,no,jpg,425,512,not_evaluated,yes,,train,42,Sequence mapping is accepted for the current project dataset based on project-owner confirmation. Label analysis uses the current XLS raw 谱式 values.
modern_v1,107,data/raw/脸谱/整理工作/爬虫脸谱图集.zip::爬虫脸谱图集/opera-09-107-s.jpg,opera-09-107-s.jpg,爬虫脸谱图集/opera-09-107-s.jpg,107,107,黄胖,巴骆和,僧道脸,user_confirmed_sequence_mapping,Project owner confirmed on 2026-09-20 that Excel 序号 and the image filename number are one-to-one for the current POPF dataset.,present,readable,JPEG,89,110,5373,4d761ae82badc0adf934053b169d6691c7aea4027d673985a3ae8e5cd4297c61,1,no,jpg,413,512,not_evaluated,no,class_below_min_samples_per_class_10,,42,Sequence mapping is accepted for the current project dataset based on project-owner confirmation. Label analysis uses the current XLS raw 谱式 values.
modern_v1,108,data/raw/脸谱/整理工作/爬虫脸谱图集.zip::爬虫脸谱图集/opera-09-108-s.jpg,opera-09-108-s.jpg,爬虫脸谱图集/opera-09-108-s.jpg,108,108,猩猩胆,摩天岭,象形脸,user_confirmed_sequence_mapping,Project owner confirmed on 2026-09-20 that Excel 序号 and the image filename number are one-to-one for the current POPF dataset.,present,readable,JPEG,89,110,5329,17b42891c809356efa10d6bd18add275b8a56338839edc12ad7161c0a755ff58,1,no,jpg,413,512,not_evaluated,yes,,validation,42,Sequence mapping is accepted for the current project dataset based on project-owner confirmation. Label analysis uses the current XLS raw 谱式 values.
modern_v1,109,data/raw/脸谱/整理工作/爬虫脸谱图集.zip::爬虫脸谱图集/opera-10-109-s.jpg,opera-10-109-s.jpg,爬虫脸谱图集/opera-10-109-s.jpg,109,109,盖苏文,汾河湾,花三块瓦脸,user_confirmed_sequence_mapping,Project owner confirmed on 2026-09-20 that Excel 序号 and the image filename number are one-to-one for the current POPF dataset.,present,readable,JPEG,89,110,5430,c3b4ebca1c858f3b04f18822bfee12d425b3e67844e4bce218a9dc105c3ed8be,1,no,jpg,413,512,not_evaluated,yes,,train,42,Sequence mapping is accepted for the current project dataset based on project-owner confirmation. Label analysis uses the current XLS raw 谱式 values.
modern_v1,110,data/raw/脸谱/整理工作/爬虫脸谱图集.zip::爬虫脸谱图集/opera-10-110-s.jpg,opera-10-110-s.jpg,爬虫脸谱图集/opera-10-110-s.jpg,110,110,巴杰,巴骆和,碎脸,user_confirmed_sequence_mapping,Project owner confirmed on 2026-09-20 that Excel 序号 and the image filename number are one-to-one for the current POPF dataset.,present,readable,JPEG,89,110,5303,d26bd894d0b16daf0939da7c6a84dee3c516a6cdf174bade6f83b47b8d04c63f,1,no,jpg,413,512,not_evaluated,yes,,train,42,Sequence mapping is accepted for the current project dataset based on project-owner confirmation. Label analysis uses the current XLS raw 谱式 values.
modern_v1,111,data/raw/脸谱/整理工作/爬虫脸谱图集.zip::爬虫脸谱图集/opera-10-111-s.jpg,opera-10-111-s.jpg,爬虫脸谱图集/opera-10-111-s.jpg,111,111,朱温,雅观楼,三块瓦脸,user_confirmed_sequence_mapping,Project owner confirmed on 2026-09-20 that Excel 序号 and the image filename number are one-to-one for the current POPF dataset.,present,readable,JPEG,90,110,5060,0cf0bf5c77d652075c70c46093597f8df877d8be83e15aedc95be2de29908136,1,no,jpg,419,512,not_evaluated,yes,,train,42,Sequence mapping is accepted for the current project dataset based on project-owner confirmation. Label analysis uses the current XLS raw 谱式 values.
modern_v1,112,data/raw/脸谱/整理工作/爬虫脸谱图集.zip::爬虫脸谱图集/opera-10-112-s.jpg,opera-10-112-s.jpg,爬虫脸谱图集/opera-10-112-s.jpg,112,112,孟觉海,雅观楼,三块瓦脸,user_confirmed_sequence_mapping,Project owner confirmed on 2026-09-20 that Excel 序号 and the image filename number are one-to-one for the current POPF dataset.,present,readable,JPEG,90,110,5311,da7059de997dff36d3448261a1817db99c454be89cabe45b6dec4f24d80479e1,1,no,jpg,419,512,not_evaluated,yes,,train,42,Sequence mapping is accepted for the current project dataset based on project-owner confirmation. Label analysis uses the current XLS raw 谱式 values.
modern_v1,113,data/raw/脸谱/整理工作/爬虫脸谱图集.zip::爬虫脸谱图集/opera-10-113-s.jpg,opera-10-113-s.jpg,爬虫脸谱图集/opera-10-113-s.jpg,113,113,高旺,牧虎关,十字门脸,user_confirmed_sequence_mapping,Project owner confirmed on 2026-09-20 that Excel 序号 and the image filename number are one-to-one for the current POPF dataset.,present,readable,JPEG,88,110,3918,a4f82b57cd820f15f51168105406d80d1b6e59922477acc39d71a68f4e526cee,1,no,jpg,410,512,not_evaluated,yes,,train,42,Sequence mapping is accepted for the current project dataset based on project-owner confirmation. Label analysis uses the current XLS raw 谱式 values.
modern_v1,114,data/raw/脸谱/整理工作/爬虫脸谱图集.zip::爬虫脸谱图集/opera-10-114-s.jpg,opera-10-114-s.jpg,爬虫脸谱图集/opera-10-114-s.jpg,114,114,天庆王,金沙滩,整脸,user_confirmed_sequence_mapping,Project owner confirmed on 2026-09-20 that Excel 序号 and the image filename number are one-to-one for the current POPF dataset.,present,readable,JPEG,91,110,4578,b5383b20eb034f4730ff39e06be77208863f8a0f7c68cf0d06923ecaba98b24d,1,no,jpg,422,512,not_evaluated,yes,,validation,42,Sequence mapping is accepted for the current project dataset based on project-owner confirmation. Label analysis uses the current XLS raw 谱式 values.
modern_v1,115,data/raw/脸谱/整理工作/爬虫脸谱图集.zip::爬虫脸谱图集/opera-10-115-s.jpg,opera-10-115-s.jpg,爬虫脸谱图集/opera-10-115-s.jpg,115,115,韩昌,雁门关,碎脸,user_confirmed_sequence_mapping,Project owner confirmed on 2026-09-20 that Excel 序号 and the image filename number are one-to-one for the current POPF dataset.,present,readable,JPEG,89,110,5024,6d5479e10726d567971305b82c2e1cac8b3e7cdb80fab5c28b0efc43b911bd9c,1,no,jpg,414,512,not_evaluated,yes,,test,42,Sequence mapping is accepted for the current project dataset based on project-owner confirmation. Label analysis uses the current XLS raw 谱式 values.
modern_v1,116,data/raw/脸谱/整理工作/爬虫脸谱图集.zip::爬虫脸谱图集/opera-10-116-s.jpg,opera-10-116-s.jpg,爬虫脸谱图集/opera-10-116-s.jpg,116,116,白天佐,破洪州,花三块瓦脸,user_confirmed_sequence_mapping,Project owner confirmed on 2026-09-20 that Excel 序号 and the image filename number are one-to-one for the current POPF dataset.,present,readable,JPEG,89,110,4461,2f8febbb36850ba8e23ef13d35af3d8182025bf81e6ad7f16cbfe6f3edffd7d7,1,no,jpg,415,512,not_evaluated,yes,,train,42,Sequence mapping is accepted for the current project dataset based on project-owner confirmation. Label analysis uses the current XLS raw 谱式 values.
modern_v1,117,data/raw/脸谱/整理工作/爬虫脸谱图集.zip::爬虫脸谱图集/opera-10-117-s.jpg,opera-10-117-s.jpg,爬虫脸谱图集/opera-10-117-s.jpg,117,117,孟良,洪羊洞,十字门脸,user_confirmed_sequence_mapping,Project owner confirmed on 2026-09-20 that Excel 序号 and the image filename number are one-to-one for the current POPF dataset.,present,readable,JPEG,89,110,4817,aeef230a2c6bae0f029c11c648badfa0db8f77559311ebc7f641c57f226fdec1,1,no,jpg,413,512,not_evaluated,yes,,train,42,Sequence mapping is accepted for the current project dataset based on project-owner confirmation. Label analysis uses the current XLS raw 谱式 values.
modern_v1,118,data/raw/脸谱/整理工作/爬虫脸谱图集.zip::爬虫脸谱图集/opera-10-118-s.jpg,opera-10-118-s.jpg,爬虫脸谱图集/opera-10-118-s.jpg,118,118,焦赞,三岔口,十字门脸,user_confirmed_sequence_mapping,Project owner confirmed on 2026-09-20 that Excel 序号 and the image filename number are one-to-one for the current POPF dataset.,present,readable,JPEG,90,110,4507,d79f7df0f342fd020aceaf67f50f7efddff338f930117f231d5e4b56777f24e6,1,no,jpg,408,496,not_evaluated,yes,,test,42,Sequence mapping is accepted for the current project dataset based on project-owner confirmation. Label analysis uses the current XLS raw 谱式 values.
modern_v1,119,data/raw/脸谱/整理工作/爬虫脸谱图集.zip::爬虫脸谱图集/opera-10-119-s.jpg,opera-10-119-s.jpg,爬虫脸谱图集/opera-10-119-s.jpg,119,119,杨延德,五台山,僧道脸,user_confirmed_sequence_mapping,Project owner confirmed on 2026-09-20 that Excel 序号 and the image filename number are one-to-one for the current POPF dataset.,present,readable,JPEG,90,110,4511,cf9fbeedd92c222852294ba5008a4ccff3b9a54560835a076f6de1c821f5919b,1,no,jpg,420,512,not_evaluated,no,class_below_min_samples_per_class_10,,42,Sequence mapping is accepted for the current project dataset based on project-owner confirmation. Label analysis uses the current XLS raw 谱式 values.
modern_v1,120,data/raw/脸谱/整理工作/爬虫脸谱图集.zip::爬虫脸谱图集/opera-10-120-s.jpg,opera-10-120-s.jpg,爬虫脸谱图集/opera-10-120-s.jpg,120,120,杨延嗣,金沙滩,碎脸,user_confirmed_sequence_mapping,Project owner confirmed on 2026-09-20 that Excel 序号 and the image filename number are one-to-one for the current POPF dataset.,present,readable,JPEG,90,110,5214,58087fabb6b56c35de63673d6e7b6f3f2e14c6206222afa8c085bbb62f878d9d,1,no,jpg,419,512,not_evaluated,yes,,train,42,Sequence mapping is accepted for the current project dataset based on project-owner confirmation. Label analysis uses the current XLS raw 谱式 values.
modern_v1,121,data/raw/脸谱/整理工作/爬虫脸谱图集.zip::爬虫脸谱图集/opera-11-121-s.jpg,opera-11-121-s.jpg,爬虫脸谱图集/opera-11-121-s.jpg,121,121,杨林,车轮战,三块瓦脸,user_confirmed_sequence_mapping,Project owner confirmed on 2026-09-20 that Excel 序号 and the image filename number are one-to-one for the current POPF dataset.,present,readable,JPEG,83,110,3124,2ededfdf3ca19229f29fcb6beee24c92196ca394fc4fd0b0a49ac99fe952c27b,1,no,jpg,386,512,not_evaluated,yes,,train,42,Sequence mapping is accepted for the current project dataset based on project-owner confirmation. Label analysis uses the current XLS raw 谱式 values.
modern_v1,122,data/raw/脸谱/整理工作/爬虫脸谱图集.zip::爬虫脸谱图集/opera-11-122-s.jpg,opera-11-122-s.jpg,爬虫脸谱图集/opera-11-122-s.jpg,122,122,辛文礼,霓虹关,碎脸,user_confirmed_sequence_mapping,Project owner confirmed on 2026-09-20 that Excel 序号 and the image filename number are one-to-one for the current POPF dataset.,present,readable,JPEG,90,110,3952,d7986c877e6567064db3f0c67efcc32e30b4cf7d9fc7df0091e00cf345f9c378,1,no,jpg,417,512,not_evaluated,yes,,test,42,Sequence mapping is accepted for the current project dataset based on project-owner confirmation. Label analysis uses the current XLS raw 谱式 values.
modern_v1,123,data/raw/脸谱/整理工作/爬虫脸谱图集.zip::爬虫脸谱图集/opera-11-123-s.jpg,opera-11-123-s.jpg,爬虫脸谱图集/opera-11-123-s.jpg,123,123,李克用,珠帘寨,六分脸,user_confirmed_sequence_mapping,Project owner confirmed on 2026-09-20 that Excel 序号 and the image filename number are one-to-one for the current POPF dataset.,present,readable,JPEG,90,110,4112,c7630fd29a15e134eec5c7d0cf1bfa8f4be42f6f361312ba553e5b4b915696f4,1,no,jpg,419,512,not_evaluated,yes,,validation,42,Sequence mapping is accepted for the current project dataset based on project-owner confirmation. Label analysis uses the current XLS raw 谱式 values.
modern_v1,124,data/raw/脸谱/整理工作/爬虫脸谱图集.zip::爬虫脸谱图集/opera-11-124-s.jpg,opera-11-124-s.jpg,爬虫脸谱图集/opera-11-124-s.jpg,124,124,胡里,巴骆和,,user_confirmed_sequence_mapping,Project owner confirmed on 2026-09-20 that Excel 序号 and the image filename number are one-to-one for the current POPF dataset.,missing,readable,JPEG,90,110,4771,fc7eccd1468168f698ee35039e9a583b2c67961d3bb493c1f520c551a8e083c4,1,no,jpg,419,512,not_evaluated,no,missing_raw_face_type,,42,Sequence mapping is accepted for the current project dataset based on project-owner confirmation. Label analysis uses the current XLS raw 谱式 values.
modern_v1,125,data/raw/脸谱/整理工作/爬虫脸谱图集.zip::爬虫脸谱图集/opera-11-125-s.jpg,opera-11-125-s.jpg,爬虫脸谱图集/opera-11-125-s.jpg,125,125,巴若里,状元媒,碎脸,user_confirmed_sequence_mapping,Project owner confirmed on 2026-09-20 that Excel 序号 and the image filename number are one-to-one for the current POPF dataset.,present,readable,JPEG,90,110,5389,0d385c9ffc5a1a42e7007ff9739fdce87916f5a5811c92e828eb76cac6d44ba6,1,no,jpg,420,512,not_evaluated,yes,,train,42,Sequence mapping is accepted for the current project dataset based on project-owner confirmation. Label analysis uses the current XLS raw 谱式 values.
modern_v1,126,data/raw/脸谱/整理工作/爬虫脸谱图集.zip::爬虫脸谱图集/opera-11-126-s.jpg,opera-11-126-s.jpg,爬虫脸谱图集/opera-11-126-s.jpg,126,126,傅龙,状元媒,六分脸,user_confirmed_sequence_mapping,Project owner confirmed on 2026-09-20 that Excel 序号 and the image filename number are one-to-one for the current POPF dataset.,present,readable,JPEG,87,110,3789,dee77b7405f8fcaadce36ce107b0c2fbdee698dd805b15c6fdd0ce6e79775e79,1,no,jpg,406,512,not_evaluated,yes,,train,42,Sequence mapping is accepted for the current project dataset based on project-owner confirmation. Label analysis uses the current XLS raw 谱式 values.
modern_v1,127,data/raw/脸谱/整理工作/爬虫脸谱图集.zip::爬虫脸谱图集/opera-11-127-s.jpg,opera-11-127-s.jpg,爬虫脸谱图集/opera-11-127-s.jpg,127,127,潘洪,清官册,整脸,user_confirmed_sequence_mapping,Project owner confirmed on 2026-09-20 that Excel 序号 and the image filename number are one-to-one for the current POPF dataset.,present,readable,JPEG,123,150,12480,9cf4d95bcab59a7a637ce66a4c2124062f6c9df13aef6e03c27d1a0ab7e0393c,1,no,jpg,412,502,not_evaluated,yes,,train,42,Sequence mapping is accepted for the current project dataset based on project-owner confirmation. Label analysis uses the current XLS raw 谱式 values.
modern_v1,128,data/raw/脸谱/整理工作/爬虫脸谱图集.zip::爬虫脸谱图集/opera-11-128-s.jpg,opera-11-128-s.jpg,爬虫脸谱图集/opera-11-128-s.jpg,128,128,陶洪,打瓜园,角筝形脸,user_confirmed_sequence_mapping,Project owner confirmed on 2026-09-20 that Excel 序号 and the image filename number are one-to-one for the current POPF dataset.,present,readable,JPEG,123,150,13110,0247ea7b198d3c455f247b741a46954b4e36a90997db3e0b78e2c853af3060fb,1,no,jpg,412,502,not_evaluated,no,class_below_min_samples_per_class_10,,42,Sequence mapping is accepted for the current project dataset based on project-owner confirmation. Label analysis uses the current XLS raw 谱式 values.
modern_v1,129,data/raw/脸谱/整理工作/爬虫脸谱图集.zip::爬虫脸谱图集/opera-11-129-s.jpg,opera-11-129-s.jpg,爬虫脸谱图集/opera-11-129-s.jpg,129,129,包拯,铡美案,整脸,user_confirmed_sequence_mapping,Project owner confirmed on 2026-09-20 that Excel 序号 and the image filename number are one-to-one for the current POPF dataset.,present,readable,JPEG,123,150,12752,f7971d5583ab9fdb8d86daca2e4cd5933b4e7d30c0f6abb5e1d01fa29dfb63f7,1,no,jpg,412,502,not_evaluated,yes,,validation,42,Sequence mapping is accepted for the current project dataset based on project-owner confirmation. Label analysis uses the current XLS raw 谱式 values.
modern_v1,130,data/raw/脸谱/整理工作/爬虫脸谱图集.zip::爬虫脸谱图集/opera-11-130-s.jpg,opera-11-130-s.jpg,爬虫脸谱图集/opera-11-130-s.jpg,130,130,赵虎,铡美案,碎脸,user_confirmed_sequence_mapping,Project owner confirmed on 2026-09-20 that Excel 序号 and the image filename number are one-to-one for the current POPF dataset.,present,readable,JPEG,123,150,13840,641c9a427154e1b3631b8c4bebf0f0968a1aa9fc57c0b23c9bdae4a362dbed0b,1,no,jpg,412,502,not_evaluated,yes,,train,42,Sequence mapping is accepted for the current project dataset based on project-owner confirmation. Label analysis uses the current XLS raw 谱式 values.
modern_v1,131,data/raw/脸谱/整理工作/爬虫脸谱图集.zip::爬虫脸谱图集/opera-11-131-s.jpg,opera-11-131-s.jpg,爬虫脸谱图集/opera-11-131-s.jpg,131,131,王朝,铡美案,三块瓦脸,user_confirmed_sequence_mapping,Project owner confirmed on 2026-09-20 that Excel 序号 and the image filename number are one-to-one for the current POPF dataset.,present,readable,JPEG,123,150,15199,d0b4a2b895b9803b06d8c8672b693c98f2d93856b1d3ab13e92f8e92f224a2cc,1,no,jpg,412,502,not_evaluated,yes,,validation,42,Sequence mapping is accepted for the current project dataset based on project-owner confirmation. Label analysis uses the current XLS raw 谱式 values.
modern_v1,132,data/raw/脸谱/整理工作/爬虫脸谱图集.zip::爬虫脸谱图集/opera-11-132-s.jpg,opera-11-132-s.jpg,爬虫脸谱图集/opera-11-132-s.jpg,132,132,马汉,铡美案,元宝脸,user_confirmed_sequence_mapping,Project owner confirmed on 2026-09-20 that Excel 序号 and the image filename number are one-to-one for the current POPF dataset.,present,readable,JPEG,123,150,13112,c4f39ff56dcdbd3aebbd78109b1fee28f2bf35e383ddcfd83cda78ac543e961e,1,no,jpg,412,502,not_evaluated,no,class_below_min_samples_per_class_10,,42,Sequence mapping is accepted for the current project dataset based on project-owner confirmation. Label analysis uses the current XLS raw 谱式 values.
modern_v1,133,data/raw/脸谱/整理工作/爬虫脸谱图集.zip::爬虫脸谱图集/opera-12-133-s.jpg,opera-12-133-s.jpg,爬虫脸谱图集/opera-12-133-s.jpg,133,133,张天龙,双沙河,象形脸,user_confirmed_sequence_mapping,Project owner confirmed on 2026-09-20 that Excel 序号 and the image filename number are one-to-one for the current POPF dataset.,present,readable,JPEG,123,150,13849,7a708dafd4e893e93736c781d8835a0716e459d1051295c3f73da76aee6592e8,1,no,jpg,412,502,not_evaluated,yes,,train,42,Sequence mapping is accepted for the current project dataset based on project-owner confirmation. Label analysis uses the current XLS raw 谱式 values.
modern_v1,134,data/raw/脸谱/整理工作/爬虫脸谱图集.zip::爬虫脸谱图集/opera-12-134-s.jpg,opera-12-134-s.jpg,爬虫脸谱图集/opera-12-134-s.jpg,134,134,书童,盗银瓶,,user_confirmed_sequence_mapping,Project owner confirmed on 2026-09-20 that Excel 序号 and the image filename number are one-to-one for the current POPF dataset.,missing,readable,JPEG,123,150,12464,7fbe6910cca88505b8de05cdff5c1040db24d745ebba1fab7ead1f71d6ab3484,1,no,jpg,412,502,not_evaluated,no,missing_raw_face_type,,42,Sequence mapping is accepted for the current project dataset based on project-owner confirmation. Label analysis uses the current XLS raw 谱式 values.
modern_v1,135,data/raw/脸谱/整理工作/爬虫脸谱图集.zip::爬虫脸谱图集/opera-12-135-s.jpg,opera-12-135-s.jpg,爬虫脸谱图集/opera-12-135-s.jpg,135,135,呼延庆,呼延庆打擂,碎脸,user_confirmed_sequence_mapping,Project owner confirmed on 2026-09-20 that Excel 序号 and the image filename number are one-to-one for the current POPF dataset.,present,readable,JPEG,123,150,14105,f340946b8663ec2d49fa95c85fbb49a468c286a72ae4acf5d113cc1008d69269,1,no,jpg,412,502,not_evaluated,yes,,train,42,Sequence mapping is accepted for the current project dataset based on project-owner confirmation. Label analysis uses the current XLS raw 谱式 values.
modern_v1,136,data/raw/脸谱/整理工作/爬虫脸谱图集.zip::爬虫脸谱图集/opera-12-136-s.jpg,opera-12-136-s.jpg,爬虫脸谱图集/opera-12-136-s.jpg,136,136,王文,杨家女将,三块瓦脸,user_confirmed_sequence_mapping,Project owner confirmed on 2026-09-20 that Excel 序号 and the image filename number are one-to-one for the current POPF dataset.,present,readable,JPEG,123,150,13196,b08c8a586fa0a70fe73c88fdd1c2d2cf5dbf9dfa9a7ff089382989c0238836ab,1,no,jpg,412,502,not_evaluated,yes,,train,42,Sequence mapping is accepted for the current project dataset based on project-owner confirmation. Label analysis uses the current XLS raw 谱式 values.
modern_v1,137,data/raw/脸谱/整理工作/爬虫脸谱图集.zip::爬虫脸谱图集/opera-12-137-s.jpg,opera-12-137-s.jpg,爬虫脸谱图集/opera-12-137-s.jpg,137,137,韩彰,花蝴蝶,三块瓦脸,user_confirmed_sequence_mapping,Project owner confirmed on 2026-09-20 that Excel 序号 and the image filename number are one-to-one for the current POPF dataset.,present,readable,JPEG,123,151,14851,7e152a93c32626992e453b525b89fe021c3086b66217d5bab0990a170ff1f3ab,1,no,jpg,412,503,not_evaluated,yes,,train,42,Sequence mapping is accepted for the current project dataset based on project-owner confirmation. Label analysis uses the current XLS raw 谱式 values.
modern_v1,138,data/raw/脸谱/整理工作/爬虫脸谱图集.zip::爬虫脸谱图集/opera-12-138-s.jpg,opera-12-138-s.jpg,爬虫脸谱图集/opera-12-138-s.jpg,138,138,徐庆,花蝴蝶,碎脸,user_confirmed_sequence_mapping,Project owner confirmed on 2026-09-20 that Excel 序号 and the image filename number are one-to-one for the current POPF dataset.,present,readable,JPEG,123,150,14361,c219e0540b74638446ad4cd66e5c512d088b9892a537b6243d88b7e432ea6a7e,1,no,jpg,412,502,not_evaluated,yes,,train,42,Sequence mapping is accepted for the current project dataset based on project-owner confirmation. Label analysis uses the current XLS raw 谱式 values.
modern_v1,139,data/raw/脸谱/整理工作/爬虫脸谱图集.zip::爬虫脸谱图集/opera-12-139-s.jpg,opera-12-139-s.jpg,爬虫脸谱图集/opera-12-139-s.jpg,139,139,卢方,花蝴蝶,三块瓦脸,user_confirmed_sequence_mapping,Project owner confirmed on 2026-09-20 that Excel 序号 and the image filename number are one-to-one for the current POPF dataset.,present,readable,JPEG,123,150,13349,8e9170db33a4a54ccda00eff9eef59f0f1b15f8d993ed37dcad88bf9dc2c8774,1,no,jpg,412,502,not_evaluated,yes,,validation,42,Sequence mapping is accepted for the current project dataset based on project-owner confirmation. Label analysis uses the current XLS raw 谱式 values.
modern_v1,140,data/raw/脸谱/整理工作/爬虫脸谱图集.zip::爬虫脸谱图集/opera-12-140-s.jpg,opera-12-140-s.jpg,爬虫脸谱图集/opera-12-140-s.jpg,140,140,蒋平,蒋平捞印,,user_confirmed_sequence_mapping,Project owner confirmed on 2026-09-20 that Excel 序号 and the image filename number are one-to-one for the current POPF dataset.,missing,readable,JPEG,123,150,12688,8cee4d7a3f48e771d6d5b800bd667036f1fd9e073ec43b3ffdb0a471bbcf32a3,1,no,jpg,412,502,not_evaluated,no,missing_raw_face_type,,42,Sequence mapping is accepted for the current project dataset based on project-owner confirmation. Label analysis uses the current XLS raw 谱式 values.
modern_v1,141,data/raw/脸谱/整理工作/爬虫脸谱图集.zip::爬虫脸谱图集/opera-12-141-s.jpg,opera-12-141-s.jpg,爬虫脸谱图集/opera-12-141-s.jpg,141,141,公孙胜,黄泥岗,三块瓦脸,user_confirmed_sequence_mapping,Project owner confirmed on 2026-09-20 that Excel 序号 and the image filename number are one-to-one for the current POPF dataset.,present,readable,JPEG,123,150,14583,d8ca3f88cbb747f23da96bcc19152ae26acebf743f26a1ee39d32e1fdd7614ff,1,no,jpg,412,502,not_evaluated,yes,,validation,42,Sequence mapping is accepted for the current project dataset based on project-owner confirmation. Label analysis uses the current XLS raw 谱式 values.
modern_v1,142,data/raw/脸谱/整理工作/爬虫脸谱图集.zip::爬虫脸谱图集/opera-12-142-s.jpg,opera-12-142-s.jpg,爬虫脸谱图集/opera-12-142-s.jpg,142,142,刘唐,浔阳楼,十字门脸,user_confirmed_sequence_mapping,Project owner confirmed on 2026-09-20 that Excel 序号 and the image filename number are one-to-one for the current POPF dataset.,present,readable,JPEG,123,150,14384,39f9aa4b459699b3de4cbf7e68cbf847e0e770164dc9ad58bdd81aafd28f142c,1,no,jpg,412,502,not_evaluated,yes,,test,42,Sequence mapping is accepted for the current project dataset based on project-owner confirmation. Label analysis uses the current XLS raw 谱式 values.
modern_v1,143,data/raw/脸谱/整理工作/爬虫脸谱图集.zip::爬虫脸谱图集/opera-12-143-s.jpg,opera-12-143-s.jpg,爬虫脸谱图集/opera-12-143-s.jpg,143,143,晁盖,浔阳楼,三块瓦脸,user_confirmed_sequence_mapping,Project owner confirmed on 2026-09-20 that Excel 序号 and the image filename number are one-to-one for the current POPF dataset.,present,readable,JPEG,123,150,13398,2786191a41db6c4682ab11850d419ec54d8dfcbf5679506e4d1fbf3378a2ffac,1,no,jpg,412,502,not_evaluated,yes,,train,42,Sequence mapping is accepted for the current project dataset based on project-owner confirmation. Label analysis uses the current XLS raw 谱式 values.
modern_v1,144,data/raw/脸谱/整理工作/爬虫脸谱图集.zip::爬虫脸谱图集/opera-12-144-s.jpg,opera-12-144-s.jpg,爬虫脸谱图集/opera-12-144-s.jpg,144,144,鲁智深,野猪林,僧道脸,user_confirmed_sequence_mapping,Project owner confirmed on 2026-09-20 that Excel 序号 and the image filename number are one-to-one for the current POPF dataset.,present,readable,JPEG,123,150,13571,bc8ff070ab312c74a9b6548a8e19d0c6594423e4997a252824d5f84c14160b30,1,no,jpg,412,502,not_evaluated,no,class_below_min_samples_per_class_10,,42,Sequence mapping is accepted for the current project dataset based on project-owner confirmation. Label analysis uses the current XLS raw 谱式 values.
modern_v1,145,data/raw/脸谱/整理工作/爬虫脸谱图集.zip::爬虫脸谱图集/opera-13-145-s.jpg,opera-13-145-s.jpg,爬虫脸谱图集/opera-13-145-s.jpg,145,145,李逵,清风寨,花三块瓦脸,user_confirmed_sequence_mapping,Project owner confirmed on 2026-09-20 that Excel 序号 and the image filename number are one-to-one for the current POPF dataset.,present,readable,JPEG,123,150,13818,3941e6921eaf51c34efeb21d9b9aad717064413a0374e413f0f44f349799be6d,1,no,jpg,412,503,not_evaluated,yes,,train,42,Sequence mapping is accepted for the current project dataset based on project-owner confirmation. Label analysis uses the current XLS raw 谱式 values.
modern_v1,146,data/raw/脸谱/整理工作/爬虫脸谱图集.zip::爬虫脸谱图集/opera-13-146-s.jpg,opera-13-146-s.jpg,爬虫脸谱图集/opera-13-146-s.jpg,146,146,杨志,黄泥岗,碎脸,user_confirmed_sequence_mapping,Project owner confirmed on 2026-09-20 that Excel 序号 and the image filename number are one-to-one for the current POPF dataset.,present,readable,JPEG,123,150,15430,0cbf11e065ec9e384ab14ebd25ef46dc791386aba72bbb5eab8dda8a7dbced1e,1,no,jpg,412,502,not_evaluated,yes,,train,42,Sequence mapping is accepted for the current project dataset based on project-owner confirmation. Label analysis uses the current XLS raw 谱式 values.
modern_v1,147,data/raw/脸谱/整理工作/爬虫脸谱图集.zip::爬虫脸谱图集/opera-13-147-s.jpg,opera-13-147-s.jpg,爬虫脸谱图集/opera-13-147-s.jpg,147,147,白胜,黄泥岗,,user_confirmed_sequence_mapping,Project owner confirmed on 2026-09-20 that Excel 序号 and the image filename number are one-to-one for the current POPF dataset.,missing,readable,JPEG,123,150,12546,363fbda12852d71b2a201a409272bc0ecc9544865bb42754d11dc4a590fd0293,1,no,jpg,412,502,not_evaluated,no,missing_raw_face_type,,42,Sequence mapping is accepted for the current project dataset based on project-owner confirmation. Label analysis uses the current XLS raw 谱式 values.
modern_v1,148,data/raw/脸谱/整理工作/爬虫脸谱图集.zip::爬虫脸谱图集/opera-13-148-s.jpg,opera-13-148-s.jpg,爬虫脸谱图集/opera-13-148-s.jpg,148,148,王英,神州擂,碎脸,user_confirmed_sequence_mapping,Project owner confirmed on 2026-09-20 that Excel 序号 and the image filename number are one-to-one for the current POPF dataset.,present,readable,JPEG,123,150,15164,7ceb12cce50ddc87d9deb9f173595a5af62d03643f72236988753c7e5f72e95d,1,no,jpg,412,502,not_evaluated,yes,,test,42,Sequence mapping is accepted for the current project dataset based on project-owner confirmation. Label analysis uses the current XLS raw 谱式 values.
modern_v1,149,data/raw/脸谱/整理工作/爬虫脸谱图集.zip::爬虫脸谱图集/opera-13-149-s.jpg,opera-13-149-s.jpg,爬虫脸谱图集/opera-13-149-s.jpg,149,149,宣赞,收关胜,碎脸,user_confirmed_sequence_mapping,Project owner confirmed on 2026-09-20 that Excel 序号 and the image filename number are one-to-one for the current POPF dataset.,present,readable,JPEG,123,150,14802,8e9429f841ac41f531169aefb77610c0e7e42e1d6916c58d7f94845843f2c040,1,no,jpg,412,502,not_evaluated,yes,,train,42,Sequence mapping is accepted for the current project dataset based on project-owner confirmation. Label analysis uses the current XLS raw 谱式 values.
modern_v1,150,data/raw/脸谱/整理工作/爬虫脸谱图集.zip::爬虫脸谱图集/opera-13-150-s.jpg,opera-13-150-s.jpg,爬虫脸谱图集/opera-13-150-s.jpg,150,150,呼延灼,青州府,碎脸,user_confirmed_sequence_mapping,Project owner confirmed on 2026-09-20 that Excel 序号 and the image filename number are one-to-one for the current POPF dataset.,present,readable,JPEG,123,150,15305,e630a231b11f32e569378e8ba0a7178e8b1a5cc36216c5b013bbad0e9e6e22ec,1,no,jpg,412,502,not_evaluated,yes,,validation,42,Sequence mapping is accepted for the current project dataset based on project-owner confirmation. Label analysis uses the current XLS raw 谱式 values.
modern_v1,151,data/raw/脸谱/整理工作/爬虫脸谱图集.zip::爬虫脸谱图集/opera-13-151-s.jpg,opera-13-151-s.jpg,爬虫脸谱图集/opera-13-151-s.jpg,151,151,秦明,青州府,碎脸,user_confirmed_sequence_mapping,Project owner confirmed on 2026-09-20 that Excel 序号 and the image filename number are one-to-one for the current POPF dataset.,present,readable,JPEG,123,150,14979,52411277150b5451f608832552777af43237041e44b5b5ff94bcf010f5bad2b5,1,no,jpg,412,502,not_evaluated,yes,,test,42,Sequence mapping is accepted for the current project dataset based on project-owner confirmation. Label analysis uses the current XLS raw 谱式 values.
modern_v1,152,data/raw/脸谱/整理工作/爬虫脸谱图集.zip::爬虫脸谱图集/opera-13-152-s.jpg,opera-13-152-s.jpg,爬虫脸谱图集/opera-13-152-s.jpg,152,152,索超,收关胜,三块瓦脸,user_confirmed_sequence_mapping,Project owner confirmed on 2026-09-20 that Excel 序号 and the image filename number are one-to-one for the current POPF dataset.,present,readable,JPEG,123,150,14940,399a108fa88cbd22119b6611df03f328ca001a7364af992f2698eaa122d6e0ea,1,no,jpg,412,502,not_evaluated,yes,,train,42,Sequence mapping is accepted for the current project dataset based on project-owner confirmation. Label analysis uses the current XLS raw 谱式 values.
modern_v1,153,data/raw/脸谱/整理工作/爬虫脸谱图集.zip::爬虫脸谱图集/opera-13-153-s.jpg,opera-13-153-s.jpg,爬虫脸谱图集/opera-13-153-s.jpg,153,153,周通,花田错,碎脸,user_confirmed_sequence_mapping,Project owner confirmed on 2026-09-20 that Excel 序号 and the image filename number are one-to-one for the current POPF dataset.,present,readable,JPEG,123,150,15307,c5ca48c31108e75d54c626fcda42ef2b67b517eaf2d037cd2aee2e32be05fedd,1,no,jpg,412,502,not_evaluated,yes,,train,42,Sequence mapping is accepted for the current project dataset based on project-owner confirmation. Label analysis uses the current XLS raw 谱式 values.
modern_v1,154,data/raw/脸谱/整理工作/爬虫脸谱图集.zip::爬虫脸谱图集/opera-13-154-s.jpg,opera-13-154-s.jpg,爬虫脸谱图集/opera-13-154-s.jpg,154,154,关胜,收关胜,三块瓦脸,user_confirmed_sequence_mapping,Project owner confirmed on 2026-09-20 that Excel 序号 and the image filename number are one-to-one for the current POPF dataset.,present,readable,JPEG,123,150,13855,bb3b9c6413bb4d333f7c8d2f0a54ff29848ae651176a3ff1d44beab10c43d462,1,no,jpg,412,502,not_evaluated,yes,,validation,42,Sequence mapping is accepted for the current project dataset based on project-owner confirmation. Label analysis uses the current XLS raw 谱式 values.
modern_v1,155,data/raw/脸谱/整理工作/爬虫脸谱图集.zip::爬虫脸谱图集/opera-13-155-s.jpg,opera-13-155-s.jpg,爬虫脸谱图集/opera-13-155-s.jpg,155,155,汤隆,雁翎甲,碎脸,user_confirmed_sequence_mapping,Project owner confirmed on 2026-09-20 that Excel 序号 and the image filename number are one-to-one for the current POPF dataset.,present,readable,JPEG,123,150,15356,83717b6c72caa94159cffb2f244ef0c62a0f3d88d15b646a553e1e105676a964,1,no,jpg,412,502,not_evaluated,yes,,train,42,Sequence mapping is accepted for the current project dataset based on project-owner confirmation. Label analysis uses the current XLS raw 谱式 values.
modern_v1,156,data/raw/脸谱/整理工作/爬虫脸谱图集.zip::爬虫脸谱图集/opera-13-156-s.jpg,opera-13-156-s.jpg,爬虫脸谱图集/opera-13-156-s.jpg,156,156,杨林,石秀探庄,三块瓦脸,user_confirmed_sequence_mapping,Project owner confirmed on 2026-09-20 that Excel 序号 and the image filename number are one-to-one for the current POPF dataset.,present,readable,JPEG,123,150,14336,d6993c4e2229ec0656ebec1c59cb719874675b42429d2c25b7fa5a08a78118f1,1,no,jpg,412,502,not_evaluated,yes,,test,42,Sequence mapping is accepted for the current project dataset based on project-owner confirmation. Label analysis uses the current XLS raw 谱式 values.
modern_v1,157,data/raw/脸谱/整理工作/爬虫脸谱图集.zip::爬虫脸谱图集/opera-14-157-s.jpg,opera-14-157-s.jpg,爬虫脸谱图集/opera-14-157-s.jpg,157,157,祝龙,三打祝家庄,碎脸,user_confirmed_sequence_mapping,Project owner confirmed on 2026-09-20 that Excel 序号 and the image filename number are one-to-one for the current POPF dataset.,present,readable,JPEG,123,150,14732,0c561fc06a5989d54ed9f977b4820933b6602174283555293e14baf89a16a4ad,1,no,jpg,412,502,not_evaluated,yes,,train,42,Sequence mapping is accepted for the current project dataset based on project-owner confirmation. Label analysis uses the current XLS raw 谱式 values.
modern_v1,158,data/raw/脸谱/整理工作/爬虫脸谱图集.zip::爬虫脸谱图集/opera-14-158-s.jpg,opera-14-158-s.jpg,爬虫脸谱图集/opera-14-158-s.jpg,158,158,祝虎,三打祝家庄,碎脸,user_confirmed_sequence_mapping,Project owner confirmed on 2026-09-20 that Excel 序号 and the image filename number are one-to-one for the current POPF dataset.,present,readable,JPEG,123,150,15696,517fb2528b32719c5bc4dc3642d2eee4df18061f23dc346216859d7a69fa54a3,1,no,jpg,412,502,not_evaluated,yes,,train,42,Sequence mapping is accepted for the current project dataset based on project-owner confirmation. Label analysis uses the current XLS raw 谱式 values.
modern_v1,159,data/raw/脸谱/整理工作/爬虫脸谱图集.zip::爬虫脸谱图集/opera-14-159-s.jpg,opera-14-159-s.jpg,爬虫脸谱图集/opera-14-159-s.jpg,159,159,栾廷玉,石秀探庄,三块瓦脸,user_confirmed_sequence_mapping,Project owner confirmed on 2026-09-20 that Excel 序号 and the image filename number are one-to-one for the current POPF dataset.,present,readable,JPEG,123,150,14491,7c21b232f02e3f0c96d4dd88037872c1a8e8dd70fe66f0ed6b07d435ca7fd8a8,1,no,jpg,412,502,not_evaluated,yes,,train,42,Sequence mapping is accepted for the current project dataset based on project-owner confirmation. Label analysis uses the current XLS raw 谱式 values.
modern_v1,160,data/raw/脸谱/整理工作/爬虫脸谱图集.zip::爬虫脸谱图集/opera-14-160-s.jpg,opera-14-160-s.jpg,爬虫脸谱图集/opera-14-160-s.jpg,160,160,祝彪,三打祝家庄,歪脸,user_confirmed_sequence_mapping,Project owner confirmed on 2026-09-20 that Excel 序号 and the image filename number are one-to-one for the current POPF dataset.,present,readable,JPEG,123,150,13405,c89aa5518cf5cd67ddde304e9a0f877be12360b52e976fb86b1f0c1e164902b7,1,no,jpg,412,502,not_evaluated,no,class_below_min_samples_per_class_10,,42,Sequence mapping is accepted for the current project dataset based on project-owner confirmation. Label analysis uses the current XLS raw 谱式 values.
modern_v1,161,data/raw/脸谱/整理工作/爬虫脸谱图集.zip::爬虫脸谱图集/opera-14-161-s.jpg,opera-14-161-s.jpg,爬虫脸谱图集/opera-14-161-s.jpg,161,161,张顺,秦淮河,花三块瓦脸,user_confirmed_sequence_mapping,Project owner confirmed on 2026-09-20 that Excel 序号 and the image filename number are one-to-one for the current POPF dataset.,present,readable,JPEG,123,150,13809,01958eacac136db12cd118631573af032b07c4eaf7a393cacf3cc6ae4df4a3aa,1,no,jpg,412,502,not_evaluated,yes,,train,42,Sequence mapping is accepted for the current project dataset based on project-owner confirmation. Label analysis uses the current XLS raw 谱式 values.
modern_v1,162,data/raw/脸谱/整理工作/爬虫脸谱图集.zip::爬虫脸谱图集/opera-14-162-s.jpg,opera-14-162-s.jpg,爬虫脸谱图集/opera-14-162-s.jpg,162,162,徐士英,艳阳楼,碎脸,user_confirmed_sequence_mapping,Project owner confirmed on 2026-09-20 that Excel 序号 and the image filename number are one-to-one for the current POPF dataset.,present,readable,JPEG,123,150,14438,169c4562ea5986518f162edb7d854716d3fd70403a7699a68ecf65c852759474,1,no,jpg,412,502,not_evaluated,yes,,train,42,Sequence mapping is accepted for the current project dataset based on project-owner confirmation. Label analysis uses the current XLS raw 谱式 values.
modern_v1,163,data/raw/脸谱/整理工作/爬虫脸谱图集.zip::爬虫脸谱图集/opera-14-163-s.jpg,opera-14-163-s.jpg,爬虫脸谱图集/opera-14-163-s.jpg,163,163,倪荣,打渔杀家,碎脸,user_confirmed_sequence_mapping,Project owner confirmed on 2026-09-20 that Excel 序号 and the image filename number are one-to-one for the current POPF dataset.,present,readable,JPEG,123,150,14702,8a098085e2c59325bb1b0952e667a26830bfec74fa3e7d96a51b81c95f58ac96,1,no,jpg,412,502,not_evaluated,yes,,validation,42,Sequence mapping is accepted for the current project dataset based on project-owner confirmation. Label analysis uses the current XLS raw 谱式 values.
modern_v1,164,data/raw/脸谱/整理工作/爬虫脸谱图集.zip::爬虫脸谱图集/opera-14-164-s.jpg,opera-14-164-s.jpg,爬虫脸谱图集/opera-14-164-s.jpg,164,164,时迁,雁翎甲,筝形脸,user_confirmed_sequence_mapping,Project owner confirmed on 2026-09-20 that Excel 序号 and the image filename number are one-to-one for the current POPF dataset.,present,readable,JPEG,123,150,13167,b24e8ff89e505da9a819c7a6c025d1f7dca4d44a4760ccb0b46d8fb3a419a68f,1,no,jpg,412,502,not_evaluated,no,class_below_min_samples_per_class_10,,42,Sequence mapping is accepted for the current project dataset based on project-owner confirmation. Label analysis uses the current XLS raw 谱式 values.
modern_v1,165,data/raw/脸谱/整理工作/爬虫脸谱图集.zip::爬虫脸谱图集/opera-14-165-s.jpg,opera-14-165-s.jpg,爬虫脸谱图集/opera-14-165-s.jpg,165,165,高登,艳阳楼,三块瓦脸,user_confirmed_sequence_mapping,Project owner confirmed on 2026-09-20 that Excel 序号 and the image filename number are one-to-one for the current POPF dataset.,present,readable,JPEG,123,150,13598,dba0d735f8fb333bfdfbcac96ac981a5d344939810be6f8bc7101432a445775c,1,no,jpg,412,502,not_evaluated,yes,,validation,42,Sequence mapping is accepted for the current project dataset based on project-owner confirmation. Label analysis uses the current XLS raw 谱式 values.
modern_v1,166,data/raw/脸谱/整理工作/爬虫脸谱图集.zip::爬虫脸谱图集/opera-14-166-s.jpg,opera-14-166-s.jpg,爬虫脸谱图集/opera-14-166-s.jpg,166,166,董超,野猪林,,user_confirmed_sequence_mapping,Project owner confirmed on 2026-09-20 that Excel 序号 and the image filename number are one-to-one for the current POPF dataset.,missing,readable,JPEG,123,150,12565,30b406c68c931652eb1ee5c8a337b5e48ccbfe0094792cf20404be4b7a09efa9,1,no,jpg,412,502,not_evaluated,no,missing_raw_face_type,,42,Sequence mapping is accepted for the current project dataset based on project-owner confirmation. Label analysis uses the current XLS raw 谱式 values.
modern_v1,167,data/raw/脸谱/整理工作/爬虫脸谱图集.zip::爬虫脸谱图集/opera-14-167-s.jpg,opera-14-167-s.jpg,爬虫脸谱图集/opera-14-167-s.jpg,167,167,高俅,野猪林,整脸,user_confirmed_sequence_mapping,Project owner confirmed on 2026-09-20 that Excel 序号 and the image filename number are one-to-one for the current POPF dataset.,present,readable,JPEG,123,150,13100,97819c10e49b7445a733c7fcaed6de5020cb40e0b988e0d9e408c752d3ee76eb,1,no,jpg,412,502,not_evaluated,yes,,train,42,Sequence mapping is accepted for the current project dataset based on project-owner confirmation. Label analysis uses the current XLS raw 谱式 values.
modern_v1,168,data/raw/脸谱/整理工作/爬虫脸谱图集.zip::爬虫脸谱图集/opera-14-168-s.jpg,opera-14-168-s.jpg,爬虫脸谱图集/opera-14-168-s.jpg,168,168,薛霸,野猪林,,user_confirmed_sequence_mapping,Project owner confirmed on 2026-09-20 that Excel 序号 and the image filename number are one-to-one for the current POPF dataset.,missing,readable,JPEG,123,150,12689,7a017356fc9fc4205bb534ec875c8d669faa54f36f5d71845815be96fb0f1fed,1,no,jpg,412,502,not_evaluated,no,missing_raw_face_type,,42,Sequence mapping is accepted for the current project dataset based on project-owner confirmation. Label analysis uses the current XLS raw 谱式 values.
modern_v1,169,data/raw/脸谱/整理工作/爬虫脸谱图集.zip::爬虫脸谱图集/opera-15-169-s.jpg,opera-15-169-s.jpg,爬虫脸谱图集/opera-15-169-s.jpg,169,169,哈迷蚩,潞安州,,user_confirmed_sequence_mapping,Project owner confirmed on 2026-09-20 that Excel 序号 and the image filename number are one-to-one for the current POPF dataset.,missing,readable,JPEG,123,150,12929,3e0693f7365cf6d49c58c12e1a483568d6db5c310d7229c0475b9a8c5f35cb57,1,no,jpg,412,502,not_evaluated,no,missing_raw_face_type,,42,Sequence mapping is accepted for the current project dataset based on project-owner confirmation. Label analysis uses the current XLS raw 谱式 values.
modern_v1,170,data/raw/脸谱/整理工作/爬虫脸谱图集.zip::爬虫脸谱图集/opera-15-170-s.jpg,opera-15-170-s.jpg,爬虫脸谱图集/opera-15-170-s.jpg,170,170,金蝉子,锤震金蝉子,碎脸,user_confirmed_sequence_mapping,Project owner confirmed on 2026-09-20 that Excel 序号 and the image filename number are one-to-one for the current POPF dataset.,present,readable,JPEG,123,150,14927,39ec737d7a28dc7faf0bf4cfc3be203c77fef15cc9a7f3c043fad3a008bf90d0,1,no,jpg,412,502,not_evaluated,yes,,train,42,Sequence mapping is accepted for the current project dataset based on project-owner confirmation. Label analysis uses the current XLS raw 谱式 values.
modern_v1,171,data/raw/脸谱/整理工作/爬虫脸谱图集.zip::爬虫脸谱图集/opera-15-171-s.jpg,opera-15-171-s.jpg,爬虫脸谱图集/opera-15-171-s.jpg,171,171,柴桂,求贤鉴,三块瓦脸,user_confirmed_sequence_mapping,Project owner confirmed on 2026-09-20 that Excel 序号 and the image filename number are one-to-one for the current POPF dataset.,present,readable,JPEG,123,150,13548,0ccfa4aaa1e8c937a9eb1a9e22cba529adcc0616721f32570bb95ab795f347b4,1,no,jpg,412,502,not_evaluated,yes,,validation,42,Sequence mapping is accepted for the current project dataset based on project-owner confirmation. Label analysis uses the current XLS raw 谱式 values.
modern_v1,172,data/raw/脸谱/整理工作/爬虫脸谱图集.zip::爬虫脸谱图集/opera-15-172-s.jpg,opera-15-172-s.jpg,爬虫脸谱图集/opera-15-172-s.jpg,172,172,黑风利,挑滑车,整脸,user_confirmed_sequence_mapping,Project owner confirmed on 2026-09-20 that Excel 序号 and the image filename number are one-to-one for the current POPF dataset.,present,readable,JPEG,123,150,12744,111f0206a7f8aa90121066290d024157cf7f64bdf0cdd42caf5f04efe2010e45,1,no,jpg,412,502,not_evaluated,yes,,train,42,Sequence mapping is accepted for the current project dataset based on project-owner confirmation. Label analysis uses the current XLS raw 谱式 values.
modern_v1,173,data/raw/脸谱/整理工作/爬虫脸谱图集.zip::爬虫脸谱图集/opera-15-173-s.jpg,opera-15-173-s.jpg,爬虫脸谱图集/opera-15-173-s.jpg,173,173,牛皋,藕塘关,十字门脸,user_confirmed_sequence_mapping,Project owner confirmed on 2026-09-20 that Excel 序号 and the image filename number are one-to-one for the current POPF dataset.,present,readable,JPEG,123,150,13453,549b450aaf4de8d4885eba2de50dd329f934a550eb32134f6d33c0f46c53ae91,1,no,jpg,412,502,not_evaluated,yes,,validation,42,Sequence mapping is accepted for the current project dataset based on project-owner confirmation. Label analysis uses the current XLS raw 谱式 values.
modern_v1,174,data/raw/脸谱/整理工作/爬虫脸谱图集.zip::爬虫脸谱图集/opera-15-174-s.jpg,opera-15-174-s.jpg,爬虫脸谱图集/opera-15-174-s.jpg,174,174,何元庆,八大锤,花三块瓦脸,user_confirmed_sequence_mapping,Project owner confirmed on 2026-09-20 that Excel 序号 and the image filename number are one-to-one for the current POPF dataset.,present,readable,JPEG,123,150,14960,1426fb4a323e3719b0a5433f2a83df3aa6577c5d63e9bcdf5d72fc743b7e2b85,1,no,jpg,412,502,not_evaluated,yes,,train,42,Sequence mapping is accepted for the current project dataset based on project-owner confirmation. Label analysis uses the current XLS raw 谱式 values.
modern_v1,175,data/raw/脸谱/整理工作/爬虫脸谱图集.zip::爬虫脸谱图集/opera-15-175-s.jpg,opera-15-175-s.jpg,爬虫脸谱图集/opera-15-175-s.jpg,175,175,狄雷,八大锤,碎脸,user_confirmed_sequence_mapping,Project owner confirmed on 2026-09-20 that Excel 序号 and the image filename number are one-to-one for the current POPF dataset.,present,readable,JPEG,123,150,14389,582366cdf23c20507df0de06f6d03a71c8311be1c87c3af9703c2fe33c45c2c1,1,no,jpg,412,502,not_evaluated,yes,,train,42,Sequence mapping is accepted for the current project dataset based on project-owner confirmation. Label analysis uses the current XLS raw 谱式 values.
modern_v1,176,data/raw/脸谱/整理工作/爬虫脸谱图集.zip::爬虫脸谱图集/opera-15-176-s.jpg,opera-15-176-s.jpg,爬虫脸谱图集/opera-15-176-s.jpg,176,176,兀术,八大锤,三块瓦脸,user_confirmed_sequence_mapping,Project owner confirmed on 2026-09-20 that Excel 序号 and the image filename number are one-to-one for the current POPF dataset.,present,readable,JPEG,123,150,14429,0698a43b8c55606580ad5559f778a70e2343ff708d82f23b539121185536d5a0,1,no,jpg,412,502,not_evaluated,yes,,test,42,Sequence mapping is accepted for the current project dataset based on project-owner confirmation. Label analysis uses the current XLS raw 谱式 values.
modern_v1,177,data/raw/脸谱/整理工作/爬虫脸谱图集.zip::爬虫脸谱图集/opera-15-177-s.jpg,opera-15-177-s.jpg,爬虫脸谱图集/opera-15-177-s.jpg,177,177,李庭芝,正气歌,元宝脸,user_confirmed_sequence_mapping,Project owner confirmed on 2026-09-20 that Excel 序号 and the image filename number are one-to-one for the current POPF dataset.,present,readable,JPEG,123,150,13795,b38916581e3cb6562fac63ce19aa590e0273a6f8e56648e0b4f27d0a2cfe7a35,1,no,jpg,412,502,not_evaluated,no,class_below_min_samples_per_class_10,,42,Sequence mapping is accepted for the current project dataset based on project-owner confirmation. Label analysis uses the current XLS raw 谱式 values.
modern_v1,178,data/raw/脸谱/整理工作/爬虫脸谱图集.zip::爬虫脸谱图集/opera-15-178-s.jpg,opera-15-178-s.jpg,爬虫脸谱图集/opera-15-178-s.jpg,178,178,金眼僧,二龙山,僧道脸,user_confirmed_sequence_mapping,Project owner confirmed on 2026-09-20 that Excel 序号 and the image filename number are one-to-one for the current POPF dataset.,present,readable,JPEG,123,150,14273,e59b99ea26ca536776fec15a876bd775514a300e440614b35f1ef020e40e5a3c,1,no,jpg,412,502,not_evaluated,no,class_below_min_samples_per_class_10,,42,Sequence mapping is accepted for the current project dataset based on project-owner confirmation. Label analysis uses the current XLS raw 谱式 values.
modern_v1,179,data/raw/脸谱/整理工作/爬虫脸谱图集.zip::爬虫脸谱图集/opera-15-179-s.jpg,opera-15-179-s.jpg,爬虫脸谱图集/opera-15-179-s.jpg,179,179,伯颜,正气歌,花三块瓦脸,user_confirmed_sequence_mapping,Project owner confirmed on 2026-09-20 that Excel 序号 and the image filename number are one-to-one for the current POPF dataset.,present,readable,JPEG,123,150,13180,7c33002e249a403277051aa34b0fe0584fff1cb6486150818a2c358f52b8c340,1,no,jpg,412,502,not_evaluated,yes,,train,42,Sequence mapping is accepted for the current project dataset based on project-owner confirmation. Label analysis uses the current XLS raw 谱式 values.
modern_v1,180,data/raw/脸谱/整理工作/爬虫脸谱图集.zip::爬虫脸谱图集/opera-15-180-s.jpg,opera-15-180-s.jpg,爬虫脸谱图集/opera-15-180-s.jpg,180,180,银眼僧,二龙山,僧道脸,user_confirmed_sequence_mapping,Project owner confirmed on 2026-09-20 that Excel 序号 and the image filename number are one-to-one for the current POPF dataset.,present,readable,JPEG,123,150,14843,a5b5b62347047d676eb632ae9b685400bdd7a70794c3f02140af4d97d561d2a2,1,no,jpg,412,502,not_evaluated,no,class_below_min_samples_per_class_10,,42,Sequence mapping is accepted for the current project dataset based on project-owner confirmation. Label analysis uses the current XLS raw 谱式 values.
modern_v1,181,data/raw/脸谱/整理工作/爬虫脸谱图集.zip::爬虫脸谱图集/opera-16-181-s.jpg,opera-16-181-s.jpg,爬虫脸谱图集/opera-16-181-s.jpg,181,181,沐英,取金陵,三块瓦脸,user_confirmed_sequence_mapping,Project owner confirmed on 2026-09-20 that Excel 序号 and the image filename number are one-to-one for the current POPF dataset.,present,readable,JPEG,123,150,14709,c8565f955d4f82f061ccb57b4a56147ce864121d840f2498e71280e47b061573,1,no,jpg,412,502,not_evaluated,yes,,train,42,Sequence mapping is accepted for the current project dataset based on project-owner confirmation. Label analysis uses the current XLS raw 谱式 values.
modern_v1,182,data/raw/脸谱/整理工作/爬虫脸谱图集.zip::爬虫脸谱图集/opera-16-182-s.jpg,opera-16-182-s.jpg,爬虫脸谱图集/opera-16-182-s.jpg,182,182,徐延昭,大保国,六分脸,user_confirmed_sequence_mapping,Project owner confirmed on 2026-09-20 that Excel 序号 and the image filename number are one-to-one for the current POPF dataset.,present,readable,JPEG,123,150,12483,230ea9b72c1d71fa814bc941bd24ad569ddc67d23166a71f5dee6f9c5dce342b,1,no,jpg,412,502,not_evaluated,yes,,train,42,Sequence mapping is accepted for the current project dataset based on project-owner confirmation. Label analysis uses the current XLS raw 谱式 values.
modern_v1,183,data/raw/脸谱/整理工作/爬虫脸谱图集.zip::爬虫脸谱图集/opera-16-183-s.jpg,opera-16-183-s.jpg,爬虫脸谱图集/opera-16-183-s.jpg,183,183,蒋忠,百凉楼,碎脸,user_confirmed_sequence_mapping,Project owner confirmed on 2026-09-20 that Excel 序号 and the image filename number are one-to-one for the current POPF dataset.,present,readable,JPEG,123,150,14460,07eceaac81c9bd331a390aed4b8a17882c385670bd6432675168085eec49993b,1,no,jpg,412,502,not_evaluated,yes,,validation,42,Sequence mapping is accepted for the current project dataset based on project-owner confirmation. Label analysis uses the current XLS raw 谱式 values.
modern_v1,184,data/raw/脸谱/整理工作/爬虫脸谱图集.zip::爬虫脸谱图集/opera-16-184-s.jpg,opera-16-184-s.jpg,爬虫脸谱图集/opera-16-184-s.jpg,184,184,赤福寿,取金陵,三块瓦脸,user_confirmed_sequence_mapping,Project owner confirmed on 2026-09-20 that Excel 序号 and the image filename number are one-to-one for the current POPF dataset.,present,readable,JPEG,123,150,13916,128c41cd70967da4d18ca1e13e316570c06a56d6fda810fcbdca06dcaf5f9b05,1,no,jpg,412,502,not_evaluated,yes,,train,42,Sequence mapping is accepted for the current project dataset based on project-owner confirmation. Label analysis uses the current XLS raw 谱式 values.
modern_v1,185,data/raw/脸谱/整理工作/爬虫脸谱图集.zip::爬虫脸谱图集/opera-16-185-s.jpg,opera-16-185-s.jpg,爬虫脸谱图集/opera-16-185-s.jpg,185,185,完颜龙,串龙珠,碎脸,user_confirmed_sequence_mapping,Project owner confirmed on 2026-09-20 that Excel 序号 and the image filename number are one-to-one for the current POPF dataset.,present,readable,JPEG,123,150,14932,264ebcc5099c6863d64c0ca26f7048d3ccc83fbefd25945ca0666e519a426488,1,no,jpg,412,502,not_evaluated,yes,,validation,42,Sequence mapping is accepted for the current project dataset based on project-owner confirmation. Label analysis uses the current XLS raw 谱式 values.
modern_v1,186,data/raw/脸谱/整理工作/爬虫脸谱图集.zip::爬虫脸谱图集/opera-16-186-s.jpg,opera-16-186-s.jpg,爬虫脸谱图集/opera-16-186-s.jpg,186,186,娄阿鼠,十五贯,,user_confirmed_sequence_mapping,Project owner confirmed on 2026-09-20 that Excel 序号 and the image filename number are one-to-one for the current POPF dataset.,missing,readable,JPEG,123,150,12631,b47e854953e4297b38aa376a5066037f0d7945cfe76e1805bea0d64fdaa5ea9c,1,no,jpg,412,502,not_evaluated,no,missing_raw_face_type,,42,Sequence mapping is accepted for the current project dataset based on project-owner confirmation. Label analysis uses the current XLS raw 谱式 values.
modern_v1,187,data/raw/脸谱/整理工作/爬虫脸谱图集.zip::爬虫脸谱图集/opera-16-187-s.jpg,opera-16-187-s.jpg,爬虫脸谱图集/opera-16-187-s.jpg,187,187,颜佩韦,五人义,三块瓦脸,user_confirmed_sequence_mapping,Project owner confirmed on 2026-09-20 that Excel 序号 and the image filename number are one-to-one for the current POPF dataset.,present,readable,JPEG,123,150,13437,18fe4c6c54e107afc46c6cb4ae4d059d89e798251f9f766c56261db2961773f3,1,no,jpg,412,502,not_evaluated,yes,,train,42,Sequence mapping is accepted for the current project dataset based on project-owner confirmation. Label analysis uses the current XLS raw 谱式 values.
modern_v1,188,data/raw/脸谱/整理工作/爬虫脸谱图集.zip::爬虫脸谱图集/opera-16-188-s.jpg,opera-16-188-s.jpg,爬虫脸谱图集/opera-16-188-s.jpg,188,188,花云母,串龙珠,,user_confirmed_sequence_mapping,Project owner confirmed on 2026-09-20 that Excel 序号 and the image filename number are one-to-one for the current POPF dataset.,missing,readable,JPEG,123,150,14292,9a5c3f96e474963b87ef4db28b68386d1944e2aaa392d04ff756ee867db1be87,1,no,jpg,412,502,not_evaluated,no,missing_raw_face_type,,42,Sequence mapping is accepted for the current project dataset based on project-owner confirmation. Label analysis uses the current XLS raw 谱式 values.
modern_v1,189,data/raw/脸谱/整理工作/爬虫脸谱图集.zip::爬虫脸谱图集/opera-16-189-s.jpg,opera-16-189-s.jpg,爬虫脸谱图集/opera-16-189-s.jpg,189,189,李七,李七长亭,歪脸,user_confirmed_sequence_mapping,Project owner confirmed on 2026-09-20 that Excel 序号 and the image filename number are one-to-one for the current POPF dataset.,present,readable,JPEG,123,150,14459,ea498d911de6fd413b90b7a633485f9201e4ea66b8fc9d200c4aa19bc1070005,1,no,jpg,412,502,not_evaluated,no,class_below_min_samples_per_class_10,,42,Sequence mapping is accepted for the current project dataset based on project-owner confirmation. Label analysis uses the current XLS raw 谱式 values.
modern_v1,190,data/raw/脸谱/整理工作/爬虫脸谱图集.zip::爬虫脸谱图集/opera-16-190-s.jpg,opera-16-190-s.jpg,爬虫脸谱图集/opera-16-190-s.jpg,190,190,贾桂,法门寺,窝头脸,user_confirmed_sequence_mapping,Project owner confirmed on 2026-09-20 that Excel 序号 and the image filename number are one-to-one for the current POPF dataset.,present,readable,JPEG,123,150,12103,5396b812844ecb98eabfc3ccadba6f9c9ef44aacb49e16242ea8a058cbf1110f,1,no,jpg,412,502,not_evaluated,no,class_below_min_samples_per_class_10,,42,Sequence mapping is accepted for the current project dataset based on project-owner confirmation. Label analysis uses the current XLS raw 谱式 values.
modern_v1,191,data/raw/脸谱/整理工作/爬虫脸谱图集.zip::爬虫脸谱图集/opera-16-191-s.jpg,opera-16-191-s.jpg,爬虫脸谱图集/opera-16-191-s.jpg,191,191,刘彪,法门寺,元宝类,user_confirmed_sequence_mapping,Project owner confirmed on 2026-09-20 that Excel 序号 and the image filename number are one-to-one for the current POPF dataset.,present,readable,JPEG,123,150,13725,426abcbc14cec1b0455eec088313b06e9ad9991700615f57f4ff9881c30be8d8,1,no,jpg,412,502,not_evaluated,no,class_below_min_samples_per_class_10,,42,Sequence mapping is accepted for the current project dataset based on project-owner confirmation. Label analysis uses the current XLS raw 谱式 values.
modern_v1,192,data/raw/脸谱/整理工作/爬虫脸谱图集.zip::爬虫脸谱图集/opera-16-192-s.jpg,opera-16-192-s.jpg,爬虫脸谱图集/opera-16-192-s.jpg,192,192,刘瑾,法门寺,太监脸,user_confirmed_sequence_mapping,Project owner confirmed on 2026-09-20 that Excel 序号 and the image filename number are one-to-one for the current POPF dataset.,present,readable,JPEG,123,150,14609,bb30cc02d3e5b38377fa4fbcba49c343c498c8d0b792542fd9bdc7a5282ab537,1,no,jpg,412,502,not_evaluated,no,class_below_min_samples_per_class_10,,42,Sequence mapping is accepted for the current project dataset based on project-owner confirmation. Label analysis uses the current XLS raw 谱式 values.
modern_v1,193,data/raw/脸谱/整理工作/爬虫脸谱图集.zip::爬虫脸谱图集/opera-17-193-s.jpg,opera-17-193-s.jpg,爬虫脸谱图集/opera-17-193-s.jpg,193,193,刘禄敬,小上坟,,user_confirmed_sequence_mapping,Project owner confirmed on 2026-09-20 that Excel 序号 and the image filename number are one-to-one for the current POPF dataset.,missing,readable,JPEG,123,150,12853,3d8e7c3d50774f99bda8ed6dd078f8aa95f6ddfe5d2cfa7f95287279e146bc82,1,no,jpg,412,502,not_evaluated,no,missing_raw_face_type,,42,Sequence mapping is accepted for the current project dataset based on project-owner confirmation. Label analysis uses the current XLS raw 谱式 values.
modern_v1,194,data/raw/脸谱/整理工作/爬虫脸谱图集.zip::爬虫脸谱图集/opera-17-194-s.jpg,opera-17-194-s.jpg,爬虫脸谱图集/opera-17-194-s.jpg,194,194,沈燕林,玉堂春,,user_confirmed_sequence_mapping,Project owner confirmed on 2026-09-20 that Excel 序号 and the image filename number are one-to-one for the current POPF dataset.,missing,readable,JPEG,123,150,13170,c211ddd666f27f06d5276c6bc7a5a5f06e8f5a6fa410fe91ff339a43403a8d17,1,no,jpg,412,502,not_evaluated,no,missing_raw_face_type,,42,Sequence mapping is accepted for the current project dataset based on project-owner confirmation. Label analysis uses the current XLS raw 谱式 values.
modern_v1,195,data/raw/脸谱/整理工作/爬虫脸谱图集.zip::爬虫脸谱图集/opera-17-195-s.jpg,opera-17-195-s.jpg,爬虫脸谱图集/opera-17-195-s.jpg,195,195,本无,思凡下山,,user_confirmed_sequence_mapping,Project owner confirmed on 2026-09-20 that Excel 序号 and the image filename number are one-to-one for the current POPF dataset.,missing,readable,JPEG,123,150,12592,ef78bc1ca3d47a5089cc258720d13b18f55abe93044915b4cd941e8b7c105015,1,no,jpg,412,502,not_evaluated,no,missing_raw_face_type,,42,Sequence mapping is accepted for the current project dataset based on project-owner confirmation. Label analysis uses the current XLS raw 谱式 values.
modern_v1,196,data/raw/脸谱/整理工作/爬虫脸谱图集.zip::爬虫脸谱图集/opera-17-196-s.jpg,opera-17-196-s.jpg,爬虫脸谱图集/opera-17-196-s.jpg,196,196,德禄,御碑亭,,user_confirmed_sequence_mapping,Project owner confirmed on 2026-09-20 that Excel 序号 and the image filename number are one-to-one for the current POPF dataset.,missing,readable,JPEG,123,150,12608,e371e1462a1c2da80467769fb37b92d10a602a33019d53d908fa085d807fe756,1,no,jpg,412,502,not_evaluated,no,missing_raw_face_type,,42,Sequence mapping is accepted for the current project dataset based on project-owner confirmation. Label analysis uses the current XLS raw 谱式 values.
modern_v1,197,data/raw/脸谱/整理工作/爬虫脸谱图集.zip::爬虫脸谱图集/opera-17-197-s.jpg,opera-17-197-s.jpg,爬虫脸谱图集/opera-17-197-s.jpg,197,197,刘宗敏,闯王旗,三块瓦脸,user_confirmed_sequence_mapping,Project owner confirmed on 2026-09-20 that Excel 序号 and the image filename number are one-to-one for the current POPF dataset.,present,readable,JPEG,123,150,14325,b391872326d1b4d016348f81b3e1f6cdc870b08d050c0e1d44c770bb086bb020,1,no,jpg,412,502,not_evaluated,yes,,test,42,Sequence mapping is accepted for the current project dataset based on project-owner confirmation. Label analysis uses the current XLS raw 谱式 values.
modern_v1,198,data/raw/脸谱/整理工作/爬虫脸谱图集.zip::爬虫脸谱图集/opera-17-198-s.jpg,opera-17-198-s.jpg,爬虫脸谱图集/opera-17-198-s.jpg,198,198,崇公道,女起解,,user_confirmed_sequence_mapping,Project owner confirmed on 2026-09-20 that Excel 序号 and the image filename number are one-to-one for the current POPF dataset.,missing,readable,JPEG,123,150,12597,0a4410bbfa5d20497490982f1dbd0e4a224542449eee26dbd29bed0fc7ca93bb,1,no,jpg,412,502,not_evaluated,no,missing_raw_face_type,,42,Sequence mapping is accepted for the current project dataset based on project-owner confirmation. Label analysis uses the current XLS raw 谱式 values.
modern_v1,199,data/raw/脸谱/整理工作/爬虫脸谱图集.zip::爬虫脸谱图集/opera-17-199-s.jpg,opera-17-199-s.jpg,爬虫脸谱图集/opera-17-199-s.jpg,199,199,郝摇旗,闯王旗,整脸,user_confirmed_sequence_mapping,Project owner confirmed on 2026-09-20 that Excel 序号 and the image filename number are one-to-one for the current POPF dataset.,present,readable,JPEG,123,150,13983,08e2356360362abd721cc5e5efa8068888ab19788800b165fb76ad1121b44d9c,1,no,jpg,412,502,not_evaluated,yes,,test,42,Sequence mapping is accepted for the current project dataset based on project-owner confirmation. Label analysis uses the current XLS raw 谱式 values.
modern_v1,200,data/raw/脸谱/整理工作/爬虫脸谱图集.zip::爬虫脸谱图集/opera-17-200-s.jpg,opera-17-200-s.jpg,爬虫脸谱图集/opera-17-200-s.jpg,200,200,夏副将,白水滩,三块瓦脸,user_confirmed_sequence_mapping,Project owner confirmed on 2026-09-20 that Excel 序号 and the image filename number are one-to-one for the current POPF dataset.,present,readable,JPEG,123,150,13158,77c0b0cde1c4521814f51840463dc4a65a162ac7f277a415cb29cf11377125f1,1,no,jpg,412,502,not_evaluated,yes,,train,42,Sequence mapping is accepted for the current project dataset based on project-owner confirmation. Label analysis uses the current XLS raw 谱式 values.
modern_v1,201,data/raw/脸谱/整理工作/爬虫脸谱图集.zip::爬虫脸谱图集/opera-17-201-s.jpg,opera-17-201-s.jpg,爬虫脸谱图集/opera-17-201-s.jpg,201,201,贺天龙,连环套,三块瓦脸,user_confirmed_sequence_mapping,Project owner confirmed on 2026-09-20 that Excel 序号 and the image filename number are one-to-one for the current POPF dataset.,present,readable,JPEG,123,150,14018,9b05928b5472629ac2db14a89be4b778504207f5add95fe3364b5622ed39632d,1,no,jpg,412,502,not_evaluated,yes,,test,42,Sequence mapping is accepted for the current project dataset based on project-owner confirmation. Label analysis uses the current XLS raw 谱式 values.
modern_v1,202,data/raw/脸谱/整理工作/爬虫脸谱图集.zip::爬虫脸谱图集/opera-17-202-s.jpg,opera-17-202-s.jpg,爬虫脸谱图集/opera-17-202-s.jpg,202,202,贺天彪,连环套,碎脸,user_confirmed_sequence_mapping,Project owner confirmed on 2026-09-20 that Excel 序号 and the image filename number are one-to-one for the current POPF dataset.,present,readable,JPEG,123,150,14077,cded01ba6622177f5c82930533d59717d4081916ab52bf93321ccf0da9810415,1,no,jpg,412,502,not_evaluated,yes,,train,42,Sequence mapping is accepted for the current project dataset based on project-owner confirmation. Label analysis uses the current XLS raw 谱式 values.
modern_v1,203,data/raw/脸谱/整理工作/爬虫脸谱图集.zip::爬虫脸谱图集/opera-17-203-s.jpg,opera-17-203-s.jpg,爬虫脸谱图集/opera-17-203-s.jpg,203,203,窦尔敦,连环套,花三块瓦脸,user_confirmed_sequence_mapping,Project owner confirmed on 2026-09-20 that Excel 序号 and the image filename number are one-to-one for the current POPF dataset.,present,readable,JPEG,123,150,14967,2073ea2435b63e541d522a1397177600f9c0389fa28e4a6c622ae7fa47f5f39b,1,no,jpg,412,502,not_evaluated,yes,,train,42,Sequence mapping is accepted for the current project dataset based on project-owner confirmation. Label analysis uses the current XLS raw 谱式 values.
modern_v1,204,data/raw/脸谱/整理工作/爬虫脸谱图集.zip::爬虫脸谱图集/opera-17-204-s.jpg,opera-17-204-s.jpg,爬虫脸谱图集/opera-17-204-s.jpg,204,204,郝文僧,东昌府,僧道脸,user_confirmed_sequence_mapping,Project owner confirmed on 2026-09-20 that Excel 序号 and the image filename number are one-to-one for the current POPF dataset.,present,readable,JPEG,123,150,13197,7b971310725e114a145a97dc500d996c31c35142d4fd36dc2c0b6f8b4141a690,1,no,jpg,412,502,not_evaluated,no,class_below_min_samples_per_class_10,,42,Sequence mapping is accepted for the current project dataset based on project-owner confirmation. Label analysis uses the current XLS raw 谱式 values.
modern_v1,205,data/raw/脸谱/整理工作/爬虫脸谱图集.zip::爬虫脸谱图集/opera-18-205-s.jpg,opera-18-205-s.jpg,爬虫脸谱图集/opera-18-205-s.jpg,205,205,谢虎,鄚州庙,花三块瓦脸,user_confirmed_sequence_mapping,Project owner confirmed on 2026-09-20 that Excel 序号 and the image filename number are one-to-one for the current POPF dataset.,present,readable,JPEG,123,150,14142,51bb112144f5172441cbe8fba6a1f749fc0f063f3f9efae58648583c82f4e25b,1,no,jpg,412,502,not_evaluated,yes,,train,42,Sequence mapping is accepted for the current project dataset based on project-owner confirmation. Label analysis uses the current XLS raw 谱式 values.
modern_v1,206,data/raw/脸谱/整理工作/爬虫脸谱图集.zip::爬虫脸谱图集/opera-18-206-s.jpg,opera-18-206-s.jpg,爬虫脸谱图集/opera-18-206-s.jpg,206,206,金大力,叭蜡庙,整脸,user_confirmed_sequence_mapping,Project owner confirmed on 2026-09-20 that Excel 序号 and the image filename number are one-to-one for the current POPF dataset.,present,readable,JPEG,123,150,12591,4f07c36aa1e548776524f2b7f7a1ff538ef7cbb695a743c7d7892bbccc7ffe2f,1,no,jpg,412,502,not_evaluated,yes,,train,42,Sequence mapping is accepted for the current project dataset based on project-owner confirmation. Label analysis uses the current XLS raw 谱式 values.
modern_v1,207,data/raw/脸谱/整理工作/爬虫脸谱图集.zip::爬虫脸谱图集/opera-18-207-s.jpg,opera-18-207-s.jpg,爬虫脸谱图集/opera-18-207-s.jpg,207,207,朱光祖,连环套,枣核脸,user_confirmed_sequence_mapping,Project owner confirmed on 2026-09-20 that Excel 序号 and the image filename number are one-to-one for the current POPF dataset.,present,readable,JPEG,123,150,12768,abbbea66356bf542aede539326257a74c247cf6e3d6594a5c1c361876c1e50df,1,no,jpg,412,502,not_evaluated,no,class_below_min_samples_per_class_10,,42,Sequence mapping is accepted for the current project dataset based on project-owner confirmation. Label analysis uses the current XLS raw 谱式 values.
modern_v1,208,data/raw/脸谱/整理工作/爬虫脸谱图集.zip::爬虫脸谱图集/opera-18-208-s.jpg,opera-18-208-s.jpg,爬虫脸谱图集/opera-18-208-s.jpg,208,208,濮大勇,九龙杯,碎脸,user_confirmed_sequence_mapping,Project owner confirmed on 2026-09-20 that Excel 序号 and the image filename number are one-to-one for the current POPF dataset.,present,readable,JPEG,123,150,14205,a520836a2dc817932f6054d0ff044d4504f5f90db390bdea0f3e0702e89a848c,1,no,jpg,412,502,not_evaluated,yes,,train,42,Sequence mapping is accepted for the current project dataset based on project-owner confirmation. Label analysis uses the current XLS raw 谱式 values.
modern_v1,209,data/raw/脸谱/整理工作/爬虫脸谱图集.zip::爬虫脸谱图集/opera-18-209-s.jpg,opera-18-209-s.jpg,爬虫脸谱图集/opera-18-209-s.jpg,209,209,黄三泰,九龙杯,三块瓦脸,user_confirmed_sequence_mapping,Project owner confirmed on 2026-09-20 that Excel 序号 and the image filename number are one-to-one for the current POPF dataset.,present,readable,JPEG,123,150,13039,23b18a9485b29f4cd5b4082a4a1eaec89a19e952412900e7927b0426a87fb9c4,1,no,jpg,412,502,not_evaluated,yes,,train,42,Sequence mapping is accepted for the current project dataset based on project-owner confirmation. Label analysis uses the current XLS raw 谱式 values.
modern_v1,210,data/raw/脸谱/整理工作/爬虫脸谱图集.zip::爬虫脸谱图集/opera-18-210-s.jpg,opera-18-210-s.jpg,爬虫脸谱图集/opera-18-210-s.jpg,210,210,何路通,落马湖,碎脸,user_confirmed_sequence_mapping,Project owner confirmed on 2026-09-20 that Excel 序号 and the image filename number are one-to-one for the current POPF dataset.,present,readable,JPEG,123,150,14642,3f9452e3807d58143749b808d449f538503a62b7a1b14a439dd32d2ff1f95b36,1,no,jpg,412,502,not_evaluated,yes,,validation,42,Sequence mapping is accepted for the current project dataset based on project-owner confirmation. Label analysis uses the current XLS raw 谱式 values.
modern_v1,211,data/raw/脸谱/整理工作/爬虫脸谱图集.zip::爬虫脸谱图集/opera-18-211-s.jpg,opera-18-211-s.jpg,爬虫脸谱图集/opera-18-211-s.jpg,211,211,黄隆基,霸王庄,花三块瓦脸,user_confirmed_sequence_mapping,Project owner confirmed on 2026-09-20 that Excel 序号 and the image filename number are one-to-one for the current POPF dataset.,present,readable,JPEG,123,150,14583,3f3528716ce6cdada0d909c1e068693994a1192258540280d862dee138bc09ba,1,no,jpg,412,502,not_evaluated,yes,,validation,42,Sequence mapping is accepted for the current project dataset based on project-owner confirmation. Label analysis uses the current XLS raw 谱式 values.
modern_v1,212,data/raw/脸谱/整理工作/爬虫脸谱图集.zip::爬虫脸谱图集/opera-18-212-s.jpg,opera-18-212-s.jpg,爬虫脸谱图集/opera-18-212-s.jpg,212,212,巴永泰,连环套,三块瓦脸,user_confirmed_sequence_mapping,Project owner confirmed on 2026-09-20 that Excel 序号 and the image filename number are one-to-one for the current POPF dataset.,present,readable,JPEG,123,150,13862,3952e48e27b816550c1d208904709cbd53db8698b83ddadac82170fb7f10214c,1,no,jpg,412,502,not_evaluated,yes,,train,42,Sequence mapping is accepted for the current project dataset based on project-owner confirmation. Label analysis uses the current XLS raw 谱式 values.
modern_v1,213,data/raw/脸谱/整理工作/爬虫脸谱图集.zip::爬虫脸谱图集/opera-18-213-s.jpg,opera-18-213-s.jpg,爬虫脸谱图集/opera-18-213-s.jpg,213,213,焦振远,剑峰山,三块瓦脸,user_confirmed_sequence_mapping,Project owner confirmed on 2026-09-20 that Excel 序号 and the image filename number are one-to-one for the current POPF dataset.,present,readable,JPEG,123,150,14283,287043e5e6765f36657213e1a94cd06b7891a504c3f427893e2812471f45cc15,1,no,jpg,412,502,not_evaluated,yes,,train,42,Sequence mapping is accepted for the current project dataset based on project-owner confirmation. Label analysis uses the current XLS raw 谱式 values.
modern_v1,214,data/raw/脸谱/整理工作/爬虫脸谱图集.zip::爬虫脸谱图集/opera-18-214-s.jpg,opera-18-214-s.jpg,爬虫脸谱图集/opera-18-214-s.jpg,214,214,花德雷,溪皇庄,三块瓦脸,user_confirmed_sequence_mapping,Project owner confirmed on 2026-09-20 that Excel 序号 and the image filename number are one-to-one for the current POPF dataset.,present,readable,JPEG,123,150,13263,ff673d3c0a4c846720a754a6c2adf79d913f5f3b251e0d7f2f04d52d40dca2ee,1,no,jpg,412,502,not_evaluated,yes,,train,42,Sequence mapping is accepted for the current project dataset based on project-owner confirmation. Label analysis uses the current XLS raw 谱式 values.
modern_v1,215,data/raw/脸谱/整理工作/爬虫脸谱图集.zip::爬虫脸谱图集/opera-18-215-s.jpg,opera-18-215-s.jpg,爬虫脸谱图集/opera-18-215-s.jpg,215,215,武天虬,恶虎村,花三块瓦脸,user_confirmed_sequence_mapping,Project owner confirmed on 2026-09-20 that Excel 序号 and the image filename number are one-to-one for the current POPF dataset.,present,readable,JPEG,123,150,14207,11bbe0a6d5755c3b8303287983e4bab41b0d748a132fec3c50b64a2114990171,1,no,jpg,412,502,not_evaluated,yes,,train,42,Sequence mapping is accepted for the current project dataset based on project-owner confirmation. Label analysis uses the current XLS raw 谱式 values.
modern_v1,216,data/raw/脸谱/整理工作/爬虫脸谱图集.zip::爬虫脸谱图集/opera-18-216-s.jpg,opera-18-216-s.jpg,爬虫脸谱图集/opera-18-216-s.jpg,216,216,李佩,落马湖,三块瓦脸,user_confirmed_sequence_mapping,Project owner confirmed on 2026-09-20 that Excel 序号 and the image filename number are one-to-one for the current POPF dataset.,present,readable,JPEG,123,150,13769,2627e1a5d1f00480ee851a8314c048a272372fe5fa4b8e748259a7ddcf998da3,1,no,jpg,412,502,not_evaluated,yes,,train,42,Sequence mapping is accepted for the current project dataset based on project-owner confirmation. Label analysis uses the current XLS raw 谱式 values.
modern_v1,217,data/raw/脸谱/整理工作/爬虫脸谱图集.zip::爬虫脸谱图集/opera-19-217-s.jpg,opera-19-217-s.jpg,爬虫脸谱图集/opera-19-217-s.jpg,217,217,蔡天化,淮安府,僧道脸,user_confirmed_sequence_mapping,Project owner confirmed on 2026-09-20 that Excel 序号 and the image filename number are one-to-one for the current POPF dataset.,present,readable,JPEG,123,150,13099,537dd49516b04c20c3ee7dc59b07e2a3a6dfd71855a516bda1a914e31df5b5db,1,no,jpg,412,502,not_evaluated,no,class_below_min_samples_per_class_10,,42,Sequence mapping is accepted for the current project dataset based on project-owner confirmation. Label analysis uses the current XLS raw 谱式 values.
modern_v1,218,data/raw/脸谱/整理工作/爬虫脸谱图集.zip::爬虫脸谱图集/opera-19-218-s.jpg,opera-19-218-s.jpg,爬虫脸谱图集/opera-19-218-s.jpg,218,218,邓九公,十三妹,三块瓦脸,user_confirmed_sequence_mapping,Project owner confirmed on 2026-09-20 that Excel 序号 and the image filename number are one-to-one for the current POPF dataset.,present,readable,JPEG,123,150,12604,7f4d55eb618ee0f2f65ac661f3953cecc4a1f7c71fb9eda3e579c37fd45bb333,1,no,jpg,412,502,not_evaluated,yes,,validation,42,Sequence mapping is accepted for the current project dataset based on project-owner confirmation. Label analysis uses the current XLS raw 谱式 values.
modern_v1,219,data/raw/脸谱/整理工作/爬虫脸谱图集.zip::爬虫脸谱图集/opera-19-219-s.jpg,opera-19-219-s.jpg,爬虫脸谱图集/opera-19-219-s.jpg,219,219,郎如豹,李海坞,三块瓦脸,user_confirmed_sequence_mapping,Project owner confirmed on 2026-09-20 that Excel 序号 and the image filename number are one-to-one for the current POPF dataset.,present,readable,JPEG,123,150,13679,9df8e9299e6eebbe765e1c1e03c4a63fa92e3a8c1a468dec3595132c17e244bb,1,no,jpg,412,502,not_evaluated,yes,,train,42,Sequence mapping is accepted for the current project dataset based on project-owner confirmation. Label analysis uses the current XLS raw 谱式 values.
modern_v1,220,data/raw/脸谱/整理工作/爬虫脸谱图集.zip::爬虫脸谱图集/opera-19-220-s.jpg,opera-19-220-s.jpg,爬虫脸谱图集/opera-19-220-s.jpg,220,220,窦虎,叭蜡庙,歪脸,user_confirmed_sequence_mapping,Project owner confirmed on 2026-09-20 that Excel 序号 and the image filename number are one-to-one for the current POPF dataset.,present,readable,JPEG,123,150,14894,18b90772b956a951dab0133db3e6e5dd7c67973a7cacc1c19daeabf88cedc9ac,1,no,jpg,412,502,not_evaluated,no,class_below_min_samples_per_class_10,,42,Sequence mapping is accepted for the current project dataset based on project-owner confirmation. Label analysis uses the current XLS raw 谱式 values.
modern_v1,221,data/raw/脸谱/整理工作/爬虫脸谱图集.zip::爬虫脸谱图集/opera-19-221-s.jpg,opera-19-221-s.jpg,爬虫脸谱图集/opera-19-221-s.jpg,221,221,曹宝,天官赐福,元宝脸,user_confirmed_sequence_mapping,Project owner confirmed on 2026-09-20 that Excel 序号 and the image filename number are one-to-one for the current POPF dataset.,present,readable,JPEG,123,150,13581,9152de7bd8266722682ede6d238e4a754b33703b1e24f62043c4b4a62118737e,1,no,jpg,412,502,not_evaluated,no,class_below_min_samples_per_class_10,,42,Sequence mapping is accepted for the current project dataset based on project-owner confirmation. Label analysis uses the current XLS raw 谱式 values.
modern_v1,222,data/raw/脸谱/整理工作/爬虫脸谱图集.zip::爬虫脸谱图集/opera-19-222-s.jpg,opera-19-222-s.jpg,爬虫脸谱图集/opera-19-222-s.jpg,222,222,亢金龙,琵琶洞,象形脸,user_confirmed_sequence_mapping,Project owner confirmed on 2026-09-20 that Excel 序号 and the image filename number are one-to-one for the current POPF dataset.,present,readable,JPEG,123,150,13770,0747d8074043a7cb0726773d57100edc19dd8e5ca07a9a1cce1ecb97649de51a,1,no,jpg,412,502,not_evaluated,yes,,train,42,Sequence mapping is accepted for the current project dataset based on project-owner confirmation. Label analysis uses the current XLS raw 谱式 values.
modern_v1,223,data/raw/脸谱/整理工作/爬虫脸谱图集.zip::爬虫脸谱图集/opera-19-223-s.jpg,opera-19-223-s.jpg,爬虫脸谱图集/opera-19-223-s.jpg,223,223,王灵官,泗州城,整脸,user_confirmed_sequence_mapping,Project owner confirmed on 2026-09-20 that Excel 序号 and the image filename number are one-to-one for the current POPF dataset.,present,readable,JPEG,123,150,13421,4192e1a8a9bde762e3784ed7c17c47b4809936aed75fa30175a7c13684d404ba,1,no,jpg,412,502,not_evaluated,yes,,train,42,Sequence mapping is accepted for the current project dataset based on project-owner confirmation. Label analysis uses the current XLS raw 谱式 values.
modern_v1,224,data/raw/脸谱/整理工作/爬虫脸谱图集.zip::爬虫脸谱图集/opera-19-224-s.jpg,opera-19-224-s.jpg,爬虫脸谱图集/opera-19-224-s.jpg,224,224,昴日鸡,琵琶洞,象形脸,user_confirmed_sequence_mapping,Project owner confirmed on 2026-09-20 that Excel 序号 and the image filename number are one-to-one for the current POPF dataset.,present,readable,JPEG,123,150,15472,c0a77dc636b2cd0e34694b47894a5e43d38bb15017bd3503bd3566d25a609068,1,no,jpg,412,502,not_evaluated,yes,,test,42,Sequence mapping is accepted for the current project dataset based on project-owner confirmation. Label analysis uses the current XLS raw 谱式 values.
modern_v1,225,data/raw/脸谱/整理工作/爬虫脸谱图集.zip::爬虫脸谱图集/opera-19-225-s.jpg,opera-19-225-s.jpg,爬虫脸谱图集/opera-19-225-s.jpg,225,225,玉帝,弼马温,三块瓦脸,user_confirmed_sequence_mapping,Project owner confirmed on 2026-09-20 that Excel 序号 and the image filename number are one-to-one for the current POPF dataset.,present,readable,JPEG,123,150,13966,d42b10cebf446de753e00bc52bb5fce28f6c5c0595d07c63021480c8e2e1a858,1,no,jpg,412,502,not_evaluated,yes,,validation,42,Sequence mapping is accepted for the current project dataset based on project-owner confirmation. Label analysis uses the current XLS raw 谱式 values.
modern_v1,226,data/raw/脸谱/整理工作/爬虫脸谱图集.zip::爬虫脸谱图集/opera-19-226-s.jpg,opera-19-226-s.jpg,爬虫脸谱图集/opera-19-226-s.jpg,226,226,李靖,安天会,三块瓦脸,user_confirmed_sequence_mapping,Project owner confirmed on 2026-09-20 that Excel 序号 and the image filename number are one-to-one for the current POPF dataset.,present,readable,JPEG,123,150,14063,554d806c2fc8f254eb405390a90a4bcea223fa419e430635440d971d9e7e6d0c,1,no,jpg,412,502,not_evaluated,yes,,train,42,Sequence mapping is accepted for the current project dataset based on project-owner confirmation. Label analysis uses the current XLS raw 谱式 values.
modern_v1,227,data/raw/脸谱/整理工作/爬虫脸谱图集.zip::爬虫脸谱图集/opera-19-227-s.jpg,opera-19-227-s.jpg,爬虫脸谱图集/opera-19-227-s.jpg,227,227,释迦摩尼,真假美猴王,神仙脸,user_confirmed_sequence_mapping,Project owner confirmed on 2026-09-20 that Excel 序号 and the image filename number are one-to-one for the current POPF dataset.,present,readable,JPEG,123,150,14019,952d1ca075771481bd4987309b6efe782977f1d6326837ccee7217b95f7e7600,1,no,jpg,412,502,not_evaluated,no,class_below_min_samples_per_class_10,,42,Sequence mapping is accepted for the current project dataset based on project-owner confirmation. Label analysis uses the current XLS raw 谱式 values.
modern_v1,228,data/raw/脸谱/整理工作/爬虫脸谱图集.zip::爬虫脸谱图集/opera-19-228-s.jpg,opera-19-228-s.jpg,爬虫脸谱图集/opera-19-228-s.jpg,228,228,孙悟空,安天会,象形脸,user_confirmed_sequence_mapping,Project owner confirmed on 2026-09-20 that Excel 序号 and the image filename number are one-to-one for the current POPF dataset.,present,readable,JPEG,123,150,14481,f04fdaa0b1b15755323906ee693b792456756ee39d4cd651ed238d309bc967af,1,no,jpg,412,502,not_evaluated,yes,,validation,42,Sequence mapping is accepted for the current project dataset based on project-owner confirmation. Label analysis uses the current XLS raw 谱式 values.
modern_v1,229,data/raw/脸谱/整理工作/爬虫脸谱图集.zip::爬虫脸谱图集/opera-20-229-s.jpg,opera-20-229-s.jpg,爬虫脸谱图集/opera-20-229-s.jpg,229,229,赵天君,安天会,六分脸,user_confirmed_sequence_mapping,Project owner confirmed on 2026-09-20 that Excel 序号 and the image filename number are one-to-one for the current POPF dataset.,present,readable,JPEG,123,150,13926,e06dd7179284e26b0f45aa80f331eaa4e1c59fff831a0a6f589c1f96952b80ab,1,no,jpg,412,502,not_evaluated,yes,,test,42,Sequence mapping is accepted for the current project dataset based on project-owner confirmation. Label analysis uses the current XLS raw 谱式 values.
modern_v1,230,data/raw/脸谱/整理工作/爬虫脸谱图集.zip::爬虫脸谱图集/opera-20-230-s.jpg,opera-20-230-s.jpg,爬虫脸谱图集/opera-20-230-s.jpg,230,230,温天君,安天会,花三块瓦脸,user_confirmed_sequence_mapping,Project owner confirmed on 2026-09-20 that Excel 序号 and the image filename number are one-to-one for the current POPF dataset.,present,readable,JPEG,123,150,14555,50303cf80a38e148623e86e8d87929bf1e86aac3b86f316f8f4e485f5e63a54e,1,no,jpg,412,502,not_evaluated,yes,,test,42,Sequence mapping is accepted for the current project dataset based on project-owner confirmation. Label analysis uses the current XLS raw 谱式 values.
modern_v1,231,data/raw/脸谱/整理工作/爬虫脸谱图集.zip::爬虫脸谱图集/opera-20-231-s.jpg,opera-20-231-s.jpg,爬虫脸谱图集/opera-20-231-s.jpg,231,231,马天君,安天会,三块瓦脸,user_confirmed_sequence_mapping,Project owner confirmed on 2026-09-20 that Excel 序号 and the image filename number are one-to-one for the current POPF dataset.,present,readable,JPEG,123,150,13306,f30f9629ae2047e6a2aeeb4abd469adae86fb7afa8d6bd576ea09c85b9c86019,1,no,jpg,412,502,not_evaluated,yes,,train,42,Sequence mapping is accepted for the current project dataset based on project-owner confirmation. Label analysis uses the current XLS raw 谱式 values.
modern_v1,232,data/raw/脸谱/整理工作/爬虫脸谱图集.zip::爬虫脸谱图集/opera-20-232-s.jpg,opera-20-232-s.jpg,爬虫脸谱图集/opera-20-232-s.jpg,232,232,刘天君,安天会,三块瓦脸,user_confirmed_sequence_mapping,Project owner confirmed on 2026-09-20 that Excel 序号 and the image filename number are one-to-one for the current POPF dataset.,present,readable,JPEG,123,150,14215,eeabed3b3e10330b23e02b97c6b27ed1baab2c04b29537d13fb001824ce684db,1,no,jpg,412,502,not_evaluated,yes,,train,42,Sequence mapping is accepted for the current project dataset based on project-owner confirmation. Label analysis uses the current XLS raw 谱式 values.
modern_v1,233,data/raw/脸谱/整理工作/爬虫脸谱图集.zip::爬虫脸谱图集/opera-20-233-s.jpg,opera-20-233-s.jpg,爬虫脸谱图集/opera-20-233-s.jpg,233,233,巨灵神,安天会,象形脸,user_confirmed_sequence_mapping,Project owner confirmed on 2026-09-20 that Excel 序号 and the image filename number are one-to-one for the current POPF dataset.,present,readable,JPEG,123,150,13945,454a8804bf5e68c7d1bc2fb3d019fb91a1f79207cf7d5d538e86e713a0319f8e,1,no,jpg,412,502,not_evaluated,yes,,train,42,Sequence mapping is accepted for the current project dataset based on project-owner confirmation. Label analysis uses the current XLS raw 谱式 values.
modern_v1,234,data/raw/脸谱/整理工作/爬虫脸谱图集.zip::爬虫脸谱图集/opera-20-234-s.jpg,opera-20-234-s.jpg,爬虫脸谱图集/opera-20-234-s.jpg,234,234,青龙,安天会,象形脸,user_confirmed_sequence_mapping,Project owner confirmed on 2026-09-20 that Excel 序号 and the image filename number are one-to-one for the current POPF dataset.,present,readable,JPEG,123,150,15935,9d33a11ddf8100bc2c5e9aeb5fd44cb577e585fd7de3789cc272bc876f71b115,1,no,jpg,412,502,not_evaluated,yes,,train,42,Sequence mapping is accepted for the current project dataset based on project-owner confirmation. Label analysis uses the current XLS raw 谱式 values.
modern_v1,235,data/raw/脸谱/整理工作/爬虫脸谱图集.zip::爬虫脸谱图集/opera-20-235-s.jpg,opera-20-235-s.jpg,爬虫脸谱图集/opera-20-235-s.jpg,235,235,杨戬,安天会,花三块瓦脸,user_confirmed_sequence_mapping,Project owner confirmed on 2026-09-20 that Excel 序号 and the image filename number are one-to-one for the current POPF dataset.,present,readable,JPEG,123,150,14568,c7f40627e6c243ecefbd29224f0ac4376c84976b108e2c8320d550410fd557d2,1,no,jpg,412,502,not_evaluated,yes,,train,42,Sequence mapping is accepted for the current project dataset based on project-owner confirmation. Label analysis uses the current XLS raw 谱式 values.
modern_v1,236,data/raw/脸谱/整理工作/爬虫脸谱图集.zip::爬虫脸谱图集/opera-20-236-s.jpg,opera-20-236-s.jpg,爬虫脸谱图集/opera-20-236-s.jpg,236,236,白虎,安天会,象形脸,user_confirmed_sequence_mapping,Project owner confirmed on 2026-09-20 that Excel 序号 and the image filename number are one-to-one for the current POPF dataset.,present,readable,JPEG,123,150,14475,e6501d260575615a90f87fd84cfe182a8f46bf5a751abd6df8cf4abc38119282,1,no,jpg,412,502,not_evaluated,yes,,train,42,Sequence mapping is accepted for the current project dataset based on project-owner confirmation. Label analysis uses the current XLS raw 谱式 values.
modern_v1,237,data/raw/脸谱/整理工作/爬虫脸谱图集.zip::爬虫脸谱图集/opera-20-237-s.jpg,opera-20-237-s.jpg,爬虫脸谱图集/opera-20-237-s.jpg,237,237,罗猴,安天会,象形脸,user_confirmed_sequence_mapping,Project owner confirmed on 2026-09-20 that Excel 序号 and the image filename number are one-to-one for the current POPF dataset.,present,readable,JPEG,123,150,14631,f2d1767caed774819cf3d04bd0fbdd2487df213ef3ed73c384092ac33371f863,1,no,jpg,412,502,not_evaluated,yes,,train,42,Sequence mapping is accepted for the current project dataset based on project-owner confirmation. Label analysis uses the current XLS raw 谱式 values.
modern_v1,238,data/raw/脸谱/整理工作/爬虫脸谱图集.zip::爬虫脸谱图集/opera-20-238-s.jpg,opera-20-238-s.jpg,爬虫脸谱图集/opera-20-238-s.jpg,238,238,墨猴,安天会,象形脸,user_confirmed_sequence_mapping,Project owner confirmed on 2026-09-20 that Excel 序号 and the image filename number are one-to-one for the current POPF dataset.,present,readable,JPEG,123,150,14048,3446661f343c8afa4d841554b63cf57fc4f55c652394bd6b144cc334e161cd31,1,no,jpg,412,502,not_evaluated,yes,,train,42,Sequence mapping is accepted for the current project dataset based on project-owner confirmation. Label analysis uses the current XLS raw 谱式 values.
modern_v1,239,data/raw/脸谱/整理工作/爬虫脸谱图集.zip::爬虫脸谱图集/opera-20-239-s.jpg,opera-20-239-s.jpg,爬虫脸谱图集/opera-20-239-s.jpg,239,239,通臂猿,石猴出世,象形脸,user_confirmed_sequence_mapping,Project owner confirmed on 2026-09-20 that Excel 序号 and the image filename number are one-to-one for the current POPF dataset.,present,readable,JPEG,123,150,14459,8821858b111e25848723e483614a449be5b8c3ba24625e5ea1249dc268b795ec,1,no,jpg,412,502,not_evaluated,yes,,train,42,Sequence mapping is accepted for the current project dataset based on project-owner confirmation. Label analysis uses the current XLS raw 谱式 values.
modern_v1,240,data/raw/脸谱/整理工作/爬虫脸谱图集.zip::爬虫脸谱图集/opera-20-240-s.jpg,opera-20-240-s.jpg,爬虫脸谱图集/opera-20-240-s.jpg,240,240,白猿,八仙斗白猿,象形脸,user_confirmed_sequence_mapping,Project owner confirmed on 2026-09-20 that Excel 序号 and the image filename number are one-to-one for the current POPF dataset.,present,readable,JPEG,123,150,14200,0a64f5ecbae56d9c5cd7e6902e603a17dcdaad013eccde59752d6247535155f5,1,no,jpg,412,502,not_evaluated,yes,,train,42,Sequence mapping is accepted for the current project dataset based on project-owner confirmation. Label analysis uses the current XLS raw 谱式 values.
modern_v1,241,data/raw/脸谱/整理工作/爬虫脸谱图集.zip::爬虫脸谱图集/opera-21-241-s.jpg,opera-21-241-s.jpg,爬虫脸谱图集/opera-21-241-s.jpg,241,241,天罡,安天会,神仙脸,user_confirmed_sequence_mapping,Project owner confirmed on 2026-09-20 that Excel 序号 and the image filename number are one-to-one for the current POPF dataset.,present,readable,JPEG,123,150,14538,c2453ba3b7ddce318e9481018a02598de34aa65881e13658f105bc70aeeba454,1,no,jpg,412,502,not_evaluated,no,class_below_min_samples_per_class_10,,42,Sequence mapping is accepted for the current project dataset based on project-owner confirmation. Label analysis uses the current XLS raw 谱式 values.
modern_v1,242,data/raw/脸谱/整理工作/爬虫脸谱图集.zip::爬虫脸谱图集/opera-21-242-s.jpg,opera-21-242-s.jpg,爬虫脸谱图集/opera-21-242-s.jpg,242,242,煞神,问樵闹府,碎脸,user_confirmed_sequence_mapping,Project owner confirmed on 2026-09-20 that Excel 序号 and the image filename number are one-to-one for the current POPF dataset.,present,readable,JPEG,123,150,15410,6535896720529dabf0d0353cd3d636c4a29a6723cb4c1b14e2c92afb7d1bc706,1,no,jpg,412,502,not_evaluated,yes,,train,42,Sequence mapping is accepted for the current project dataset based on project-owner confirmation. Label analysis uses the current XLS raw 谱式 values.
modern_v1,243,data/raw/脸谱/整理工作/爬虫脸谱图集.zip::爬虫脸谱图集/opera-21-243-s.jpg,opera-21-243-s.jpg,爬虫脸谱图集/opera-21-243-s.jpg,243,243,地煞,安天会,神仙脸,user_confirmed_sequence_mapping,Project owner confirmed on 2026-09-20 that Excel 序号 and the image filename number are one-to-one for the current POPF dataset.,present,readable,JPEG,123,150,14932,61002492175df0d544ab587918b5be4be4c2d05660989d49854247cc8c5bb54b,1,no,jpg,412,502,not_evaluated,no,class_below_min_samples_per_class_10,,42,Sequence mapping is accepted for the current project dataset based on project-owner confirmation. Label analysis uses the current XLS raw 谱式 values.
modern_v1,244,data/raw/脸谱/整理工作/爬虫脸谱图集.zip::爬虫脸谱图集/opera-21-244-s.jpg,opera-21-244-s.jpg,爬虫脸谱图集/opera-21-244-s.jpg,244,244,雷公,安天会,象形脸,user_confirmed_sequence_mapping,Project owner confirmed on 2026-09-20 that Excel 序号 and the image filename number are one-to-one for the current POPF dataset.,present,readable,JPEG,123,150,15945,ac135207da66bf5b5a697a4d4dbb4046de398990d6b0f44a42272f353e5b6889,1,no,jpg,412,502,not_evaluated,yes,,train,42,Sequence mapping is accepted for the current project dataset based on project-owner confirmation. Label analysis uses the current XLS raw 谱式 values.
modern_v1,245,data/raw/脸谱/整理工作/爬虫脸谱图集.zip::爬虫脸谱图集/opera-21-245-s.jpg,opera-21-245-s.jpg,爬虫脸谱图集/opera-21-245-s.jpg,245,245,牛魔王,芭蕉扇,象形脸,user_confirmed_sequence_mapping,Project owner confirmed on 2026-09-20 that Excel 序号 and the image filename number are one-to-one for the current POPF dataset.,present,readable,JPEG,123,150,14622,7160cb0133da128fd5ecc76c33de67fd5cad978f7f43d620aff375fe42eac43e,1,no,jpg,412,502,not_evaluated,yes,,train,42,Sequence mapping is accepted for the current project dataset based on project-owner confirmation. Label analysis uses the current XLS raw 谱式 values.
modern_v1,246,data/raw/脸谱/整理工作/爬虫脸谱图集.zip::爬虫脸谱图集/opera-21-246-s.jpg,opera-21-246-s.jpg,爬虫脸谱图集/opera-21-246-s.jpg,246,246,猪八戒,高老庄,象形脸,user_confirmed_sequence_mapping,Project owner confirmed on 2026-09-20 that Excel 序号 and the image filename number are one-to-one for the current POPF dataset.,present,readable,JPEG,123,150,14661,d35830897952114a65952ce786e9c4e8fcd4098293c08cb23da12ea6dd88b751,1,no,jpg,412,502,not_evaluated,yes,,train,42,Sequence mapping is accepted for the current project dataset based on project-owner confirmation. Label analysis uses the current XLS raw 谱式 values.
modern_v1,247,data/raw/脸谱/整理工作/爬虫脸谱图集.zip::爬虫脸谱图集/opera-21-247-s.jpg,opera-21-247-s.jpg,爬虫脸谱图集/opera-21-247-s.jpg,247,247,沙僧,流沙河,僧道脸,user_confirmed_sequence_mapping,Project owner confirmed on 2026-09-20 that Excel 序号 and the image filename number are one-to-one for the current POPF dataset.,present,readable,JPEG,123,150,14908,7ee8a8b69040eeaf63b3e4a788a57a9446c8a5fed47e625b1dbcd902970ce3c8,1,no,jpg,412,502,not_evaluated,no,class_below_min_samples_per_class_10,,42,Sequence mapping is accepted for the current project dataset based on project-owner confirmation. Label analysis uses the current XLS raw 谱式 values.
modern_v1,248,data/raw/脸谱/整理工作/爬虫脸谱图集.zip::爬虫脸谱图集/opera-21-248-s.jpg,opera-21-248-s.jpg,爬虫脸谱图集/opera-21-248-s.jpg,248,248,奎木狼,黄袍怪,象形脸,user_confirmed_sequence_mapping,Project owner confirmed on 2026-09-20 that Excel 序号 and the image filename number are one-to-one for the current POPF dataset.,present,readable,JPEG,123,150,14720,fe6ff4bf81e7dd379c751b65ad6acd22923ddf1bdf56b5900ee794692cb3ac83,1,no,jpg,412,502,not_evaluated,yes,,test,42,Sequence mapping is accepted for the current project dataset based on project-owner confirmation. Label analysis uses the current XLS raw 谱式 values.
modern_v1,249,data/raw/脸谱/整理工作/爬虫脸谱图集.zip::爬虫脸谱图集/opera-21-249-s.jpg,opera-21-249-s.jpg,爬虫脸谱图集/opera-21-249-s.jpg,249,249,青狮,狮驼岭,象形脸,user_confirmed_sequence_mapping,Project owner confirmed on 2026-09-20 that Excel 序号 and the image filename number are one-to-one for the current POPF dataset.,present,readable,JPEG,123,150,14237,0e26aa150a1b7b7e341bd7d82de26920df7db2b82ccd5a16673c8f3907e5b16d,1,no,jpg,412,502,not_evaluated,yes,,train,42,Sequence mapping is accepted for the current project dataset based on project-owner confirmation. Label analysis uses the current XLS raw 谱式 values.
modern_v1,250,data/raw/脸谱/整理工作/爬虫脸谱图集.zip::爬虫脸谱图集/opera-21-250-s.jpg,opera-21-250-s.jpg,爬虫脸谱图集/opera-21-250-s.jpg,250,250,猫神,无底洞,象形脸,user_confirmed_sequence_mapping,Project owner confirmed on 2026-09-20 that Excel 序号 and the image filename number are one-to-one for the current POPF dataset.,present,readable,JPEG,123,150,13110,62187af2087d8a3cd22bb8e4995774f46f45f03fba879d6009eec7af2cd93be0,1,no,jpg,412,502,not_evaluated,yes,,train,42,Sequence mapping is accepted for the current project dataset based on project-owner confirmation. Label analysis uses the current XLS raw 谱式 values.
modern_v1,251,data/raw/脸谱/整理工作/爬虫脸谱图集.zip::爬虫脸谱图集/opera-21-251-s.jpg,opera-21-251-s.jpg,爬虫脸谱图集/opera-21-251-s.jpg,251,251,白象,狮驼岭,象形脸,user_confirmed_sequence_mapping,Project owner confirmed on 2026-09-20 that Excel 序号 and the image filename number are one-to-one for the current POPF dataset.,present,readable,JPEG,123,150,13283,8abc7b05a80a8ab0757523a1d442af7ca2ff7cae5895f565720d766fb751bb24,1,no,jpg,412,502,not_evaluated,yes,,train,42,Sequence mapping is accepted for the current project dataset based on project-owner confirmation. Label analysis uses the current XLS raw 谱式 values.
modern_v1,252,data/raw/脸谱/整理工作/爬虫脸谱图集.zip::爬虫脸谱图集/opera-21-252-s.jpg,opera-21-252-s.jpg,爬虫脸谱图集/opera-21-252-s.jpg,252,252,金钱豹,红梅山,象形脸,user_confirmed_sequence_mapping,Project owner confirmed on 2026-09-20 that Excel 序号 and the image filename number are one-to-one for the current POPF dataset.,present,readable,JPEG,123,150,14822,f0148661302a49f507260a31dcef3856febd857d0da267a0c2f322566ad56922,1,no,jpg,412,502,not_evaluated,yes,,train,42,Sequence mapping is accepted for the current project dataset based on project-owner confirmation. Label analysis uses the current XLS raw 谱式 values.
modern_v1,253,data/raw/脸谱/整理工作/爬虫脸谱图集.zip::爬虫脸谱图集/opera-22-253-s.jpg,opera-22-253-s.jpg,爬虫脸谱图集/opera-22-253-s.jpg,253,253,孔宣,百草山,象形脸,user_confirmed_sequence_mapping,Project owner confirmed on 2026-09-20 that Excel 序号 and the image filename number are one-to-one for the current POPF dataset.,present,readable,JPEG,123,150,15460,20c4b5ade42341434d10572b95b3f60630bcc5bcb70f99f4cdec87f212792a21,1,no,jpg,412,502,not_evaluated,yes,,train,42,Sequence mapping is accepted for the current project dataset based on project-owner confirmation. Label analysis uses the current XLS raw 谱式 values.
modern_v1,254,data/raw/脸谱/整理工作/爬虫脸谱图集.zip::爬虫脸谱图集/opera-22-254-s.jpg,opera-22-254-s.jpg,爬虫脸谱图集/opera-22-254-s.jpg,254,254,白日鹤,百草山,象形脸,user_confirmed_sequence_mapping,Project owner confirmed on 2026-09-20 that Excel 序号 and the image filename number are one-to-one for the current POPF dataset.,present,readable,JPEG,123,150,14010,73c5fa48560d4d36557f9ea239cebd1764f9ef3a10ca343912fcd67d16a96f28,1,no,jpg,412,502,not_evaluated,yes,,test,42,Sequence mapping is accepted for the current project dataset based on project-owner confirmation. Label analysis uses the current XLS raw 谱式 values.
modern_v1,255,data/raw/脸谱/整理工作/爬虫脸谱图集.zip::爬虫脸谱图集/opera-22-255-s.jpg,opera-22-255-s.jpg,爬虫脸谱图集/opera-22-255-s.jpg,255,255,通雀鸟,百草山,象形脸,user_confirmed_sequence_mapping,Project owner confirmed on 2026-09-20 that Excel 序号 and the image filename number are one-to-one for the current POPF dataset.,present,readable,JPEG,123,150,14813,b03c14164032c88c0cf8dc97cbaac3c8885189c4f894c82073a9950f0acf7189,1,no,jpg,412,502,not_evaluated,yes,,train,42,Sequence mapping is accepted for the current project dataset based on project-owner confirmation. Label analysis uses the current XLS raw 谱式 values.
modern_v1,256,data/raw/脸谱/整理工作/爬虫脸谱图集.zip::爬虫脸谱图集/opera-22-256-s.jpg,opera-22-256-s.jpg,爬虫脸谱图集/opera-22-256-s.jpg,256,256,大鹏,狮驼岭,象形脸,user_confirmed_sequence_mapping,Project owner confirmed on 2026-09-20 that Excel 序号 and the image filename number are one-to-one for the current POPF dataset.,present,readable,JPEG,123,150,14660,370d7b27f1545a43665667ebbd0bdff10a87717b73c2d8a62f1f53261dec386f,1,no,jpg,412,502,not_evaluated,yes,,train,42,Sequence mapping is accepted for the current project dataset based on project-owner confirmation. Label analysis uses the current XLS raw 谱式 values.
modern_v1,257,data/raw/脸谱/整理工作/爬虫脸谱图集.zip::爬虫脸谱图集/opera-22-257-s.jpg,opera-22-257-s.jpg,爬虫脸谱图集/opera-22-257-s.jpg,257,257,敖广,水帘洞,三块瓦脸,user_confirmed_sequence_mapping,Project owner confirmed on 2026-09-20 that Excel 序号 and the image filename number are one-to-one for the current POPF dataset.,present,readable,JPEG,123,150,13259,8e3e338223488a7ef41529752cb6da63a3dbce70b25fc49ccd114ebd1bf9af02,1,no,jpg,412,502,not_evaluated,yes,,validation,42,Sequence mapping is accepted for the current project dataset based on project-owner confirmation. Label analysis uses the current XLS raw 谱式 values.
modern_v1,258,data/raw/脸谱/整理工作/爬虫脸谱图集.zip::爬虫脸谱图集/opera-22-258-s.jpg,opera-22-258-s.jpg,爬虫脸谱图集/opera-22-258-s.jpg,258,258,虾将,水帘洞,小妖脸,user_confirmed_sequence_mapping,Project owner confirmed on 2026-09-20 that Excel 序号 and the image filename number are one-to-one for the current POPF dataset.,present,readable,JPEG,123,150,15689,f408f06ed642f324061e997061b0a19b62829fdae37e7ea50e30b673363cdef6,1,no,jpg,412,502,not_evaluated,no,class_below_min_samples_per_class_10,,42,Sequence mapping is accepted for the current project dataset based on project-owner confirmation. Label analysis uses the current XLS raw 谱式 values.
modern_v1,259,data/raw/脸谱/整理工作/爬虫脸谱图集.zip::爬虫脸谱图集/opera-22-259-s.jpg,opera-22-259-s.jpg,爬虫脸谱图集/opera-22-259-s.jpg,259,259,敖闰,水帘洞,三块瓦脸,user_confirmed_sequence_mapping,Project owner confirmed on 2026-09-20 that Excel 序号 and the image filename number are one-to-one for the current POPF dataset.,present,readable,JPEG,123,150,13855,5abd2021765481772a444a5b2ca888a3b525f4f54f769118c939ee90897cfd63,1,no,jpg,412,502,not_evaluated,yes,,train,42,Sequence mapping is accepted for the current project dataset based on project-owner confirmation. Label analysis uses the current XLS raw 谱式 values.
modern_v1,260,data/raw/脸谱/整理工作/爬虫脸谱图集.zip::爬虫脸谱图集/opera-22-260-s.jpg,opera-22-260-s.jpg,爬虫脸谱图集/opera-22-260-s.jpg,260,260,龟帅,水帘洞,,user_confirmed_sequence_mapping,Project owner confirmed on 2026-09-20 that Excel 序号 and the image filename number are one-to-one for the current POPF dataset.,missing,readable,JPEG,123,150,12871,fafe109c45045a4589686a98260bc3b77a76d3454b3e4deb52343152eee4b6cc,1,no,jpg,412,502,not_evaluated,no,missing_raw_face_type,,42,Sequence mapping is accepted for the current project dataset based on project-owner confirmation. Label analysis uses the current XLS raw 谱式 values.
modern_v1,261,data/raw/脸谱/整理工作/爬虫脸谱图集.zip::爬虫脸谱图集/opera-22-261-s.jpg,opera-22-261-s.jpg,爬虫脸谱图集/opera-22-261-s.jpg,261,261,北斗星君,百寿图,三块瓦脸,user_confirmed_sequence_mapping,Project owner confirmed on 2026-09-20 that Excel 序号 and the image filename number are one-to-one for the current POPF dataset.,present,readable,JPEG,123,150,14154,da435555ed7dff68f1d57f6c0152c83fe30fe558407ecdb3dab26d55dd8ed9c6,1,no,jpg,412,502,not_evaluated,yes,,train,42,Sequence mapping is accepted for the current project dataset based on project-owner confirmation. Label analysis uses the current XLS raw 谱式 values.
modern_v1,262,data/raw/脸谱/整理工作/爬虫脸谱图集.zip::爬虫脸谱图集/opera-22-262-s.jpg,opera-22-262-s.jpg,爬虫脸谱图集/opera-22-262-s.jpg,262,262,汉钟离,八仙过海,神仙脸,user_confirmed_sequence_mapping,Project owner confirmed on 2026-09-20 that Excel 序号 and the image filename number are one-to-one for the current POPF dataset.,present,readable,JPEG,123,150,14378,10fef65e1ba48927004f7f089b366b54898ccd334e3f689ee1c0633e07f4483f,1,no,jpg,412,502,not_evaluated,no,class_below_min_samples_per_class_10,,42,Sequence mapping is accepted for the current project dataset based on project-owner confirmation. Label analysis uses the current XLS raw 谱式 values.
modern_v1,263,data/raw/脸谱/整理工作/爬虫脸谱图集.zip::爬虫脸谱图集/opera-22-263-s.jpg,opera-22-263-s.jpg,爬虫脸谱图集/opera-22-263-s.jpg,263,263,柳金,八仙过海,碎脸,user_confirmed_sequence_mapping,Project owner confirmed on 2026-09-20 that Excel 序号 and the image filename number are one-to-one for the current POPF dataset.,present,readable,JPEG,123,150,14437,0727f56bbbf5f9e837e17fe62d9aea8e9fe0d4798da4562e7dd91730f867c025,1,no,jpg,412,502,not_evaluated,yes,,test,42,Sequence mapping is accepted for the current project dataset based on project-owner confirmation. Label analysis uses the current XLS raw 谱式 values.
modern_v1,264,data/raw/脸谱/整理工作/爬虫脸谱图集.zip::爬虫脸谱图集/opera-22-264-s.jpg,opera-22-264-s.jpg,爬虫脸谱图集/opera-22-264-s.jpg,264,264,玉兔,嫦娥奔月,象形脸,user_confirmed_sequence_mapping,Project owner confirmed on 2026-09-20 that Excel 序号 and the image filename number are one-to-one for the current POPF dataset.,present,readable,JPEG,123,150,12266,f6b0f9ab6f69a3afe63314417f600b852b63805892e4f7cd4aa5cfe15b405443,1,no,jpg,412,502,not_evaluated,yes,,validation,42,Sequence mapping is accepted for the current project dataset based on project-owner confirmation. Label analysis uses the current XLS raw 谱式 values.
modern_v1,265,data/raw/脸谱/整理工作/爬虫脸谱图集.zip::爬虫脸谱图集/opera-23-265-s.jpg,opera-23-265-s.jpg,爬虫脸谱图集/opera-23-265-s.jpg,265,265,赖团仙,五花洞,象形脸,user_confirmed_sequence_mapping,Project owner confirmed on 2026-09-20 that Excel 序号 and the image filename number are one-to-one for the current POPF dataset.,present,readable,JPEG,123,150,14363,57c468a8467661a8070ebb83ee0b1a0d754ad6f366df15e99bb594fbcc031b85,1,no,jpg,412,502,not_evaluated,yes,,train,42,Sequence mapping is accepted for the current project dataset based on project-owner confirmation. Label analysis uses the current XLS raw 谱式 values.
modern_v1,266,data/raw/脸谱/整理工作/爬虫脸谱图集.zip::爬虫脸谱图集/opera-23-266-s.jpg,opera-23-266-s.jpg,爬虫脸谱图集/opera-23-266-s.jpg,266,266,金头仙,五花洞,象形脸,user_confirmed_sequence_mapping,Project owner confirmed on 2026-09-20 that Excel 序号 and the image filename number are one-to-one for the current POPF dataset.,present,readable,JPEG,123,150,14881,ccbea63d870c08a073750fadc1e55b638ca1b0753f630696e53ee4dc77b894bf,1,no,jpg,412,502,not_evaluated,yes,,train,42,Sequence mapping is accepted for the current project dataset based on project-owner confirmation. Label analysis uses the current XLS raw 谱式 values.
modern_v1,267,data/raw/脸谱/整理工作/爬虫脸谱图集.zip::爬虫脸谱图集/opera-23-267-s.jpg,opera-23-267-s.jpg,爬虫脸谱图集/opera-23-267-s.jpg,267,267,哮天犬,安天会,象形脸,user_confirmed_sequence_mapping,Project owner confirmed on 2026-09-20 that Excel 序号 and the image filename number are one-to-one for the current POPF dataset.,present,readable,JPEG,123,150,13306,c9a39759cceb26a97f6f19a3fcb05c872308dee11444c2eb2871fb553dffcce9,1,no,jpg,423,515,not_evaluated,yes,,validation,42,Sequence mapping is accepted for the current project dataset based on project-owner confirmation. Label analysis uses the current XLS raw 谱式 values.
modern_v1,268,data/raw/脸谱/整理工作/爬虫脸谱图集.zip::爬虫脸谱图集/opera-23-268-s.jpg,opera-23-268-s.jpg,爬虫脸谱图集/opera-23-268-s.jpg,268,268,蝎仙,五花洞,象形脸,user_confirmed_sequence_mapping,Project owner confirmed on 2026-09-20 that Excel 序号 and the image filename number are one-to-one for the current POPF dataset.,present,readable,JPEG,123,150,14418,4049ef919bfb8491cf5bbf02db3ea3b70fe09455b4ba47fca047cab9f1b0655f,1,no,jpg,412,502,not_evaluated,yes,,validation,42,Sequence mapping is accepted for the current project dataset based on project-owner confirmation. Label analysis uses the current XLS raw 谱式 values.
modern_v1,269,data/raw/脸谱/整理工作/爬虫脸谱图集.zip::爬虫脸谱图集/opera-23-269-s.jpg,opera-23-269-s.jpg,爬虫脸谱图集/opera-23-269-s.jpg,269,269,韦陀,白蛇传·合钵,神仙脸,user_confirmed_sequence_mapping,Project owner confirmed on 2026-09-20 that Excel 序号 and the image filename number are one-to-one for the current POPF dataset.,present,readable,JPEG,123,150,14707,3ad9fe891662899507059ff567e9956ee2525df01a123c46b7acdbb0086f6ac7,1,no,jpg,412,502,not_evaluated,no,class_below_min_samples_per_class_10,,42,Sequence mapping is accepted for the current project dataset based on project-owner confirmation. Label analysis uses the current XLS raw 谱式 values.
modern_v1,270,data/raw/脸谱/整理工作/爬虫脸谱图集.zip::爬虫脸谱图集/opera-23-270-s.jpg,opera-23-270-s.jpg,爬虫脸谱图集/opera-23-270-s.jpg,270,270,鹿童,盗仙草,象形脸,user_confirmed_sequence_mapping,Project owner confirmed on 2026-09-20 that Excel 序号 and the image filename number are one-to-one for the current POPF dataset.,present,readable,JPEG,123,150,14416,a604bb916481771b353ddf31ab2fc09df179300a37c5f242d093a279db009626,1,no,jpg,412,502,not_evaluated,yes,,train,42,Sequence mapping is accepted for the current project dataset based on project-owner confirmation. Label analysis uses the current XLS raw 谱式 values.
modern_v1,271,data/raw/脸谱/整理工作/爬虫脸谱图集.zip::爬虫脸谱图集/opera-23-271-s.jpg,opera-23-271-s.jpg,爬虫脸谱图集/opera-23-271-s.jpg,271,271,太乙真人,乾元山,三块瓦脸,user_confirmed_sequence_mapping,Project owner confirmed on 2026-09-20 that Excel 序号 and the image filename number are one-to-one for the current POPF dataset.,present,readable,JPEG,123,150,14135,d94e587aa098889dca1a4ef0c5a7925d09b7a65614a1a0b260165d9b39f662dc,1,no,jpg,412,502,not_evaluated,yes,,train,42,Sequence mapping is accepted for the current project dataset based on project-owner confirmation. Label analysis uses the current XLS raw 谱式 values.
modern_v1,272,data/raw/脸谱/整理工作/爬虫脸谱图集.zip::爬虫脸谱图集/opera-23-272-s.jpg,opera-23-272-s.jpg,爬虫脸谱图集/opera-23-272-s.jpg,272,272,鹤童,盗仙草,象形脸,user_confirmed_sequence_mapping,Project owner confirmed on 2026-09-20 that Excel 序号 and the image filename number are one-to-one for the current POPF dataset.,present,readable,JPEG,123,150,13371,16874c0a8f464ad630ba3e1202b2a661a49d24d106d43bf2d14411d2ea6caf8c,1,no,jpg,412,502,not_evaluated,yes,,test,42,Sequence mapping is accepted for the current project dataset based on project-owner confirmation. Label analysis uses the current XLS raw 谱式 values.
