dataset_version,image_id,image_path,image_filename,archive_member_name,sequence,candidate_metadata_id,role,opera,raw_face_type,mapping_status,mapping_evidence,label_status,image_read_status,image_file_format,image_width,image_height,image_file_size_bytes,image_sha256,sha256_group_size,duplicate_sha256_within_272,metadata_image_format,metadata_image_width,metadata_image_height,paper_mentioned_model_category,modern_v1_included,modern_v1_exclusion_reason,split,split_seed,notes,metadata_raw__metadata_id,metadata_raw__source_row_number,metadata_raw__序号,metadata_raw__标识号,metadata_raw__角色,metadata_raw__角色别名,metadata_raw__角色类型,metadata_raw__一级行当,metadata_raw__二级行当,metadata_raw__来源剧目,metadata_raw__来源剧目别名,metadata_raw__来源剧目出处,metadata_raw__表演者,metadata_raw__语种,metadata_raw__关联角色,metadata_raw__谱式,metadata_raw__绘法,metadata_raw__图案,metadata_raw__主色,metadata_raw__主色寓意,metadata_raw__眉形,metadata_raw__眼型,metadata_raw__额头型,metadata_raw__鼻型,metadata_raw__嘴型,metadata_raw__绘法说明,metadata_raw__性格特征,metadata_raw__历史演变,metadata_raw__图像格式,metadata_raw__图像宽度,metadata_raw__图像高度,metadata_raw__图像大小,metadata_raw__图像水平分辨率,metadata_raw__图像垂直分辨率,metadata_raw__图像位深度,metadata_raw__图像创建日期,metadata_raw__角色简介,metadata_raw__来源剧目简介,metadata_raw__表演者简介,metadata_raw__流派,metadata_raw__参考资料
modern_v1,001,data/raw/脸谱/整理工作/爬虫脸谱图集.zip::爬虫脸谱图集/opera-01-001-s.jpg,opera-01-001-s.jpg,爬虫脸谱图集/opera-01-001-s.jpg,1,001,郑伦,青龙关,三块瓦脸,user_confirmed_sequence_mapping,Project owner confirmed on 2026-09-20 that Excel 序号 and the image filename number are one-to-one for the current POPF dataset.,present,readable,JPEG,123,150,15760,0aba39c201b6a13aea2e0f6b68de43766d837cf159ec05ccc4beabada9f28688,1,no,jpg,287,350,not_evaluated,yes,,train,42,Sequence mapping is accepted for the current project dataset based on project-owner confirmation. Label analysis uses the current XLS raw 谱式 values.,001,2,1,,郑伦,,神怪类,净,武净,青龙关,,封神演义,通用,中文,陈奇,三块瓦脸,勾脸,,绿色,,,,蝙蝠形,哭鼻窝,虎嘴,,,,jpg,287,350,34,96,96,24,2020.1.5,,,,,
modern_v1,002,data/raw/脸谱/整理工作/爬虫脸谱图集.zip::爬虫脸谱图集/opera-01-002-s.jpg,opera-01-002-s.jpg,爬虫脸谱图集/opera-01-002-s.jpg,2,002,后羿,嫦娥奔月,三块瓦脸,user_confirmed_sequence_mapping,Project owner confirmed on 2026-09-20 that Excel 序号 and the image filename number are one-to-one for the current POPF dataset.,present,readable,JPEG,123,149,15965,ffd50db0e3b16f62676a68dc92cf83d5972ba8a6d33d1c46d793c5f23ca522a5,1,no,jpg,328,400,not_evaluated,yes,,train,42,Sequence mapping is accepted for the current project dataset based on project-owner confirmation. Label analysis uses the current XLS raw 谱式 values.,002,3,2,,后羿,,神怪类,净,武净,嫦娥奔月,,淮南子,李寿山,中文,玉兔,三块瓦脸,勾脸,,红色,,刀眉,直眼窝,点形,卷鼻窝,,,,,jpg,328,400,39,96,96,24,2020.1.5,,,李寿山（1866年04月21日-1932年10月07日），京剧净角。名镜林，字仲华，小名七儿。因其身材高大，人称大李七。出身于三庆班，与武净钱金福为师兄弟。初工花旦、昆旦，又改老生，后归武净兼架子花，文武皆能昆乱不挡。1900年，与朱文英同被选入升平署，进宫承差艺名李七儿。1906年应富连成之聘，入社执教。早年曾搭长春班，晚年在梅兰芳京剧团。,,
modern_v1,003,data/raw/脸谱/整理工作/爬虫脸谱图集.zip::爬虫脸谱图集/opera-01-003-s.jpg,opera-01-003-s.jpg,爬虫脸谱图集/opera-01-003-s.jpg,3,003,陈奇,青龙关,碎脸,user_confirmed_sequence_mapping,Project owner confirmed on 2026-09-20 that Excel 序号 and the image filename number are one-to-one for the current POPF dataset.,present,readable,JPEG,123,150,16354,2f9ec11b4b27ae0dee684efcdc9564902db3f2c8084d131ef5128e030a881526,1,no,jpg,328,400,not_evaluated,yes,,train,42,Sequence mapping is accepted for the current project dataset based on project-owner confirmation. Label analysis uses the current XLS raw 谱式 values.,003,4,3,,陈奇,,神怪类,净,副净,青龙关,,封神演义,通用,中文,郑伦,碎脸,勾脸,,红色,,,,如意钩形,碎鼻窝,火盆嘴,,,,jpg,328,400,40.6,96,96,24,2020.1.5,,,,,
modern_v1,004,data/raw/脸谱/整理工作/爬虫脸谱图集.zip::爬虫脸谱图集/opera-01-004-s.jpg,opera-01-004-s.jpg,爬虫脸谱图集/opera-01-004-s.jpg,4,004,土行孙,攻潼关,象形脸,user_confirmed_sequence_mapping,Project owner confirmed on 2026-09-20 that Excel 序号 and the image filename number are one-to-one for the current POPF dataset.,present,readable,JPEG,123,150,15605,04122e3ac9866f6b102521e8e70924b30c2ca04178dcf1109b5dc4968956d1a7,1,no,jpg,409,499,not_evaluated,yes,,train,42,Sequence mapping is accepted for the current project dataset based on project-owner confirmation. Label analysis uses the current XLS raw 谱式 values.,004,5,4,,土行孙,,神怪类,净,武净,攻潼关,氤氲阵,封神演义,通用,中文,姜尚,象形脸,勾脸,,黄色,,,,,碎鼻窝,虎嘴,,,,jpg,409,499,46,96,96,24,2020.1.5,,,,,
modern_v1,005,data/raw/脸谱/整理工作/爬虫脸谱图集.zip::爬虫脸谱图集/opera-01-005-s.jpg,opera-01-005-s.jpg,爬虫脸谱图集/opera-01-005-s.jpg,5,005,闻仲,大回朝,六分脸,user_confirmed_sequence_mapping,Project owner confirmed on 2026-09-20 that Excel 序号 and the image filename number are one-to-one for the current POPF dataset.,present,readable,JPEG,123,150,13554,06141b6b3e618fe193fb93c27d2e92217ffd6c59af4e7ec725c60ea20f250359,1,no,jpg,412,502,not_evaluated,yes,,validation,42,Sequence mapping is accepted for the current project dataset based on project-owner confirmation. Label analysis uses the current XLS raw 谱式 values.,005,6,5,,闻仲,闻太师,将官类,净,正净,大回朝,太师回朝,封神演义,裘桂仙,中文,纣王,六分脸,勾脸,,红色,,点眉,,眼形,白鼻窝,,,,,jpg,412,502,28.1,96,96,24,2020.1.5,,,,,
modern_v1,006,data/raw/脸谱/整理工作/爬虫脸谱图集.zip::爬虫脸谱图集/opera-01-006-s.jpg,opera-01-006-s.jpg,爬虫脸谱图集/opera-01-006-s.jpg,6,006,姜尚,渭水河,整脸,user_confirmed_sequence_mapping,Project owner confirmed on 2026-09-20 that Excel 序号 and the image filename number are one-to-one for the current POPF dataset.,present,readable,JPEG,123,150,14991,f7312d54a9efb72a540c635ea0b6197523591e980c3b44f05ff980d6a91d7299,1,no,jpg,412,502,not_evaluated,yes,,test,42,Sequence mapping is accepted for the current project dataset based on project-owner confirmation. Label analysis uses the current XLS raw 谱式 values.,006,7,6,,姜尚,姜子牙、姜太公,将官类,净,副净,渭水河,文王访贤、八百八年,史记·齐太公世家,郝寿臣,中文,姬昌,整脸,揉脸,,红色,,老眉,,点形,灰鼻窝,,,,,jpg,412,502,38.4,96,96,24,2020.1.5,,,郝寿臣（1886年-1961年），著名京剧表演艺术家、教育家，工架子花脸。原籍河北香河，幼年随父迁京，从师吕福善、唐永常、朱子久、阎宝恒等学艺。郝寿臣融金秀山铜锤与黄润甫架子两家艺术于一炉，唱念上自成一格，创成被誉为“架子花脸铜锤唱”的郝派艺术。他以气魄取胜，唱念韵味浑厚，工架凝练，表演浑然一体。他艺术态度严谨，善于刻画人物，数十年艺术生涯中，在220余个剧目中扮演过160多个主要和次要角色。与侯喜瑞、金少山并称“净行三杰”。,,
modern_v1,007,data/raw/脸谱/整理工作/爬虫脸谱图集.zip::爬虫脸谱图集/opera-01-007-s.jpg,opera-01-007-s.jpg,爬虫脸谱图集/opera-01-007-s.jpg,7,007,崇侯虎,进妲己,花三块瓦脸,user_confirmed_sequence_mapping,Project owner confirmed on 2026-09-20 that Excel 序号 and the image filename number are one-to-one for the current POPF dataset.,present,readable,JPEG,123,150,15775,138f5af12c7630c12ea5a7d91b4f4a8d8e78b0bf38ee29b498953b83b39cff61,1,no,jpg,412,502,not_evaluated,yes,,train,42,Sequence mapping is accepted for the current project dataset based on project-owner confirmation. Label analysis uses the current XLS raw 谱式 values.,007,8,7,,崇侯虎,,将官类,净,武净,进妲己,反冀州、献妲己,封神演义,通用,中文,崇黑虎,花三块瓦脸,勾脸,,白色,,,大奸眼窝,随意形,尖鼻窝,,,,,jpg,412,502,37.2,96,96,24,2020.1.5,,,,,
modern_v1,008,data/raw/脸谱/整理工作/爬虫脸谱图集.zip::爬虫脸谱图集/opera-01-008-s.jpg,opera-01-008-s.jpg,爬虫脸谱图集/opera-01-008-s.jpg,8,008,崇黑虎,进妲己,三块瓦脸,user_confirmed_sequence_mapping,Project owner confirmed on 2026-09-20 that Excel 序号 and the image filename number are one-to-one for the current POPF dataset.,present,readable,JPEG,123,150,14490,952f468618f4d6f48fb2ecbeed041cf8a7247c9624de184b1b9c833487a2407f,1,no,jpg,412,502,not_evaluated,yes,,validation,42,Sequence mapping is accepted for the current project dataset based on project-owner confirmation. Label analysis uses the current XLS raw 谱式 values.,008,9,8,,崇黑虎,,将官类,净,武净,进妲己,反冀州、献妲己,封神演义,通用,中文,崇侯虎,三块瓦脸,勾脸,,粉红色,,,老眼窝,随意形,卷鼻窝,,,,,jpg,412,502,31.3,96,96,24,2020.1.5,,,,,
modern_v1,009,data/raw/脸谱/整理工作/爬虫脸谱图集.zip::爬虫脸谱图集/opera-01-009-s.jpg,opera-01-009-s.jpg,爬虫脸谱图集/opera-01-009-s.jpg,9,009,姬僚,鱼肠剑,三块瓦脸,user_confirmed_sequence_mapping,Project owner confirmed on 2026-09-20 that Excel 序号 and the image filename number are one-to-one for the current POPF dataset.,present,readable,JPEG,123,150,14354,177b63d7f2dc5e639991fd489bcff69f297adf1f8a2b1ffcf304170951636c9a,1,no,jpg,412,502,not_evaluated,yes,,train,42,Sequence mapping is accepted for the current project dataset based on project-owner confirmation. Label analysis uses the current XLS raw 谱式 values.,009,10,9,,姬僚,,将官类,净,正净,鱼肠剑,鱼藏剑,东周列国志,金少山,中文,专诸,三块瓦脸,勾脸,,黄色,,奸眉,老眼窝,随意形,圆鼻窝,,,,,jpg,412,502,29.5,96,96,24,2020.1.5,,,金少山（1890年-1948年8月13日），一说作仲义，又名少山。满族，北京人，京剧净行演员，京剧名净金秀山三子。幼年从父学艺，工铜锤花脸，兼宗何桂山。同时，他从韩乐卿习练武功把子，后拜德珺如为师学架子花脸戏。由于金少山学艺众多，天赋优厚，声音洪亮，在方方面面皆都具备，其艺术风格已经不仅限于父亲金秀山的“金派”范围。他通过发挥自身条件，将净角艺术提高到一个新的高度，形成了自己的流派“新金派”。,,
modern_v1,010,data/raw/脸谱/整理工作/爬虫脸谱图集.zip::爬虫脸谱图集/opera-01-010-s.jpg,opera-01-010-s.jpg,爬虫脸谱图集/opera-01-010-s.jpg,10,010,米南凹,文昭关,三块瓦脸,user_confirmed_sequence_mapping,Project owner confirmed on 2026-09-20 that Excel 序号 and the image filename number are one-to-one for the current POPF dataset.,present,readable,JPEG,123,150,14033,9c03d7634718bdcc92f64cfd6cb39e26afbe64f1e323677e9ec682ee797b8c70,1,no,jpg,412,502,not_evaluated,yes,,train,42,Sequence mapping is accepted for the current project dataset based on project-owner confirmation. Label analysis uses the current XLS raw 谱式 values.,010,11,10,,米南凹,米南适,将官类,净,武净,文昭关,一夜白须,东周列国志,通用,中文,伍子胥,三块瓦脸,勾脸,,黑色、白色,,随意眉,奸眼窝,,尖鼻窝,,,,,jpg,412,502,34.8,96,96,24,2020.1.5,,,,,
modern_v1,011,data/raw/脸谱/整理工作/爬虫脸谱图集.zip::爬虫脸谱图集/opera-01-011-s.jpg,opera-01-011-s.jpg,爬虫脸谱图集/opera-01-011-s.jpg,11,011,李刚,庆阳图,十字门脸,user_confirmed_sequence_mapping,Project owner confirmed on 2026-09-20 that Excel 序号 and the image filename number are one-to-one for the current POPF dataset.,present,readable,JPEG,123,150,13797,da33fce8d604b189dd79dd6582a198f3a4e823e80accea77a619f44d69c71489,1,no,jpg,412,502,not_evaluated,yes,,train,42,Sequence mapping is accepted for the current project dataset based on project-owner confirmation. Label analysis uses the current XLS raw 谱式 values.,011,12,11,,李刚,,将官类,净,武净,庆阳图,李刚反朝、黑逼宫、斩李广,东周列国志,钱金福,中文,李虎,十字门脸,勾脸,,黑色,,钩眉,环眼窝,立柱纹,卷鼻窝,,,,,jpg,412,502,30.5,96,96,24,2020.1.5,,,,,
modern_v1,012,data/raw/脸谱/整理工作/爬虫脸谱图集.zip::爬虫脸谱图集/opera-01-012-s.jpg,opera-01-012-s.jpg,爬虫脸谱图集/opera-01-012-s.jpg,12,012,廉颇,将相和,三块瓦脸,user_confirmed_sequence_mapping,Project owner confirmed on 2026-09-20 that Excel 序号 and the image filename number are one-to-one for the current POPF dataset.,present,readable,JPEG,123,150,13424,630272ee95305c5c3c0dc54cb7858b62082bcc6f13074a15af39bd3552947a38,1,no,jpg,412,502,not_evaluated,yes,,train,42,Sequence mapping is accepted for the current project dataset based on project-owner confirmation. Label analysis uses the current XLS raw 谱式 values.,012,13,12,,廉颇,信平君,将官类,净,正净,将相和,廉颇负荆、争功请罪,东周列国志,袁世海,中文,胡伤,三块瓦脸,勾脸,,粉色,,柳叶眉,老眼窝,锥形,满鼻窝,,,,,jpg,412,502,29.3,96,96,24,2020.1.5,,,,,
modern_v1,013,data/raw/脸谱/整理工作/爬虫脸谱图集.zip::爬虫脸谱图集/opera-02-013-s.jpg,opera-02-013-s.jpg,爬虫脸谱图集/opera-02-013-s.jpg,13,013,伊立,黄金台,太监脸,user_confirmed_sequence_mapping,Project owner confirmed on 2026-09-20 that Excel 序号 and the image filename number are one-to-one for the current POPF dataset.,present,readable,JPEG,123,150,13914,bf9b6395e6c5119c71db3ab0ab9ac0161899cd5164a26a3ef8919e45ac0ec977,1,no,jpg,412,502,not_evaluated,no,class_below_min_samples_per_class_10,,42,Sequence mapping is accepted for the current project dataset based on project-owner confirmation. Label analysis uses the current XLS raw 谱式 values.,013,14,13,,伊立,,将官类,净,副净,黄金台,田单救主、搜府盘关、乐毅伐齐,新灌园,郝寿臣,中文,田单,太监脸,勾脸,,油白色,,柳叶眉,尖眼窝,点形,,撇嘴,,飞扬跋扈,,jpg,412,502,30.6,96,96,24,2020.1.5,,,郝寿臣（1886年-1961年），著名京剧表演艺术家、教育家，工架子花脸。原籍河北香河，幼年随父迁京，从师吕福善、唐永常、朱子久、阎宝恒等学艺。郝寿臣融金秀山铜锤与黄润甫架子两家艺术于一炉，唱念上自成一格，创成被誉为“架子花脸铜锤唱”的郝派艺术。他以气魄取胜，唱念韵味浑厚，工架凝练，表演浑然一体。他艺术态度严谨，善于刻画人物，数十年艺术生涯中，在220余个剧目中扮演过160多个主要和次要角色。与侯喜瑞、金少山并称“净行三杰”。,,
modern_v1,014,data/raw/脸谱/整理工作/爬虫脸谱图集.zip::爬虫脸谱图集/opera-02-014-s.jpg,opera-02-014-s.jpg,爬虫脸谱图集/opera-02-014-s.jpg,14,014,胡伤,将相和,花三块瓦脸,user_confirmed_sequence_mapping,Project owner confirmed on 2026-09-20 that Excel 序号 and the image filename number are one-to-one for the current POPF dataset.,present,readable,JPEG,123,150,14130,981b7a724cb4c1ddb7e7c35b58a43683b50697b7816c25afc1b0ea85cc027d5a,1,no,jpg,412,502,not_evaluated,yes,,train,42,Sequence mapping is accepted for the current project dataset based on project-owner confirmation. Label analysis uses the current XLS raw 谱式 values.,014,15,14,,胡伤,胡阳,将官类,净,副净,将相和,廉颇负荆、争功请罪,东周列国志,郭元汾,中文,廉颇,花三块瓦脸,勾脸,,白色,,,直眼窝,线形,卷鼻窝,,,,,jpg,412,502,32.4,96,96,24,2020.1.5,,,郭元汾（？-1962年），京剧净角，京剧演员郭春山先生的长子。在入富连成科班后主攻铜锤花脸。郭元汾在唱法上不尚雕饰，吐字行腔遵循传统，追求严谨朴拙的风格，极少个人的发挥创造。他的唱功可称是黄钟大吕，声震屋瓦，他的做功边式好看，细腻传神，是位不可多得的全才净角。解放后调入北京，编入解放军总政治部文工团京剧团，后并入中国京剧院，列为四团。1958年郭元汾随四团支援宁夏，成立宁夏回族自治区京剧团。,,
modern_v1,015,data/raw/脸谱/整理工作/爬虫脸谱图集.zip::爬虫脸谱图集/opera-02-015-s.jpg,opera-02-015-s.jpg,爬虫脸谱图集/opera-02-015-s.jpg,15,015,荆轲,荆轲传,三块瓦脸,user_confirmed_sequence_mapping,Project owner confirmed on 2026-09-20 that Excel 序号 and the image filename number are one-to-one for the current POPF dataset.,present,readable,JPEG,123,150,15215,63626bd6563a1f1768f32d6c704664f964ab837d264eed5618f32107a8469701,1,no,jpg,412,502,not_evaluated,yes,,train,42,Sequence mapping is accepted for the current project dataset based on project-owner confirmation. Label analysis uses the current XLS raw 谱式 values.,015,16,15,,荆轲,,将官类,净,副净,荆轲传,荆轲刺秦,史记·刺客列传,郝寿臣,中文,嬴政,三块瓦脸,勾脸,,白色,,柳叶眉,直眼窝,匕首形,满鼻窝,,,,,jpg,412,502,29.6,96,96,24,2020.1.5,,,郝寿臣（1886年-1961年），著名京剧表演艺术家、教育家，工架子花脸。原籍河北香河，幼年随父迁京，从师吕福善、唐永常、朱子久、阎宝恒等学艺。郝寿臣融金秀山铜锤与黄润甫架子两家艺术于一炉，唱念上自成一格，创成被誉为“架子花脸铜锤唱”的郝派艺术。他以气魄取胜，唱念韵味浑厚，工架凝练，表演浑然一体。他艺术态度严谨，善于刻画人物，数十年艺术生涯中，在220余个剧目中扮演过160多个主要和次要角色。与侯喜瑞、金少山并称“净行三杰”。,,
modern_v1,016,data/raw/脸谱/整理工作/爬虫脸谱图集.zip::爬虫脸谱图集/opera-02-016-s.jpg,opera-02-016-s.jpg,爬虫脸谱图集/opera-02-016-s.jpg,16,016,赵高,宇宙锋,整脸,user_confirmed_sequence_mapping,Project owner confirmed on 2026-09-20 that Excel 序号 and the image filename number are one-to-one for the current POPF dataset.,present,readable,JPEG,123,150,13465,66059b16f4b60b18083a69eac83c270d282ad3d91cbb02f1c7741b12811054d8,1,no,jpg,412,502,not_evaluated,yes,,train,42,Sequence mapping is accepted for the current project dataset based on project-owner confirmation. Label analysis uses the current XLS raw 谱式 values.,016,17,16,,赵高,,将官类,净,副净,宇宙锋,金殿装疯、一口剑、六义图,史记·秦始皇本记,袁世海,中文,周缺,整脸,抹脸,,白色,,本眉,奸眼窝,,灰鼻窝,,,,,jpg,412,502,28.4,96,96,24,2020.1.5,,,,,
modern_v1,017,data/raw/脸谱/整理工作/爬虫脸谱图集.zip::爬虫脸谱图集/opera-02-017-s.jpg,opera-02-017-s.jpg,爬虫脸谱图集/opera-02-017-s.jpg,17,017,牛邈,闹昆阳,花三块瓦脸,user_confirmed_sequence_mapping,Project owner confirmed on 2026-09-20 that Excel 序号 and the image filename number are one-to-one for the current POPF dataset.,present,readable,JPEG,123,150,17182,a3561997cb0ec84abae100c97275fef2e5ffbc8fe427f6c07ad3d6b902a928b2,1,no,jpg,367,450,not_evaluated,yes,,test,42,Sequence mapping is accepted for the current project dataset based on project-owner confirmation. Label analysis uses the current XLS raw 谱式 values.,017,18,17,,牛邈,,将官类,净,武净,闹昆阳,飞叉阵、马援归汉,聚兽牌传奇,杨小楼,中文,马援,花三块瓦脸,勾脸,,绿色,,,花眼窝,胆形,碎鼻窝,,,,,jpg,367,450,31.3,96,96,24,2020.1.5,,,杨小楼（1878年-1938年），名三元，安徽怀宁人，京剧武生演员，有“武生宗师”的盛誉。自幼入小荣椿社学艺，工武生。十七岁出科后，拜俞菊笙为师，又得谭鑫培等名家指点。杨小楼嗓音清脆洪亮，唱念均遵“奎派”风范，咬字清楚真切，间有京音，行腔朴直无华。在艺术上继承家学，同时博采众长，逐渐形成独树一帜的“杨派”。武打步法准确灵敏，无空招废式，贴切地表现人物的性格，着力体现意境，追求神似，也即“武戏文唱”的杨派特点。,,
modern_v1,018,data/raw/脸谱/整理工作/爬虫脸谱图集.zip::爬虫脸谱图集/opera-02-018-s.jpg,opera-02-018-s.jpg,爬虫脸谱图集/opera-02-018-s.jpg,18,018,姚刚,黄一刀,十字门脸,user_confirmed_sequence_mapping,Project owner confirmed on 2026-09-20 that Excel 序号 and the image filename number are one-to-one for the current POPF dataset.,present,readable,JPEG,123,152,14414,5fe10f6ab6a6d78cf42cb8e341f359d518f7982d3a9120bd22899da88d3e2620,1,no,jpg,365,450,not_evaluated,yes,,train,42,Sequence mapping is accepted for the current project dataset based on project-owner confirmation. Label analysis uses the current XLS raw 谱式 values.,018,19,18,,姚刚,,将官类,净,正净,黄一刀,恶虎庄、姚刚发配,东汉演义,郝寿臣,中文,黄飞刚,十字门脸,勾脸,,黑色,,锯齿眉,环眼窝,立柱纹,卷鼻窝,虎嘴,,,,jpg,365,450,24.1,96,96,24,2020.1.5,,,郝寿臣（1886年-1961年），著名京剧表演艺术家、教育家，工架子花脸。原籍河北香河，幼年随父迁京，从师吕福善、唐永常、朱子久、阎宝恒等学艺。郝寿臣融金秀山铜锤与黄润甫架子两家艺术于一炉，唱念上自成一格，创成被誉为“架子花脸铜锤唱”的郝派艺术。他以气魄取胜，唱念韵味浑厚，工架凝练，表演浑然一体。他艺术态度严谨，善于刻画人物，数十年艺术生涯中，在220余个剧目中扮演过160多个主要和次要角色。与侯喜瑞、金少山并称“净行三杰”。,,
modern_v1,019,data/raw/脸谱/整理工作/爬虫脸谱图集.zip::爬虫脸谱图集/opera-02-019-s.jpg,opera-02-019-s.jpg,爬虫脸谱图集/opera-02-019-s.jpg,19,019,苏献,取洛阳,六分脸,user_confirmed_sequence_mapping,Project owner confirmed on 2026-09-20 that Excel 序号 and the image filename number are one-to-one for the current POPF dataset.,present,readable,JPEG,123,150,14421,0a430f12fe8a8fb9da6abd15a4b5e7483cbd5089e00853d609bff65847905565,1,no,jpg,368,450,not_evaluated,yes,,train,42,Sequence mapping is accepted for the current project dataset based on project-owner confirmation. Label analysis uses the current XLS raw 谱式 values.,019,20,19,,苏献,,将官类,净,武净,取洛阳,光武兴、岑马争功,东汉演义,郭元汾,中文,马武,六分脸,勾脸,,粉色,,钩眉,老眼窝,,卷鼻窝,,,,,jpg,368,450,22.9,96,96,24,2020.1.5,,,郭元汾（？-1962年），京剧净角，京剧演员郭春山先生的长子。在入富连成科班后主攻铜锤花脸。郭元汾在唱法上不尚雕饰，吐字行腔遵循传统，追求严谨朴拙的风格，极少个人的发挥创造。他的唱功可称是黄钟大吕，声震屋瓦，他的做功边式好看，细腻传神，是位不可多得的全才净角。解放后调入北京，编入解放军总政治部文工团京剧团，后并入中国京剧院，列为四团。1958年郭元汾随四团支援宁夏，成立宁夏回族自治区京剧团。,,
modern_v1,020,data/raw/脸谱/整理工作/爬虫脸谱图集.zip::爬虫脸谱图集/opera-02-020-s.jpg,opera-02-020-s.jpg,爬虫脸谱图集/opera-02-020-s.jpg,20,020,马武,取洛阳,碎脸,user_confirmed_sequence_mapping,Project owner confirmed on 2026-09-20 that Excel 序号 and the image filename number are one-to-one for the current POPF dataset.,present,readable,JPEG,123,152,15745,ab78df7ad9999de1caf8250f02f234717e4ecd8f89c39cf48f320bd834183185,1,no,jpg,363,450,not_evaluated,yes,,validation,42,Sequence mapping is accepted for the current project dataset based on project-owner confirmation. Label analysis uses the current XLS raw 谱式 values.,020,21,20,,马武,,将官类,净,副净,取洛阳,光武兴、岑马争功,东汉演义,侯喜瑞,中文,苏献,碎脸,勾脸,,蓝色,,狼牙眉,花眼窝,胆形,碎鼻窝,,,,,jpg,363,450,25.3,96,96,24,2020.1.5,,,侯喜瑞（1892年2月23日-1983年2月22日），京剧净角。幼入富连成科班，先学梆子老生，后师从韩乐卿学架子花脸和武花脸戏。出科后拜黄润甫为师，颇得真传，并在严承师教基础上，根据自身条件扬长避短，形成新的艺术风格“侯派”，与金少山、郝寿臣三足鼎立。侯喜瑞虽然嗓音较哑，但字准音足，听起来简练隽永，字字入耳。早年在富连成社担任武生净行教师，晚年在中国戏曲学院、北京市戏曲学校任教。,,
modern_v1,021,data/raw/脸谱/整理工作/爬虫脸谱图集.zip::爬虫脸谱图集/opera-02-021-s.jpg,opera-02-021-s.jpg,爬虫脸谱图集/opera-02-021-s.jpg,21,021,张飞,长坂坡,十字门脸,user_confirmed_sequence_mapping,Project owner confirmed on 2026-09-20 that Excel 序号 and the image filename number are one-to-one for the current POPF dataset.,present,readable,JPEG,123,150,14650,8722f7e4ecae3cd43124034d9e96297ec2aad6bb42dfccf48f27f813e7e72f1b,1,no,jpg,369,450,not_evaluated,yes,,train,42,Sequence mapping is accepted for the current project dataset based on project-owner confirmation. Label analysis uses the current XLS raw 谱式 values.,021,22,21,,张飞,张翼德,将官类,净,副净,长坂坡,单骑救主、子龙救主、当阳桥,三国演义,郝寿臣,中文,赵云,十字门脸,勾脸,,黑色,,环眉,环眼窝,立柱纹,笑鼻窝,,,,,jpg,369,450,22.5,96,96,24,2020.1.5,,,郝寿臣（1886年-1961年），著名京剧表演艺术家、教育家，工架子花脸。原籍河北香河，幼年随父迁京，从师吕福善、唐永常、朱子久、阎宝恒等学艺。郝寿臣融金秀山铜锤与黄润甫架子两家艺术于一炉，唱念上自成一格，创成被誉为“架子花脸铜锤唱”的郝派艺术。他以气魄取胜，唱念韵味浑厚，工架凝练，表演浑然一体。他艺术态度严谨，善于刻画人物，数十年艺术生涯中，在220余个剧目中扮演过160多个主要和次要角色。与侯喜瑞、金少山并称“净行三杰”。,,
modern_v1,022,data/raw/脸谱/整理工作/爬虫脸谱图集.zip::爬虫脸谱图集/opera-02-022-s.jpg,opera-02-022-s.jpg,爬虫脸谱图集/opera-02-022-s.jpg,22,022,关羽,战长沙,整脸,user_confirmed_sequence_mapping,Project owner confirmed on 2026-09-20 that Excel 序号 and the image filename number are one-to-one for the current POPF dataset.,present,readable,JPEG,88,110,3232,e8ef7fbfb021f7aae0d6cadfc705858420853f5e6536543011adfbb567d9147b,1,no,jpg,361,450,not_evaluated,yes,,train,42,Sequence mapping is accepted for the current project dataset based on project-owner confirmation. Label analysis uses the current XLS raw 谱式 values.,022,23,22,,关羽,关云长、美髯公、关公,将官类,生,红生,战长沙,,三国演义,李万春,中文,魏延,整脸,揉脸,,红色,,卧蚕眉,丹凤眼窝,如意钩形,满鼻窝,,,,,jpg,361,450,21.5,96,96,24,2020.1.5,,,李万春（1911-1985），满洲正黄旗人，工老生、武生，著名京剧表演艺术家、戏曲艺术教育家。父亲李永利是著名武花脸演员，母亲李砚秀是京剧旦角演员。李万春自幼随父练功学戏。他除了接受家传外，其父广请名师授艺，先后受教于徐德增、于德智、崔凤鸣、项鼎新等老师，为他唱念功夫的发展起到了颇重要的奠基作用。李氏一家来到北京之后，余叔岩收李万春为义子，他边演出边广收博取，受到马连良、尚小云等名家的指导，文戏投师余叔岩，武戏投师杨小楼，两位大师认真传艺，宠爱极致，均收认他为螟蛉义子。,,
modern_v1,023,data/raw/脸谱/整理工作/爬虫脸谱图集.zip::爬虫脸谱图集/opera-02-023-s.jpg,opera-02-023-s.jpg,爬虫脸谱图集/opera-02-023-s.jpg,23,023,庞统,柴桑口,三块瓦脸,user_confirmed_sequence_mapping,Project owner confirmed on 2026-09-20 that Excel 序号 and the image filename number are one-to-one for the current POPF dataset.,present,readable,JPEG,90,110,3501,772c1b7e7e4f20561f007d6bfd0d13c4bf7a9c95f71764fdf82679c9810f20da,1,no,jpg,368,450,not_evaluated,yes,,test,42,Sequence mapping is accepted for the current project dataset based on project-owner confirmation. Label analysis uses the current XLS raw 谱式 values.,023,24,23,,庞统,庞士元、凤雏,将官类,净,副净,柴桑口,孔明吊孝、卧龙吊孝,三国演义,侯喜瑞,中文,诸葛亮,三块瓦脸,勾脸,,红色,,直眉,直眼窝,太极形,满鼻窝,,,,,jpg,368,450,21.6,96,96,24,2020.1.5,,,侯喜瑞（1892年2月23日-1983年2月22日），京剧净角。幼入富连成科班，先学梆子老生，后师从韩乐卿学架子花脸和武花脸戏。出科后拜黄润甫为师，颇得真传，并在严承师教基础上，根据自身条件扬长避短，形成新的艺术风格“侯派”，与金少山、郝寿臣三足鼎立。侯喜瑞虽然嗓音较哑，但字准音足，听起来简练隽永，字字入耳。早年在富连成社担任武生净行教师，晚年在中国戏曲学院、北京市戏曲学校任教。,,
modern_v1,024,data/raw/脸谱/整理工作/爬虫脸谱图集.zip::爬虫脸谱图集/opera-02-024-s.jpg,opera-02-024-s.jpg,爬虫脸谱图集/opera-02-024-s.jpg,24,024,周仓,单刀会,元宝脸,user_confirmed_sequence_mapping,Project owner confirmed on 2026-09-20 that Excel 序号 and the image filename number are one-to-one for the current POPF dataset.,present,readable,JPEG,89,110,3656,88212207f49e2794671f5fbcb00479ab5de38e9ff6bb8b7d8d5e668918ff368a,1,no,jpg,364,450,not_evaluated,no,class_below_min_samples_per_class_10,,42,Sequence mapping is accepted for the current project dataset based on project-owner confirmation. Label analysis uses the current XLS raw 谱式 values.,024,25,24,,周仓,,将官类,净,武净,单刀会,临江亭,三国演义,钱金福,中文,关羽,元宝脸,勾脸,,灰色,,柳叶眉,环眼窝,淡青色脑门,碎鼻窝,,,,,jpg,364,450,25.5,96,96,24,2020.1.5,,,,,
modern_v1,025,data/raw/脸谱/整理工作/爬虫脸谱图集.zip::爬虫脸谱图集/opera-03-025-s.jpg,opera-03-025-s.jpg,爬虫脸谱图集/opera-03-025-s.jpg,25,025,夏侯惇,战宛城,三块瓦脸,user_confirmed_sequence_mapping,Project owner confirmed on 2026-09-20 that Excel 序号 and the image filename number are one-to-one for the current POPF dataset.,present,readable,JPEG,90,110,3442,af3a110cba04c97785fa342932e795dab9c36070314f53361421b9863accefd7,1,no,jpg,369,450,not_evaluated,yes,,train,42,Sequence mapping is accepted for the current project dataset based on project-owner confirmation. Label analysis uses the current XLS raw 谱式 values.,025,26,25,,夏侯惇,夏侯元让,将官类,净,武净,战宛城,盗双戟、割发代首、张绣刺婶,三国演义,范宝亭,中文,赵云,三块瓦脸,勾脸,,蓝色,,刀眉,直眼窝,锥形,笑鼻窝,,,,,jpg,369,450,22.9,96,96,24,2020.1.5,,,范宝亭（1887年-1944年2月7日），北京人，著名京剧武净。科班出身，自幼坐科福寿班，和许德义同门。任荣春社教师、中华戏曲专科学校净行教师。范宝亭戏路极广，能演长靠戏、短打戏，经常参加名演员创演的新戏。范宝亭的跌打翻扑的特技功夫是无人与之匹敌的。他演戏不但应付自如，还发扬了他的革新精神。范宝亭有很多弟子，最知名的是刘奎官，厉慧良、景荣庆等也曾受教于他。,,
modern_v1,026,data/raw/脸谱/整理工作/爬虫脸谱图集.zip::爬虫脸谱图集/opera-03-026-s.jpg,opera-03-026-s.jpg,爬虫脸谱图集/opera-03-026-s.jpg,26,026,夏侯渊,定军山,十字门脸,user_confirmed_sequence_mapping,Project owner confirmed on 2026-09-20 that Excel 序号 and the image filename number are one-to-one for the current POPF dataset.,present,readable,JPEG,92,110,3385,33de83a76f067dd742058294fd74fa3523c5648570e9ed69fabfececb4b3fcdd,1,no,jpg,375,450,not_evaluated,yes,,train,42,Sequence mapping is accepted for the current project dataset based on project-owner confirmation. Label analysis uses the current XLS raw 谱式 values.,026,27,26,,夏侯渊,夏侯妙才,将官类,净,武净,定军山,一战成功、老将得胜、取东川,三国演义,钱金福,中文,夏侯德,十字门脸,勾脸,,,,螳螂眉,垂眼窝,立柱纹,卷鼻窝,,,,,jpg,375,450,23,96,96,24,2020.1.5,,,,,
modern_v1,027,data/raw/脸谱/整理工作/爬虫脸谱图集.zip::爬虫脸谱图集/opera-03-027-s.jpg,opera-03-027-s.jpg,爬虫脸谱图集/opera-03-027-s.jpg,27,027,许褚,战宛城,碎脸,user_confirmed_sequence_mapping,Project owner confirmed on 2026-09-20 that Excel 序号 and the image filename number are one-to-one for the current POPF dataset.,present,readable,JPEG,88,110,3530,513d6da981902e51ec7b9dc1c486445ce11c4456ce6567e6e1505dd04e2a071a,1,no,jpg,361,450,not_evaluated,yes,,train,42,Sequence mapping is accepted for the current project dataset based on project-owner confirmation. Label analysis uses the current XLS raw 谱式 values.,027,28,27,,许褚,虎候、许仲康,将官类,净,武净,战宛城,盗双戟、割发代首、张绣刺婶,三国演义,钱金福,中文,曹操,碎脸,勾脸,,黑色,,,,随意形,碎鼻窝,,,,,jpg,361,450,25.6,96,96,24,2020.1.5,,,,,
modern_v1,028,data/raw/脸谱/整理工作/爬虫脸谱图集.zip::爬虫脸谱图集/opera-03-028-s.jpg,opera-03-028-s.jpg,爬虫脸谱图集/opera-03-028-s.jpg,28,028,曹洪,战宛城,花三块瓦脸,user_confirmed_sequence_mapping,Project owner confirmed on 2026-09-20 that Excel 序号 and the image filename number are one-to-one for the current POPF dataset.,present,readable,JPEG,88,110,3648,d7f488522373c029149d0703720f289dcfe2497f6fae1b08021a2378137ebcd0,1,no,jpg,360,450,not_evaluated,yes,,train,42,Sequence mapping is accepted for the current project dataset based on project-owner confirmation. Label analysis uses the current XLS raw 谱式 values.,028,29,28,,曹洪,,将官类,净,武净,战宛城,盗双戟、割发代首、张绣刺婶,三国演义,侯喜瑞,中文,曹操,花三块瓦脸,勾脸,,红色,,,,如意钩形,碎鼻窝,,,,,jpg,360,450,25.8,96,96,24,2020.1.5,,,侯喜瑞（1892年2月23日-1983年2月22日），京剧净角。幼入富连成科班，先学梆子老生，后师从韩乐卿学架子花脸和武花脸戏。出科后拜黄润甫为师，颇得真传，并在严承师教基础上，根据自身条件扬长避短，形成新的艺术风格“侯派”，与金少山、郝寿臣三足鼎立。侯喜瑞虽然嗓音较哑，但字准音足，听起来简练隽永，字字入耳。早年在富连成社担任武生净行教师，晚年在中国戏曲学院、北京市戏曲学校任教。,,
modern_v1,029,data/raw/脸谱/整理工作/爬虫脸谱图集.zip::爬虫脸谱图集/opera-03-029-s.jpg,opera-03-029-s.jpg,爬虫脸谱图集/opera-03-029-s.jpg,29,029,张郃,长坂坡,三块瓦脸,user_confirmed_sequence_mapping,Project owner confirmed on 2026-09-20 that Excel 序号 and the image filename number are one-to-one for the current POPF dataset.,present,readable,JPEG,90,110,3581,8ee0129b7d1d6fd8962c6e243112cab56989442ac47538873041efc65789a19d,1,no,jpg,369,450,not_evaluated,yes,,train,42,Sequence mapping is accepted for the current project dataset based on project-owner confirmation. Label analysis uses the current XLS raw 谱式 values.,029,30,29,,张郃,张儁乂,将官类,净,武净,长坂坡,单骑救主、子龙救主、当阳桥,三国演义,侯喜瑞,中文,赵云,三块瓦脸,勾脸,,紫红色,,钩眉,直眼窝,随意形,尖鼻窝,,,,,jpg,369,450,24.4,96,96,24,2020.1.5,,,侯喜瑞（1892年2月23日-1983年2月22日），京剧净角。幼入富连成科班，先学梆子老生，后师从韩乐卿学架子花脸和武花脸戏。出科后拜黄润甫为师，颇得真传，并在严承师教基础上，根据自身条件扬长避短，形成新的艺术风格“侯派”，与金少山、郝寿臣三足鼎立。侯喜瑞虽然嗓音较哑，但字准音足，听起来简练隽永，字字入耳。早年在富连成社担任武生净行教师，晚年在中国戏曲学院、北京市戏曲学校任教。,,
modern_v1,030,data/raw/脸谱/整理工作/爬虫脸谱图集.zip::爬虫脸谱图集/opera-03-030-s.jpg,opera-03-030-s.jpg,爬虫脸谱图集/opera-03-030-s.jpg,30,030,徐晃,阳平关,花三块瓦脸,user_confirmed_sequence_mapping,Project owner confirmed on 2026-09-20 that Excel 序号 and the image filename number are one-to-one for the current POPF dataset.,present,readable,JPEG,90,110,2862,61cd263aee22cbc46622b73238ae2687021a3026accb351b3e41be1f4cfb55f5,1,no,jpg,369,450,not_evaluated,yes,,validation,42,Sequence mapping is accepted for the current project dataset based on project-owner confirmation. Label analysis uses the current XLS raw 谱式 values.,030,31,30,,徐晃,徐公明,将官类,净,武净,阳平关,子龙护忠,三国演义,侯喜瑞,中文,曹操,花三块瓦脸,勾脸,,白色,,刀眉,老眼窝,胆形,卷鼻窝,,,,,jpg,369,450,18.4,96,96,24,2020.1.5,,,侯喜瑞（1892年2月23日-1983年2月22日），京剧净角。幼入富连成科班，先学梆子老生，后师从韩乐卿学架子花脸和武花脸戏。出科后拜黄润甫为师，颇得真传，并在严承师教基础上，根据自身条件扬长避短，形成新的艺术风格“侯派”，与金少山、郝寿臣三足鼎立。侯喜瑞虽然嗓音较哑，但字准音足，听起来简练隽永，字字入耳。早年在富连成社担任武生净行教师，晚年在中国戏曲学院、北京市戏曲学校任教。,,
modern_v1,031,data/raw/脸谱/整理工作/爬虫脸谱图集.zip::爬虫脸谱图集/opera-03-031-s.jpg,opera-03-031-s.jpg,爬虫脸谱图集/opera-03-031-s.jpg,31,031,孟坦,过五关,三块瓦脸,user_confirmed_sequence_mapping,Project owner confirmed on 2026-09-20 that Excel 序号 and the image filename number are one-to-one for the current POPF dataset.,present,readable,JPEG,89,110,3655,06524d1f1e6155253a0f2781eaecc3b114fd546e5a19bdfbb884c6f894b0421c,1,no,jpg,364,450,not_evaluated,yes,,train,42,Sequence mapping is accepted for the current project dataset based on project-owner confirmation. Label analysis uses the current XLS raw 谱式 values.,031,32,31,,孟坦,,将官类,净,武净,过五关,辞曹斩将、过关斩将,三国演义,通用,中文,关羽,三块瓦脸,勾脸,,紫红色,,,,随意形,碎鼻窝,,,,,jpg,364,450,25,96,96,24,2020.1.5,,,,,
modern_v1,032,data/raw/脸谱/整理工作/爬虫脸谱图集.zip::爬虫脸谱图集/opera-03-032-s.jpg,opera-03-032-s.jpg,爬虫脸谱图集/opera-03-032-s.jpg,32,032,蔡阳,古城会,三块瓦脸,user_confirmed_sequence_mapping,Project owner confirmed on 2026-09-20 that Excel 序号 and the image filename number are one-to-one for the current POPF dataset.,present,readable,JPEG,91,110,3007,e01e3f54177edfe0f2b0fde2c8d8ab0dcc1ee80f4888d5cff3411ab457c944ae,1,no,jpg,373,450,not_evaluated,yes,,train,42,Sequence mapping is accepted for the current project dataset based on project-owner confirmation. Label analysis uses the current XLS raw 谱式 values.,032,33,32,,蔡阳,,将官类,净,武净,古城会,,三国演义,通用,中文,关羽,三块瓦脸,勾脸,,白色,,刀眉,老眼窝,胆形,尖鼻窝,,,,,jpg,373,450,18.6,96,96,24,2020.1.5,,,,,
modern_v1,033,data/raw/脸谱/整理工作/爬虫脸谱图集.zip::爬虫脸谱图集/opera-03-033-s.jpg,opera-03-033-s.jpg,爬虫脸谱图集/opera-03-033-s.jpg,33,033,黄盖,群英会,六分脸,user_confirmed_sequence_mapping,Project owner confirmed on 2026-09-20 that Excel 序号 and the image filename number are one-to-one for the current POPF dataset.,present,readable,JPEG,86,110,2772,e0a26f41a1726297a3e24b54dcec4a0e0c249a15039b2ff169b001eeae681917,1,no,jpg,407,512,not_evaluated,yes,,test,42,Sequence mapping is accepted for the current project dataset based on project-owner confirmation. Label analysis uses the current XLS raw 谱式 values.,033,34,33,,黄盖,黄公覆,将官类,净,副净,群英会,草船借箭、蒋干中计,三国演义,裘盛戎,中文,蒋干,六分脸,勾脸,,红色,,老眉,,立柱纹,,,,,,jpg,407,512,20.7,96,96,24,2020.1.5,,,,,
modern_v1,034,data/raw/脸谱/整理工作/爬虫脸谱图集.zip::爬虫脸谱图集/opera-03-034-s.jpg,opera-03-034-s.jpg,爬虫脸谱图集/opera-03-034-s.jpg,34,034,孙权,甘露寺,整脸,user_confirmed_sequence_mapping,Project owner confirmed on 2026-09-20 that Excel 序号 and the image filename number are one-to-one for the current POPF dataset.,present,readable,JPEG,94,110,3106,2be8310d0e6991409a37464465232733d26b68cb8406d1ba271ecadeff429748,1,no,jpg,414,482,not_evaluated,yes,,train,42,Sequence mapping is accepted for the current project dataset based on project-owner confirmation. Label analysis uses the current XLS raw 谱式 values.,034,35,34,,孙权,孙仲谋,将官类,净,副净,甘露寺,龙凤配、美人计,三国演义,侯喜瑞,中文,蒋钦,整脸,抹脸,,白色,,本眉,奸眼窝,如意钩形,满鼻窝,,,,,jpg,414,482,20.4,96,96,24,2020.1.5,,,侯喜瑞（1892年2月23日-1983年2月22日），京剧净角。幼入富连成科班，先学梆子老生，后师从韩乐卿学架子花脸和武花脸戏。出科后拜黄润甫为师，颇得真传，并在严承师教基础上，根据自身条件扬长避短，形成新的艺术风格“侯派”，与金少山、郝寿臣三足鼎立。侯喜瑞虽然嗓音较哑，但字准音足，听起来简练隽永，字字入耳。早年在富连成社担任武生净行教师，晚年在中国戏曲学院、北京市戏曲学校任教。,,
modern_v1,035,data/raw/脸谱/整理工作/爬虫脸谱图集.zip::爬虫脸谱图集/opera-03-035-s.jpg,opera-03-035-s.jpg,爬虫脸谱图集/opera-03-035-s.jpg,35,035,吕蒙,走麦城,三块瓦脸,user_confirmed_sequence_mapping,Project owner confirmed on 2026-09-20 that Excel 序号 and the image filename number are one-to-one for the current POPF dataset.,present,readable,JPEG,90,110,3656,6f7cec255b65678d231a92a34428719131a1328d262dbe840d67c47eb0c803e0,1,no,jpg,421,512,not_evaluated,yes,,train,42,Sequence mapping is accepted for the current project dataset based on project-owner confirmation. Label analysis uses the current XLS raw 谱式 values.,035,36,35,,吕蒙,,将官类,净,武净,走麦城,麦城升天、白衣渡江、荆州失计,三国演义,周信芳,中文,关羽,三块瓦脸,勾脸,,蓝色,,钩眉,大奸眼窝,胆形,满鼻窝,,,,,jpg,421,512,29.5,96,96,24,2020.1.5,,,,,
modern_v1,036,data/raw/脸谱/整理工作/爬虫脸谱图集.zip::爬虫脸谱图集/opera-03-036-s.jpg,opera-03-036-s.jpg,爬虫脸谱图集/opera-03-036-s.jpg,36,036,太史慈,战合肥,碎脸,user_confirmed_sequence_mapping,Project owner confirmed on 2026-09-20 that Excel 序号 and the image filename number are one-to-one for the current POPF dataset.,present,readable,JPEG,91,110,3562,1af245e1608b6bd0a472745266fe516970c95da37bddd493de4ca6d21a4c37f7,1,no,jpg,425,512,not_evaluated,yes,,train,42,Sequence mapping is accepted for the current project dataset based on project-owner confirmation. Label analysis uses the current XLS raw 谱式 values.,036,37,36,,太史慈,太史子义,将官类,净,武净,战合肥,,三国演义,通用,中文,张辽,碎脸,勾脸,,蓝色,,钩眉,花眼窝,随意形,碎鼻窝,,,,,jpg,425,512,31.7,96,96,24,2020.1.5,,,,,
modern_v1,037,data/raw/脸谱/整理工作/爬虫脸谱图集.zip::爬虫脸谱图集/opera-04-037-s.jpg,opera-04-037-s.jpg,爬虫脸谱图集/opera-04-037-s.jpg,37,037,蒋钦,甘露寺,三块瓦脸,user_confirmed_sequence_mapping,Project owner confirmed on 2026-09-20 that Excel 序号 and the image filename number are one-to-one for the current POPF dataset.,present,readable,JPEG,89,110,3385,1c7e7cb74c6df22c756957b39bd090499ca76a9166c23cf4179cde3b9b7da69a,1,no,jpg,413,513,not_evaluated,yes,,train,42,Sequence mapping is accepted for the current project dataset based on project-owner confirmation. Label analysis uses the current XLS raw 谱式 values.,037,38,37,,蒋钦,,将官类,净,武净,甘露寺,龙凤配、美人计,三国演义,通用,中文,孙权,三块瓦脸,勾脸,,蓝色,,钩眉,直眼窝,,卷鼻窝,,,,,jpg,413,513,25.5,96,96,24,2020.1.5,,,,,
modern_v1,038,data/raw/脸谱/整理工作/爬虫脸谱图集.zip::爬虫脸谱图集/opera-04-038-s.jpg,opera-04-038-s.jpg,爬虫脸谱图集/opera-04-038-s.jpg,38,038,凌统,甘宁百骑劫魏营,三块瓦脸,user_confirmed_sequence_mapping,Project owner confirmed on 2026-09-20 that Excel 序号 and the image filename number are one-to-one for the current POPF dataset.,present,readable,JPEG,92,110,3285,6321ffa1a965268ee54eaf63ac72dffe5b85d00f3bbd65f55636c776deffe9d7,1,no,jpg,429,512,not_evaluated,yes,,train,42,Sequence mapping is accepted for the current project dataset based on project-owner confirmation. Label analysis uses the current XLS raw 谱式 values.,038,39,38,,凌统,,将官类,净,武净,甘宁百骑劫魏营,,三国演义,袁国林,中文,甘宁,三块瓦脸,勾脸,,紫红色,,刀眉,直眼窝,如意钩形,满鼻窝,,,,,jpg,429,512,22.9,96,96,24,2020.1.5,,,,,
modern_v1,039,data/raw/脸谱/整理工作/爬虫脸谱图集.zip::爬虫脸谱图集/opera-04-039-s.jpg,opera-04-039-s.jpg,爬虫脸谱图集/opera-04-039-s.jpg,39,039,周泰,连营寨,三块瓦脸,user_confirmed_sequence_mapping,Project owner confirmed on 2026-09-20 that Excel 序号 and the image filename number are one-to-one for the current POPF dataset.,present,readable,JPEG,85,110,3061,95a20c97f6b07b26ce8f419d4d2226ad8950fd8dc23c0a395ff6bac854da7593,1,no,jpg,423,512,not_evaluated,yes,,test,42,Sequence mapping is accepted for the current project dataset based on project-owner confirmation. Label analysis uses the current XLS raw 谱式 values.,039,40,39,,周泰,,将官类,净,武净,连营寨,火烧连营七百里,三国演义,侯喜瑞,中文,甘宁,三块瓦脸,勾脸,,白色,,刀眉,大奸眼窝,胆形,尖鼻窝,,,,,jpg,423,512,22,96,96,24,2020.1.5,,,侯喜瑞（1892年2月23日-1983年2月22日），京剧净角。幼入富连成科班，先学梆子老生，后师从韩乐卿学架子花脸和武花脸戏。出科后拜黄润甫为师，颇得真传，并在严承师教基础上，根据自身条件扬长避短，形成新的艺术风格“侯派”，与金少山、郝寿臣三足鼎立。侯喜瑞虽然嗓音较哑，但字准音足，听起来简练隽永，字字入耳。早年在富连成社担任武生净行教师，晚年在中国戏曲学院、北京市戏曲学校任教。,,
modern_v1,040,data/raw/脸谱/整理工作/爬虫脸谱图集.zip::爬虫脸谱图集/opera-04-040-s.jpg,opera-04-040-s.jpg,爬虫脸谱图集/opera-04-040-s.jpg,40,040,周处,除三害,花三块瓦脸,user_confirmed_sequence_mapping,Project owner confirmed on 2026-09-20 that Excel 序号 and the image filename number are one-to-one for the current POPF dataset.,present,readable,JPEG,86,110,3264,8d2204bc6c33012c79c2722f0849ecf3d52a5bbccd3ef4f08181b7a0271acffb,1,no,jpg,401,512,not_evaluated,yes,,train,42,Sequence mapping is accepted for the current project dataset based on project-owner confirmation. Label analysis uses the current XLS raw 谱式 values.,040,41,40,,周处,,英雄类,净,副净,除三害,混天球、应天球、打虎斩蛟,世说新语,郝寿臣,中文,王浚,花三块瓦脸,勾脸,,红色,,狼牙眉,垂眼窝,随意形,碎鼻窝,,,,,jpg,401,512,24.9,96,96,24,2020.1.5,,,郝寿臣（1886年-1961年），著名京剧表演艺术家、教育家，工架子花脸。原籍河北香河，幼年随父迁京，从师吕福善、唐永常、朱子久、阎宝恒等学艺。郝寿臣融金秀山铜锤与黄润甫架子两家艺术于一炉，唱念上自成一格，创成被誉为“架子花脸铜锤唱”的郝派艺术。他以气魄取胜，唱念韵味浑厚，工架凝练，表演浑然一体。他艺术态度严谨，善于刻画人物，数十年艺术生涯中，在220余个剧目中扮演过160多个主要和次要角色。与侯喜瑞、金少山并称“净行三杰”。,,
modern_v1,041,data/raw/脸谱/整理工作/爬虫脸谱图集.zip::爬虫脸谱图集/opera-04-041-s.jpg,opera-04-041-s.jpg,爬虫脸谱图集/opera-04-041-s.jpg,41,041,秦英,乾坤带,花三块瓦脸,user_confirmed_sequence_mapping,Project owner confirmed on 2026-09-20 that Excel 序号 and the image filename number are one-to-one for the current POPF dataset.,present,readable,JPEG,88,110,5406,a94ba7f9f5ca05e184a57837a14445ec511725f8384d475ae560d178e77fbf7a,1,no,jpg,408,512,not_evaluated,yes,,validation,42,Sequence mapping is accepted for the current project dataset based on project-owner confirmation. Label analysis uses the current XLS raw 谱式 values.,041,42,41,,秦英,秦梦,将官类,净,武净,乾坤带,金水桥、秦英钓鱼,秦英征西,侯喜瑞,中文,秦怀玉,花三块瓦脸,勾脸,,红色,,,垂眼窝,桃形,蒜头鼻窝,雷公嘴,,,,jpg,408,512,31.5,96,96,24,2020.1.5,,,侯喜瑞（1892年2月23日-1983年2月22日），京剧净角。幼入富连成科班，先学梆子老生，后师从韩乐卿学架子花脸和武花脸戏。出科后拜黄润甫为师，颇得真传，并在严承师教基础上，根据自身条件扬长避短，形成新的艺术风格“侯派”，与金少山、郝寿臣三足鼎立。侯喜瑞虽然嗓音较哑，但字准音足，听起来简练隽永，字字入耳。早年在富连成社担任武生净行教师，晚年在中国戏曲学院、北京市戏曲学校任教。,,
modern_v1,042,data/raw/脸谱/整理工作/爬虫脸谱图集.zip::爬虫脸谱图集/opera-04-042-s.jpg,opera-04-042-s.jpg,爬虫脸谱图集/opera-04-042-s.jpg,42,042,窦一虎,棋盘山,碎脸,user_confirmed_sequence_mapping,Project owner confirmed on 2026-09-20 that Excel 序号 and the image filename number are one-to-one for the current POPF dataset.,present,readable,JPEG,89,110,5368,aa886fb42de15b1bb0e63276f0818c3bd041a21e099a91e7a81bb746e3e1357c,1,no,jpg,412,512,not_evaluated,yes,,train,42,Sequence mapping is accepted for the current project dataset based on project-owner confirmation. Label analysis uses the current XLS raw 谱式 values.,042,43,42,,窦一虎,,英雄类,净,副净,棋盘山,,征西演义,侯喜瑞,中文,窦仙童,碎脸,勾脸,,绿色,,狼牙眉,花眼窝,随意形,碎鼻窝,火盆嘴,,,,jpg,412,512,33.9,96,96,24,2020.1.5,,,侯喜瑞（1892年2月23日-1983年2月22日），京剧净角。幼入富连成科班，先学梆子老生，后师从韩乐卿学架子花脸和武花脸戏。出科后拜黄润甫为师，颇得真传，并在严承师教基础上，根据自身条件扬长避短，形成新的艺术风格“侯派”，与金少山、郝寿臣三足鼎立。侯喜瑞虽然嗓音较哑，但字准音足，听起来简练隽永，字字入耳。早年在富连成社担任武生净行教师，晚年在中国戏曲学院、北京市戏曲学校任教。,,
modern_v1,043,data/raw/脸谱/整理工作/爬虫脸谱图集.zip::爬虫脸谱图集/opera-04-043-s.jpg,opera-04-043-s.jpg,爬虫脸谱图集/opera-04-043-s.jpg,43,043,薛刚,闹花灯,三块瓦脸,user_confirmed_sequence_mapping,Project owner confirmed on 2026-09-20 that Excel 序号 and the image filename number are one-to-one for the current POPF dataset.,present,readable,JPEG,91,110,5274,3a549bee7bdc5be4abaefc93ea9a5098e68959f0537cc1c0e1741887ed1fda32,1,no,jpg,425,512,not_evaluated,yes,,test,42,Sequence mapping is accepted for the current project dataset based on project-owner confirmation. Label analysis uses the current XLS raw 谱式 values.,043,44,43,,薛刚,,将官类,净,副净,闹花灯,,薛刚反唐,杨小楼,中文,薛丁山,三块瓦脸,勾脸,,黑色,,螳螂眉,花眼窝,手形,碎鼻窝,虎嘴,,,,jpg,425,512,32.2,96,96,24,2020.1.5,,,杨小楼（1878年-1938年），名三元，安徽怀宁人，京剧武生演员，有“武生宗师”的盛誉。自幼入小荣椿社学艺，工武生。十七岁出科后，拜俞菊笙为师，又得谭鑫培等名家指点。杨小楼嗓音清脆洪亮，唱念均遵“奎派”风范，咬字清楚真切，间有京音，行腔朴直无华。在艺术上继承家学，同时博采众长，逐渐形成独树一帜的“杨派”。武打步法准确灵敏，无空招废式，贴切地表现人物的性格，着力体现意境，追求神似，也即“武戏文唱”的杨派特点。,,
modern_v1,044,data/raw/脸谱/整理工作/爬虫脸谱图集.zip::爬虫脸谱图集/opera-04-044-s.jpg,opera-04-044-s.jpg,爬虫脸谱图集/opera-04-044-s.jpg,44,044,苏宝同,界牌关,碎脸,user_confirmed_sequence_mapping,Project owner confirmed on 2026-09-20 that Excel 序号 and the image filename number are one-to-one for the current POPF dataset.,present,readable,JPEG,88,110,5407,801ea145dd5c2b3edd714ddf121c009f643a181f6ce5ca6ba7fe77086220054f,1,no,jpg,411,512,not_evaluated,yes,,train,42,Sequence mapping is accepted for the current project dataset based on project-owner confirmation. Label analysis uses the current XLS raw 谱式 values.,044,45,44,,苏宝同,,将官类,净,武净,界牌关,盘肠战,征西演义,侯喜瑞,中文,安殿宝,碎脸,勾脸,,黑色,,钩眉,,如意钩形,碎鼻窝,,,,,jpg,411,512,33.3,96,96,24,2020.1.5,,,侯喜瑞（1892年2月23日-1983年2月22日），京剧净角。幼入富连成科班，先学梆子老生，后师从韩乐卿学架子花脸和武花脸戏。出科后拜黄润甫为师，颇得真传，并在严承师教基础上，根据自身条件扬长避短，形成新的艺术风格“侯派”，与金少山、郝寿臣三足鼎立。侯喜瑞虽然嗓音较哑，但字准音足，听起来简练隽永，字字入耳。早年在富连成社担任武生净行教师，晚年在中国戏曲学院、北京市戏曲学校任教。,,
modern_v1,045,data/raw/脸谱/整理工作/爬虫脸谱图集.zip::爬虫脸谱图集/opera-04-045-s.jpg,opera-04-045-s.jpg,爬虫脸谱图集/opera-04-045-s.jpg,45,045,薛葵,徐策跑城,碎脸,user_confirmed_sequence_mapping,Project owner confirmed on 2026-09-20 that Excel 序号 and the image filename number are one-to-one for the current POPF dataset.,present,readable,JPEG,88,110,5688,a648cae64564d1aac7df83f5461429a55f0fdbead48e13fe316bd3ecc7c9dda8,1,no,jpg,411,512,not_evaluated,yes,,test,42,Sequence mapping is accepted for the current project dataset based on project-owner confirmation. Label analysis uses the current XLS raw 谱式 values.,045,46,45,,薛葵,,将官类,净,副净,徐策跑城,,薛刚反唐,王鸿寿,中文,徐策,碎脸,勾脸,,黑色,,红黄眉,,葵形,碎鼻窝,,,,,jpg,411,512,34.8,96,96,24,2020.1.5,,,,,
modern_v1,046,data/raw/脸谱/整理工作/爬虫脸谱图集.zip::爬虫脸谱图集/opera-04-046-s.jpg,opera-04-046-s.jpg,爬虫脸谱图集/opera-04-046-s.jpg,46,046,安殿宝,独木关,三块瓦脸,user_confirmed_sequence_mapping,Project owner confirmed on 2026-09-20 that Excel 序号 and the image filename number are one-to-one for the current POPF dataset.,present,readable,JPEG,88,110,4664,f14d8bd035707f484201d656c444143bdfda97f0d5d19a450154f72151d9bcea,1,no,jpg,411,512,not_evaluated,yes,,train,42,Sequence mapping is accepted for the current project dataset based on project-owner confirmation. Label analysis uses the current XLS raw 谱式 values.,046,47,46,,安殿宝,,将官类,净,武净,独木关,枪挑安殿宝、病挑安殿宝、薛礼叹月,征东全传,尚和玉,中文,薛仁贵,三块瓦脸,勾脸,,黄色,,螳螂眉,大奸眼窝,,卷鼻窝,,,,,jpg,411,512,26.3,96,96,24,2020.1.5,,,,,
modern_v1,047,data/raw/脸谱/整理工作/爬虫脸谱图集.zip::爬虫脸谱图集/opera-04-047-s.jpg,opera-04-047-s.jpg,爬虫脸谱图集/opera-04-047-s.jpg,47,047,巴兰,百花公主,三块瓦脸,user_confirmed_sequence_mapping,Project owner confirmed on 2026-09-20 that Excel 序号 and the image filename number are one-to-one for the current POPF dataset.,present,readable,JPEG,91,110,5152,875fd2d65fe87ff3b900da7f0acadec58fad45c8eda2a6e02010219f88f3e360,1,no,jpg,425,512,not_evaluated,yes,,test,42,Sequence mapping is accepted for the current project dataset based on project-owner confirmation. Label analysis uses the current XLS raw 谱式 values.,047,48,47,,巴兰,,将官类,净,武净,百花公主,,,王正屏,中文,百花公主,三块瓦脸,勾脸,,红色,,刀眉,老眼窝,火字形,满鼻窝,,,,,jpg,425,512,27.7,96,96,24,2020.1.5,,,,,
modern_v1,048,data/raw/脸谱/整理工作/爬虫脸谱图集.zip::爬虫脸谱图集/opera-04-048-s.jpg,opera-04-048-s.jpg,爬虫脸谱图集/opera-04-048-s.jpg,48,048,贺天龙,雁荡山,三块瓦脸,user_confirmed_sequence_mapping,Project owner confirmed on 2026-09-20 that Excel 序号 and the image filename number are one-to-one for the current POPF dataset.,present,readable,JPEG,93,110,4829,727ecdad46b97730576ec7ea4eb59bc7b2a30700378a3a60b6c1b0d669aca550,1,no,jpg,413,491,not_evaluated,yes,,train,42,Sequence mapping is accepted for the current project dataset based on project-owner confirmation. Label analysis uses the current XLS raw 谱式 values.,048,49,48,,贺天龙,,将官类,净,武净,雁荡山,,隋唐演义,钱金福,中文,孟海公,三块瓦脸,勾脸,,油白色,,螳螂眉,大奸眼窝,随意形,尖鼻窝,,,,,jpg,413,491,24.4,96,96,24,2020.1.5,,,,,
modern_v1,049,data/raw/脸谱/整理工作/爬虫脸谱图集.zip::爬虫脸谱图集/opera-05-049-s.jpg,opera-05-049-s.jpg,爬虫脸谱图集/opera-05-049-s.jpg,49,049,郭子仪,满床笏,六分脸,user_confirmed_sequence_mapping,Project owner confirmed on 2026-09-20 that Excel 序号 and the image filename number are one-to-one for the current POPF dataset.,present,readable,JPEG,88,110,4333,ab429e4c62d04928de0dc3ecaa06b4a70e25cda6ccf12fa3fbf968b6b6842b3c,1,no,jpg,411,512,not_evaluated,yes,,train,42,Sequence mapping is accepted for the current project dataset based on project-owner confirmation. Label analysis uses the current XLS raw 谱式 values.,049,50,49,,郭子仪,郭令公、郭汾阳,将官类,净,副净,满床笏,打金枝,隋唐演义,张二奎,中文,郭暧,六分脸,勾脸,,粉色,,老眉,老眼窝,立柱纹,满鼻窝,,,,,jpg,411,512,27.3,96,96,24,2020.1.5,,,,,
modern_v1,050,data/raw/脸谱/整理工作/爬虫脸谱图集.zip::爬虫脸谱图集/opera-05-050-s.jpg,opera-05-050-s.jpg,爬虫脸谱图集/opera-05-050-s.jpg,50,050,王彦章,双观星,象形脸,user_confirmed_sequence_mapping,Project owner confirmed on 2026-09-20 that Excel 序号 and the image filename number are one-to-one for the current POPF dataset.,present,readable,JPEG,87,110,5309,88be0763dff56184d2136f0e05945f84f25fd01e625427385524da68ff529c37,1,no,jpg,405,512,not_evaluated,yes,,train,42,Sequence mapping is accepted for the current project dataset based on project-owner confirmation. Label analysis uses the current XLS raw 谱式 values.,050,51,50,,王彦章,,将官类,净,副净,双观星,二童观星,残唐五代史演义,钱金福,中文,李克用,象形脸,勾脸,,黑色,,钩眉,,蛤蟆形,碎鼻窝,,,,,jpg,405,512,36.8,96,96,24,2020.1.5,,,,,
modern_v1,051,data/raw/脸谱/整理工作/爬虫脸谱图集.zip::爬虫脸谱图集/opera-05-051-s.jpg,opera-05-051-s.jpg,爬虫脸谱图集/opera-05-051-s.jpg,51,051,周德威,珠帘寨,三块瓦脸,user_confirmed_sequence_mapping,Project owner confirmed on 2026-09-20 that Excel 序号 and the image filename number are one-to-one for the current POPF dataset.,present,readable,JPEG,90,110,4900,2cdbba042cbd356c2e2d6b2a653b9b35f0bfe42ba8ab8ec2510601e6bd9bd5cc,1,no,jpg,417,512,not_evaluated,yes,,test,42,Sequence mapping is accepted for the current project dataset based on project-owner confirmation. Label analysis uses the current XLS raw 谱式 values.,051,52,51,,周德威,,将官类,净,武净,珠帘寨,竹帘寨、沙陀国、解宝收威,残唐五代史演义,侯喜瑞,中文,李克用,三块瓦脸,勾脸,,红色,,刀眉,直眼窝,胆形,满鼻窝,,,,,jpg,417,512,29.7,96,96,24,2020.1.5,,,侯喜瑞（1892年2月23日-1983年2月22日），京剧净角。幼入富连成科班，先学梆子老生，后师从韩乐卿学架子花脸和武花脸戏。出科后拜黄润甫为师，颇得真传，并在严承师教基础上，根据自身条件扬长避短，形成新的艺术风格“侯派”，与金少山、郝寿臣三足鼎立。侯喜瑞虽然嗓音较哑，但字准音足，听起来简练隽永，字字入耳。早年在富连成社担任武生净行教师，晚年在中国戏曲学院、北京市戏曲学校任教。,,
modern_v1,052,data/raw/脸谱/整理工作/爬虫脸谱图集.zip::爬虫脸谱图集/opera-05-052-s.jpg,opera-05-052-s.jpg,爬虫脸谱图集/opera-05-052-s.jpg,52,052,余洪,竹林计,碎脸,user_confirmed_sequence_mapping,Project owner confirmed on 2026-09-20 that Excel 序号 and the image filename number are one-to-one for the current POPF dataset.,present,readable,JPEG,87,110,5496,c60a1e0aa76766b617f69523b4fcec85c3508d114d2f7402c6131ef4c65f6fb9,1,no,jpg,403,512,not_evaluated,yes,,train,42,Sequence mapping is accepted for the current project dataset based on project-owner confirmation. Label analysis uses the current XLS raw 谱式 values.,052,53,52,,余洪,,将官类,净,武净,竹林计,火烧余洪,三下南唐,骆连翔,中文,赵匡胤,碎脸,勾脸,,黑色、金色,,,,随意形,碎鼻窝,,,,,jpg,403,512,37.1,96,96,24,2020.1.5,,,,,
modern_v1,053,data/raw/脸谱/整理工作/爬虫脸谱图集.zip::爬虫脸谱图集/opera-05-053-s.jpg,opera-05-053-s.jpg,爬虫脸谱图集/opera-05-053-s.jpg,53,053,郑恩,打龙棚,歪脸,user_confirmed_sequence_mapping,Project owner confirmed on 2026-09-20 that Excel 序号 and the image filename number are one-to-one for the current POPF dataset.,present,readable,JPEG,90,110,5357,b338781fc14e1b5d8b0f894210d55547154333d4a991d9adef4f8569ad968bb4,1,no,jpg,421,512,not_evaluated,no,class_below_min_samples_per_class_10,,42,Sequence mapping is accepted for the current project dataset based on project-owner confirmation. Label analysis uses the current XLS raw 谱式 values.,053,54,53,,郑恩,郑子明,将官类,净,副净,打龙棚,万里侯,飞龙传,郝寿臣,中文,赵匡胤,歪脸,勾脸,,黑色,,凝眉,,螺形,歪鼻窝,,,,,jpg,421,512,37.4,96,96,24,2020.1.5,,,郝寿臣（1886年-1961年），著名京剧表演艺术家、教育家，工架子花脸。原籍河北香河，幼年随父迁京，从师吕福善、唐永常、朱子久、阎宝恒等学艺。郝寿臣融金秀山铜锤与黄润甫架子两家艺术于一炉，唱念上自成一格，创成被誉为“架子花脸铜锤唱”的郝派艺术。他以气魄取胜，唱念韵味浑厚，工架凝练，表演浑然一体。他艺术态度严谨，善于刻画人物，数十年艺术生涯中，在220余个剧目中扮演过160多个主要和次要角色。与侯喜瑞、金少山并称“净行三杰”。,,
modern_v1,054,data/raw/脸谱/整理工作/爬虫脸谱图集.zip::爬虫脸谱图集/opera-05-054-s.jpg,opera-05-054-s.jpg,爬虫脸谱图集/opera-05-054-s.jpg,54,054,赵匡胤,斩黄袍,整脸,user_confirmed_sequence_mapping,Project owner confirmed on 2026-09-20 that Excel 序号 and the image filename number are one-to-one for the current POPF dataset.,present,readable,JPEG,89,110,4583,ed1a8d9b18265b2cd3b5b0ad4e4cb88f2ba47a95f74d99feaa58557243fdf371,1,no,jpg,414,512,not_evaluated,yes,,train,42,Sequence mapping is accepted for the current project dataset based on project-owner confirmation. Label analysis uses the current XLS raw 谱式 values.,054,55,54,,赵匡胤,宋太祖,将官类,生,红生,斩黄袍,斩郑恩、赐黄袍、桃花宫、酒醉桃花宫,飞龙传,刘鸿声,中文,郑恩,整脸,勾脸,,红色,,凝眉,,红色脑门,,,,,,jpg,414,512,28.7,96,96,24,2020.1.5,,,刘鸿声（1876—1921），字子余，号泽滨，北京人。京剧老生名家，因业余爱好京剧而加入班社演唱。初演铜锤花脸，宗穆风山一派，后改唱老生，以嗓音高亢、挺拔、流利而著名，世称“刘派”。刘鸿声因跛足，又无幼工，故基本没有靠把戏、武老生戏及特殊的表演技艺，以唱功戏为主。他以奎派的唱腔为基础，吸收各派老生的唱法，因嗓音高而音域窄，乃形成一种独特唱法，别具韵味，以唱工独具特色为主要标志。,,
modern_v1,055,data/raw/脸谱/整理工作/爬虫脸谱图集.zip::爬虫脸谱图集/opera-05-055-s.jpg,opera-05-055-s.jpg,爬虫脸谱图集/opera-05-055-s.jpg,55,055,呼延赞,龙虎斗,碎脸,user_confirmed_sequence_mapping,Project owner confirmed on 2026-09-20 that Excel 序号 and the image filename number are one-to-one for the current POPF dataset.,present,readable,JPEG,88,110,5469,e9231f2e366c4d895d21db54ed5b7f0a72216eddeadd864582225ebcb6560811,1,no,jpg,408,512,not_evaluated,yes,,train,42,Sequence mapping is accepted for the current project dataset based on project-owner confirmation. Label analysis uses the current XLS raw 谱式 values.,055,56,55,,呼延赞,,将官类,净,武净,龙虎斗,风云会、下河东、白龙关,杨家将演义,朱斌仙,中文,赵匡胤,碎脸,勾脸,,黑色,,点眉,环眼窝,王字形,碎鼻窝,虎嘴,,,,jpg,408,512,38,96,96,24,2020.1.5,,,,,
modern_v1,056,data/raw/脸谱/整理工作/爬虫脸谱图集.zip::爬虫脸谱图集/opera-05-056-s.jpg,opera-05-056-s.jpg,爬虫脸谱图集/opera-05-056-s.jpg,56,056,崔子健,佘赛花,十字门脸,user_confirmed_sequence_mapping,Project owner confirmed on 2026-09-20 that Excel 序号 and the image filename number are one-to-one for the current POPF dataset.,present,readable,JPEG,89,110,5074,808e4b3ef52cb3a85e4bb747833b06228cd499257ba5b6b64fd6c2d41ddf9e99,1,no,jpg,414,512,not_evaluated,yes,,train,42,Sequence mapping is accepted for the current project dataset based on project-owner confirmation. Label analysis uses the current XLS raw 谱式 values.,056,57,56,,崔子健,,将官类,净,副净,佘赛花,佘塘关,残唐五代史演义,通用,中文,杨业,十字门脸,勾脸,,红色,,蝙蝠眉,鸟眼窝,立柱纹,卷鼻窝,,,,,jpg,414,512,31,96,96,24,2020.1.5,,,,,
modern_v1,057,data/raw/脸谱/整理工作/爬虫脸谱图集.zip::爬虫脸谱图集/opera-05-057-s.jpg,opera-05-057-s.jpg,爬虫脸谱图集/opera-05-057-s.jpg,57,057,钟离春,湘江会,碎脸,user_confirmed_sequence_mapping,Project owner confirmed on 2026-09-20 that Excel 序号 and the image filename number are one-to-one for the current POPF dataset.,present,readable,JPEG,90,110,5113,901db0a9016c29c41ab847a89591c4aa134592746285ab5b755f75614781126a,1,no,jpg,412,502,not_evaluated,yes,,train,42,Sequence mapping is accepted for the current project dataset based on project-owner confirmation. Label analysis uses the current XLS raw 谱式 values.,057,58,57,,钟离春,钟无艳,将官类,旦,,湘江会,,列女传,张玉文,中文,晏婴,碎脸,勾脸,,蓝色,,柳叶眉,鸟眼窝,莲花形,哭鼻窝,虎嘴,,,,jpg,412,502,35.6,96,96,24,2020.1.5,,,,,
modern_v1,058,data/raw/脸谱/整理工作/爬虫脸谱图集.zip::爬虫脸谱图集/opera-05-058-s.jpg,opera-05-058-s.jpg,爬虫脸谱图集/opera-05-058-s.jpg,58,058,里克,蜜蜂计,碎脸,user_confirmed_sequence_mapping,Project owner confirmed on 2026-09-20 that Excel 序号 and the image filename number are one-to-one for the current POPF dataset.,present,readable,JPEG,90,110,5445,138cf23f716e83cb4b795e61178a29886a6fb5e98e9381a7aef0e5ebfbe10379,1,no,jpg,412,502,not_evaluated,yes,,train,42,Sequence mapping is accepted for the current project dataset based on project-owner confirmation. Label analysis uses the current XLS raw 谱式 values.,058,59,58,,里克,,将官类,净,武净,蜜蜂计,骊姬祸,东周列国志,,中文,,碎脸,勾脸,,黑色,,蝙蝠眉,垂眼窝,点形,转鼻窝,,,,,jpg,412,502,35.8,96,96,24,2020.1.5,,,,,
modern_v1,059,data/raw/脸谱/整理工作/爬虫脸谱图集.zip::爬虫脸谱图集/opera-05-059-s.jpg,opera-05-059-s.jpg,爬虫脸谱图集/opera-05-059-s.jpg,59,059,毛奔,五雷阵,花三块瓦脸,user_confirmed_sequence_mapping,Project owner confirmed on 2026-09-20 that Excel 序号 and the image filename number are one-to-one for the current POPF dataset.,present,readable,JPEG,90,110,4917,bdb709e8e82478de588c42382ebe03fd8acf0c5dab5077510fccd2f482bd39a1,1,no,jpg,412,502,not_evaluated,yes,,train,42,Sequence mapping is accepted for the current project dataset based on project-owner confirmation. Label analysis uses the current XLS raw 谱式 values.,059,60,59,,毛奔,毛逩,将官类,净,副净,五雷阵,孙庞斗智、兵吞六国,东周列国志,通用,中文,庞涓,花三块瓦脸,勾脸,,灰色,,,尖眼窝,如意钩形,碎鼻窝,,,,,jpg,412,502,33.2,96,96,24,2020.1.5,,,,,
modern_v1,060,data/raw/脸谱/整理工作/爬虫脸谱图集.zip::爬虫脸谱图集/opera-05-060-s.jpg,opera-05-060-s.jpg,爬虫脸谱图集/opera-05-060-s.jpg,60,060,雷震子,攻潼关,象形脸,user_confirmed_sequence_mapping,Project owner confirmed on 2026-09-20 that Excel 序号 and the image filename number are one-to-one for the current POPF dataset.,present,readable,JPEG,90,110,5276,e5188b14ca7f73feb356af286f9db559911dcaaad33f5e8520b02dea3c91b1f0,1,no,jpg,412,502,not_evaluated,yes,,test,42,Sequence mapping is accepted for the current project dataset based on project-owner confirmation. Label analysis uses the current XLS raw 谱式 values.,060,61,60,,雷震子,雷振子,神怪类,净,武净,攻潼关,氤氲阵,封神演义,钱金福,中文,姬昌,象形脸,勾脸,,蓝色,,云眉,尖眼窝,明镜形,蒜头鼻窝,雷公嘴,,,,jpg,412,502,37.9,96,96,24,2020.1.5,,,,,
modern_v1,061,data/raw/脸谱/整理工作/爬虫脸谱图集.zip::爬虫脸谱图集/opera-06-061-s.jpg,opera-06-061-s.jpg,爬虫脸谱图集/opera-06-061-s.jpg,61,061,魏绛,赵氏孤儿,三块瓦脸,user_confirmed_sequence_mapping,Project owner confirmed on 2026-09-20 that Excel 序号 and the image filename number are one-to-one for the current POPF dataset.,present,readable,JPEG,90,110,4473,5d6608ff04ead07eff4bc720a0f1fbf6dc25e71a4c6f0bdb8f073e40a374e5bb,1,no,jpg,412,502,not_evaluated,yes,,train,42,Sequence mapping is accepted for the current project dataset based on project-owner confirmation. Label analysis uses the current XLS raw 谱式 values.,061,62,61,,魏绛,魏庄子,将官类,净,正净,赵氏孤儿,搜孤救孤,东周列国志,裘盛戎,中文,屠岸贾,三块瓦脸,勾脸,,粉红色,,刀眉,老眼窝,随意形,满鼻窝,,,,,jpg,412,502,28,96,96,24,2020.1.5,,,,,
modern_v1,062,data/raw/脸谱/整理工作/爬虫脸谱图集.zip::爬虫脸谱图集/opera-06-062-s.jpg,opera-06-062-s.jpg,爬虫脸谱图集/opera-06-062-s.jpg,62,062,颍考叔,伐子都,三块瓦脸,user_confirmed_sequence_mapping,Project owner confirmed on 2026-09-20 that Excel 序号 and the image filename number are one-to-one for the current POPF dataset.,present,readable,JPEG,90,110,4921,79c17bcdddad4f5ebf89b50e56f5b2a631ddd69e4355b82d1077f0f1eaaf49bf,1,no,jpg,412,502,not_evaluated,yes,,train,42,Sequence mapping is accepted for the current project dataset based on project-owner confirmation. Label analysis uses the current XLS raw 谱式 values.,062,63,62,,颍考叔,考叔,将官类,净,副净,伐子都,牛脾山、罚子都、搴旗夺车,东周列国志,郭元汾,中文,惠南王,三块瓦脸,勾脸,,红色,,直眉,直眼窝,钱形,满鼻窝,,,,,jpg,412,502,27.2,96,96,24,2020.1.5,,,郭元汾（？-1962年），京剧净角，京剧演员郭春山先生的长子。在入富连成科班后主攻铜锤花脸。郭元汾在唱法上不尚雕饰，吐字行腔遵循传统，追求严谨朴拙的风格，极少个人的发挥创造。他的唱功可称是黄钟大吕，声震屋瓦，他的做功边式好看，细腻传神，是位不可多得的全才净角。解放后调入北京，编入解放军总政治部文工团京剧团，后并入中国京剧院，列为四团。1958年郭元汾随四团支援宁夏，成立宁夏回族自治区京剧团。,,
modern_v1,063,data/raw/脸谱/整理工作/爬虫脸谱图集.zip::爬虫脸谱图集/opera-06-063-s.jpg,opera-06-063-s.jpg,爬虫脸谱图集/opera-06-063-s.jpg,63,063,先蔑,摘缨会,十字门脸,user_confirmed_sequence_mapping,Project owner confirmed on 2026-09-20 that Excel 序号 and the image filename number are one-to-one for the current POPF dataset.,present,readable,JPEG,90,110,4591,3b0b6384fb8b25ab1c184dc3bedeab5545d5a73536c6604fc780c91f41f8c510,1,no,jpg,412,502,not_evaluated,yes,,train,42,Sequence mapping is accepted for the current project dataset based on project-owner confirmation. Label analysis uses the current XLS raw 谱式 values.,063,64,63,,先蔑,,将官类,净,武净,摘缨会,晋楚交兵、功臣宴、绝缨会,东周列国志,钱金福,中文,楚庄王,十字门脸,勾脸,,黑色,,锯齿眉,大奸眼窝,立柱纹,卷鼻窝,,,,,jpg,412,502,30.8,96,96,24,2020.1.5,,,,,
modern_v1,064,data/raw/脸谱/整理工作/爬虫脸谱图集.zip::爬虫脸谱图集/opera-06-064-s.jpg,opera-06-064-s.jpg,爬虫脸谱图集/opera-06-064-s.jpg,64,064,屠岸贾,赵氏孤儿,花三块瓦脸,user_confirmed_sequence_mapping,Project owner confirmed on 2026-09-20 that Excel 序号 and the image filename number are one-to-one for the current POPF dataset.,present,readable,JPEG,90,110,4694,8ca1ed564d4bcae1e8eeeaf1a5f11a93d9cb2b40d9368e8a0984733c1a41b858,1,no,jpg,412,502,not_evaluated,yes,,validation,42,Sequence mapping is accepted for the current project dataset based on project-owner confirmation. Label analysis uses the current XLS raw 谱式 values.,064,65,64,,屠岸贾,,将官类,净,副净,赵氏孤儿,搜孤救孤,东周列国志,郝寿臣,中文,魏绛,花三块瓦脸,勾脸,,,,奸眉,垂眼窝,立柱纹,圆鼻窝,,,,,jpg,412,502,32.7,96,96,24,2020.1.5,,,郝寿臣（1886年-1961年），著名京剧表演艺术家、教育家，工架子花脸。原籍河北香河，幼年随父迁京，从师吕福善、唐永常、朱子久、阎宝恒等学艺。郝寿臣融金秀山铜锤与黄润甫架子两家艺术于一炉，唱念上自成一格，创成被誉为“架子花脸铜锤唱”的郝派艺术。他以气魄取胜，唱念韵味浑厚，工架凝练，表演浑然一体。他艺术态度严谨，善于刻画人物，数十年艺术生涯中，在220余个剧目中扮演过160多个主要和次要角色。与侯喜瑞、金少山并称“净行三杰”。,,
modern_v1,065,data/raw/脸谱/整理工作/爬虫脸谱图集.zip::爬虫脸谱图集/opera-06-065-s.jpg,opera-06-065-s.jpg,爬虫脸谱图集/opera-06-065-s.jpg,65,065,王陵,陵母伏剑,三块瓦脸,user_confirmed_sequence_mapping,Project owner confirmed on 2026-09-20 that Excel 序号 and the image filename number are one-to-one for the current POPF dataset.,present,readable,JPEG,90,110,4878,07e5b058a103c8605eb02328b02ba8b9e23909d252d5bd6d2dd599a46b4d850a,1,no,jpg,412,502,not_evaluated,yes,,train,42,Sequence mapping is accepted for the current project dataset based on project-owner confirmation. Label analysis uses the current XLS raw 谱式 values.,065,66,65,,王陵,,将官类,净,副净,陵母伏剑,,汉书·王陵传,通用,中文,,三块瓦脸,勾脸,,红色,,凝眉,直眼窝,如意钩形,满鼻窝,,,,,jpg,412,502,31.3,96,96,24,2020.1.5,,,,,
modern_v1,066,data/raw/脸谱/整理工作/爬虫脸谱图集.zip::爬虫脸谱图集/opera-06-066-s.jpg,opera-06-066-s.jpg,爬虫脸谱图集/opera-06-066-s.jpg,66,066,夏侯婴,,,user_confirmed_sequence_mapping,Project owner confirmed on 2026-09-20 that Excel 序号 and the image filename number are one-to-one for the current POPF dataset.,missing,readable,JPEG,90,110,4547,0eec9e15a62d2892f4aa956fc248714d271e6621fe7d5d61c944e236d16973f9,1,no,jpg,412,502,not_evaluated,no,missing_raw_face_type,,42,Sequence mapping is accepted for the current project dataset based on project-owner confirmation. Label analysis uses the current XLS raw 谱式 values.,066,67,66,,夏侯婴,,,丑,,,,,,中文,,,,,,,,,,,,,,,jpg,412,502,30.3,96,96,24,2020.1.5,,,,,
modern_v1,067,data/raw/脸谱/整理工作/爬虫脸谱图集.zip::爬虫脸谱图集/opera-06-067-s.jpg,opera-06-067-s.jpg,爬虫脸谱图集/opera-06-067-s.jpg,67,067,英布,霸王别姬,碎脸,user_confirmed_sequence_mapping,Project owner confirmed on 2026-09-20 that Excel 序号 and the image filename number are one-to-one for the current POPF dataset.,present,readable,JPEG,90,110,5563,24cae68aec9b811183146657b1ed398de72c32e79c7821313d3ded4f2db264ee,1,no,jpg,412,502,not_evaluated,yes,,validation,42,Sequence mapping is accepted for the current project dataset based on project-owner confirmation. Label analysis uses the current XLS raw 谱式 values.,067,68,67,,英布,,将官类,净,武净,霸王别姬,九里山、楚汉争、十面埋伏、垓下围、乌江自刎、乌江恨,史记·项羽本纪,杨小楼,中文,项羽,碎脸,勾脸,,黄色,,,,随意形,碎鼻窝,火盆嘴,,,,jpg,412,502,38.9,96,96,24,2020.1.5,,,杨小楼（1878年-1938年），名三元，安徽怀宁人，京剧武生演员，有“武生宗师”的盛誉。自幼入小荣椿社学艺，工武生。十七岁出科后，拜俞菊笙为师，又得谭鑫培等名家指点。杨小楼嗓音清脆洪亮，唱念均遵“奎派”风范，咬字清楚真切，间有京音，行腔朴直无华。在艺术上继承家学，同时博采众长，逐渐形成独树一帜的“杨派”。武打步法准确灵敏，无空招废式，贴切地表现人物的性格，着力体现意境，追求神似，也即“武戏文唱”的杨派特点。,,
modern_v1,068,data/raw/脸谱/整理工作/爬虫脸谱图集.zip::爬虫脸谱图集/opera-06-068-s.jpg,opera-06-068-s.jpg,爬虫脸谱图集/opera-06-068-s.jpg,68,068,项羽,霸王别姬,花三块瓦脸,user_confirmed_sequence_mapping,Project owner confirmed on 2026-09-20 that Excel 序号 and the image filename number are one-to-one for the current POPF dataset.,present,readable,JPEG,90,110,4421,309b302ce0581cc321cb6421c5c0f7d8614439f75f647e5ae2ee07ca437db1e4,1,no,jpg,412,502,not_evaluated,yes,,train,42,Sequence mapping is accepted for the current project dataset based on project-owner confirmation. Label analysis uses the current XLS raw 谱式 values.,068,69,68,,项羽,霸王,将官类,净,武净,霸王别姬,九里山、楚汉争、十面埋伏、垓下围、乌江自刎、乌江恨,史记·项羽本纪,郝寿臣,中文,虞姬,花三块瓦脸,勾脸,,黑色,,寿字眉,倭口眼窝,立柱纹,哭鼻窝,,,,,jpg,412,502,30.6,96,96,24,2020.1.5,,,郝寿臣（1886年-1961年），著名京剧表演艺术家、教育家，工架子花脸。原籍河北香河，幼年随父迁京，从师吕福善、唐永常、朱子久、阎宝恒等学艺。郝寿臣融金秀山铜锤与黄润甫架子两家艺术于一炉，唱念上自成一格，创成被誉为“架子花脸铜锤唱”的郝派艺术。他以气魄取胜，唱念韵味浑厚，工架凝练，表演浑然一体。他艺术态度严谨，善于刻画人物，数十年艺术生涯中，在220余个剧目中扮演过160多个主要和次要角色。与侯喜瑞、金少山并称“净行三杰”。,,
modern_v1,069,data/raw/脸谱/整理工作/爬虫脸谱图集.zip::爬虫脸谱图集/opera-06-069-s.jpg,opera-06-069-s.jpg,爬虫脸谱图集/opera-06-069-s.jpg,69,069,彭越,霸王别姬,三块瓦脸,user_confirmed_sequence_mapping,Project owner confirmed on 2026-09-20 that Excel 序号 and the image filename number are one-to-one for the current POPF dataset.,present,readable,JPEG,90,110,5084,06c1888610f123553b281c1e77d3c03f6b20cb02e727b11170fd9d202055a61b,1,no,jpg,412,502,not_evaluated,yes,,train,42,Sequence mapping is accepted for the current project dataset based on project-owner confirmation. Label analysis uses the current XLS raw 谱式 values.,069,70,69,,彭越,,将官类,净,武净,霸王别姬,九里山、楚汉争、十面埋伏、垓下围、乌江自刎、乌江恨,史记·项羽本纪,通用,中文,项羽,三块瓦脸,勾脸,,紫红色,,细眉,,随意形,碎鼻窝,火盆嘴,,,,jpg,412,502,41.6,96,96,24,2020.1.5,,,,,
modern_v1,070,data/raw/脸谱/整理工作/爬虫脸谱图集.zip::爬虫脸谱图集/opera-06-070-s.jpg,opera-06-070-s.jpg,爬虫脸谱图集/opera-06-070-s.jpg,70,070,吕马童,霸王别姬,三块瓦脸,user_confirmed_sequence_mapping,Project owner confirmed on 2026-09-20 that Excel 序号 and the image filename number are one-to-one for the current POPF dataset.,present,readable,JPEG,90,110,5050,d4da2a77314ce62c11deeba0cf1af2b6d64c7beccb4aa162de2e6cb46e09572e,1,no,jpg,412,502,not_evaluated,yes,,train,42,Sequence mapping is accepted for the current project dataset based on project-owner confirmation. Label analysis uses the current XLS raw 谱式 values.,070,71,70,,吕马童,,将官类,净,副净,霸王别姬,九里山、楚汉争、十面埋伏、垓下围、乌江自刎、乌江恨,史记·项羽本纪,通用,中文,项羽,三块瓦脸,勾脸,,棕色,,,尖眼窝,如意钩形,碎鼻窝,,,,,jpg,412,502,37.5,96,96,24,2020.1.5,,,,,
modern_v1,071,data/raw/脸谱/整理工作/爬虫脸谱图集.zip::爬虫脸谱图集/opera-06-071-s.jpg,opera-06-071-s.jpg,爬虫脸谱图集/opera-06-071-s.jpg,71,071,铫期,草桥关,十字门脸,user_confirmed_sequence_mapping,Project owner confirmed on 2026-09-20 that Excel 序号 and the image filename number are one-to-one for the current POPF dataset.,present,readable,JPEG,90,110,3786,e649136fd00a3d49b8dcea9b781c22fcfe969eea8f49dedcc3db92a3166f3132,1,no,jpg,412,502,not_evaluated,yes,,train,42,Sequence mapping is accepted for the current project dataset based on project-owner confirmation. Label analysis uses the current XLS raw 谱式 values.,071,72,71,,铫期,,将官类,净,武净,草桥关,威镇草桥、思念功臣、万花亭,东汉演义,郝寿臣,中文,郭荣,十字门脸,勾脸,,白色,,老眉,老眼窝,立柱纹,满鼻窝,,,,,jpg,412,502,25.1,96,96,24,2020.1.5,,,郝寿臣（1886年-1961年），著名京剧表演艺术家、教育家，工架子花脸。原籍河北香河，幼年随父迁京，从师吕福善、唐永常、朱子久、阎宝恒等学艺。郝寿臣融金秀山铜锤与黄润甫架子两家艺术于一炉，唱念上自成一格，创成被誉为“架子花脸铜锤唱”的郝派艺术。他以气魄取胜，唱念韵味浑厚，工架凝练，表演浑然一体。他艺术态度严谨，善于刻画人物，数十年艺术生涯中，在220余个剧目中扮演过160多个主要和次要角色。与侯喜瑞、金少山并称“净行三杰”。,,
modern_v1,072,data/raw/脸谱/整理工作/爬虫脸谱图集.zip::爬虫脸谱图集/opera-06-072-s.jpg,opera-06-072-s.jpg,爬虫脸谱图集/opera-06-072-s.jpg,72,072,吴汉,长安闱,三块瓦脸,user_confirmed_sequence_mapping,Project owner confirmed on 2026-09-20 that Excel 序号 and the image filename number are one-to-one for the current POPF dataset.,present,readable,JPEG,90,110,4894,277cd7ce9d00ccc9db8020864fa4f8a7d6d3b9528dc19d1e6de45255b0a8d2da,1,no,jpg,412,502,not_evaluated,yes,,train,42,Sequence mapping is accepted for the current project dataset based on project-owner confirmation. Label analysis uses the current XLS raw 谱式 values.,072,73,72,,吴汉,,将官类,净,副净,长安闱,杀妻犒军、献长安、吃人肉,东汉演义,郭元汾,中文,刘秀,三块瓦脸,勾脸,,红色,,直眉,直眼窝,锥形,卷鼻窝,,,,,jpg,412,502,29.6,96,96,24,2020.1.5,,,郭元汾（？-1962年），京剧净角，京剧演员郭春山先生的长子。在入富连成科班后主攻铜锤花脸。郭元汾在唱法上不尚雕饰，吐字行腔遵循传统，追求严谨朴拙的风格，极少个人的发挥创造。他的唱功可称是黄钟大吕，声震屋瓦，他的做功边式好看，细腻传神，是位不可多得的全才净角。解放后调入北京，编入解放军总政治部文工团京剧团，后并入中国京剧院，列为四团。1958年郭元汾随四团支援宁夏，成立宁夏回族自治区京剧团。,,
modern_v1,073,data/raw/脸谱/整理工作/爬虫脸谱图集.zip::爬虫脸谱图集/opera-07-073-s.jpg,opera-07-073-s.jpg,爬虫脸谱图集/opera-07-073-s.jpg,73,073,魏延,战长沙,花三块瓦脸,user_confirmed_sequence_mapping,Project owner confirmed on 2026-09-20 that Excel 序号 and the image filename number are one-to-one for the current POPF dataset.,present,readable,JPEG,89,110,3656,684f8c235159daff5a0fc455c8aa74f0ae4b0dbfd9b945394a12997d7de1c3c2,1,no,jpg,365,450,not_evaluated,yes,,train,42,Sequence mapping is accepted for the current project dataset based on project-owner confirmation. Label analysis uses the current XLS raw 谱式 values.,073,74,73,,魏延,魏文长,将官类,净,武净,战长沙,,三国演义,郝寿臣,中文,关羽,花三块瓦脸,勾脸,,紫红色,,凝眉,大奸眼窝,立柱纹,卷鼻窝,,,,,jpg,365,450,25,96,96,24,2020.1.5,,,郝寿臣（1886年-1961年），著名京剧表演艺术家、教育家，工架子花脸。原籍河北香河，幼年随父迁京，从师吕福善、唐永常、朱子久、阎宝恒等学艺。郝寿臣融金秀山铜锤与黄润甫架子两家艺术于一炉，唱念上自成一格，创成被誉为“架子花脸铜锤唱”的郝派艺术。他以气魄取胜，唱念韵味浑厚，工架凝练，表演浑然一体。他艺术态度严谨，善于刻画人物，数十年艺术生涯中，在220余个剧目中扮演过160多个主要和次要角色。与侯喜瑞、金少山并称“净行三杰”。,,
modern_v1,074,data/raw/脸谱/整理工作/爬虫脸谱图集.zip::爬虫脸谱图集/opera-07-074-s.jpg,opera-07-074-s.jpg,爬虫脸谱图集/opera-07-074-s.jpg,74,074,孟达,走麦城,元宝脸,user_confirmed_sequence_mapping,Project owner confirmed on 2026-09-20 that Excel 序号 and the image filename number are one-to-one for the current POPF dataset.,present,readable,JPEG,86,110,2942,874576c1fffb7673d4a456e587db7c3d53ea7b1b684117fe1826bf4c7db68e48,1,no,jpg,351,450,not_evaluated,no,class_below_min_samples_per_class_10,,42,Sequence mapping is accepted for the current project dataset based on project-owner confirmation. Label analysis uses the current XLS raw 谱式 values.,074,75,74,,孟达,孟子度,将官类,净,副净,走麦城,麦城升天、白衣渡江、荆州失计,三国演义,朱斌仙,中文,刘封,元宝脸,勾脸,,,,本眉,,,尖鼻窝,,,,,jpg,351,450,20.4,96,96,24,2020.1.5,,,,,
modern_v1,075,data/raw/脸谱/整理工作/爬虫脸谱图集.zip::爬虫脸谱图集/opera-07-075-s.jpg,opera-07-075-s.jpg,爬虫脸谱图集/opera-07-075-s.jpg,75,075,严颜,过巴州,六分脸,user_confirmed_sequence_mapping,Project owner confirmed on 2026-09-20 that Excel 序号 and the image filename number are one-to-one for the current POPF dataset.,present,readable,JPEG,90,110,2622,f013152aa3a02e4eaf647564e8b64c8ea6ea4c044641b84d95560aa63ca601bd,1,no,jpg,367,450,not_evaluated,yes,,train,42,Sequence mapping is accepted for the current project dataset based on project-owner confirmation. Label analysis uses the current XLS raw 谱式 values.,075,76,75,,严颜,,将官类,生,老生,过巴州,收严颜、夜过巴州、两张飞、义释严颜,三国演义,侯喜瑞,中文,张飞,六分脸,勾脸,,粉红色,,老眉,,立柱纹,,,,,,jpg,367,450,19.3,96,96,24,2020.1.5,,,侯喜瑞（1892年2月23日-1983年2月22日），京剧净角。幼入富连成科班，先学梆子老生，后师从韩乐卿学架子花脸和武花脸戏。出科后拜黄润甫为师，颇得真传，并在严承师教基础上，根据自身条件扬长避短，形成新的艺术风格“侯派”，与金少山、郝寿臣三足鼎立。侯喜瑞虽然嗓音较哑，但字准音足，听起来简练隽永，字字入耳。早年在富连成社担任武生净行教师，晚年在中国戏曲学院、北京市戏曲学校任教。,,
modern_v1,076,data/raw/脸谱/整理工作/爬虫脸谱图集.zip::爬虫脸谱图集/opera-07-076-s.jpg,opera-07-076-s.jpg,爬虫脸谱图集/opera-07-076-s.jpg,76,076,沙摩柯,连营寨,花三块瓦脸,user_confirmed_sequence_mapping,Project owner confirmed on 2026-09-20 that Excel 序号 and the image filename number are one-to-one for the current POPF dataset.,present,readable,JPEG,89,110,3779,db0a6cfb89b813890d6a8639928c4045ebcb467358db09e4cee007375e900eab,1,no,jpg,366,450,not_evaluated,yes,,train,42,Sequence mapping is accepted for the current project dataset based on project-owner confirmation. Label analysis uses the current XLS raw 谱式 values.,076,77,76,,沙摩柯,,将官类,净,武净,连营寨,火烧连营七百里,三国演义,通用,中文,周泰,花三块瓦脸,勾脸,,灰色,,,,随意形,碎鼻窝,虎嘴,,,,jpg,366,450,27,96,96,24,2020.1.5,,,,,
modern_v1,077,data/raw/脸谱/整理工作/爬虫脸谱图集.zip::爬虫脸谱图集/opera-07-077-s.jpg,opera-07-077-s.jpg,爬虫脸谱图集/opera-07-077-s.jpg,77,077,姜维,铁笼山,三块瓦脸,user_confirmed_sequence_mapping,Project owner confirmed on 2026-09-20 that Excel 序号 and the image filename number are one-to-one for the current POPF dataset.,present,readable,JPEG,88,110,3718,33e30177fb6e5ef8d3bc787e0985ee80335a01cc264b974c9dbe84678a6d4958,1,no,jpg,361,450,not_evaluated,yes,,train,42,Sequence mapping is accepted for the current project dataset based on project-owner confirmation. Label analysis uses the current XLS raw 谱式 values.,077,78,77,,姜维,姜伯约,将官类,净,武净,铁笼山,草上坡、九伐中原、山顶拜泉、败阵祈泉、大战蛮兵,三国演义,杨小楼,中文,郭淮,三块瓦脸,勾脸,,红色,,直眉,直眼窝,太极形,卷鼻窝,,,,,jpg,361,450,23,96,96,24,2020.1.5,,,杨小楼（1878年-1938年），名三元，安徽怀宁人，京剧武生演员，有“武生宗师”的盛誉。自幼入小荣椿社学艺，工武生。十七岁出科后，拜俞菊笙为师，又得谭鑫培等名家指点。杨小楼嗓音清脆洪亮，唱念均遵“奎派”风范，咬字清楚真切，间有京音，行腔朴直无华。在艺术上继承家学，同时博采众长，逐渐形成独树一帜的“杨派”。武打步法准确灵敏，无空招废式，贴切地表现人物的性格，着力体现意境，追求神似，也即“武戏文唱”的杨派特点。,,
modern_v1,078,data/raw/脸谱/整理工作/爬虫脸谱图集.zip::爬虫脸谱图集/opera-07-078-s.jpg,opera-07-078-s.jpg,爬虫脸谱图集/opera-07-078-s.jpg,78,078,夏侯德,定军山,碎脸,user_confirmed_sequence_mapping,Project owner confirmed on 2026-09-20 that Excel 序号 and the image filename number are one-to-one for the current POPF dataset.,present,readable,JPEG,88,110,3734,afaec35136cd327d295d39a94da8f1bb56d7b59918d1d7ddba6ea0f9546764c8,1,no,jpg,358,450,not_evaluated,yes,,train,42,Sequence mapping is accepted for the current project dataset based on project-owner confirmation. Label analysis uses the current XLS raw 谱式 values.,078,79,78,,夏侯德,,将官类,净,武净,定军山,一战成功、老将得胜、取东川,三国演义,王长林,中文,夏侯渊,碎脸,勾脸,,绿色,,,垂眼窝,钱形,碎鼻窝,,,,,jpg,358,450,28.2,96,96,24,2020.1.5,,,,,
modern_v1,079,data/raw/脸谱/整理工作/爬虫脸谱图集.zip::爬虫脸谱图集/opera-07-079-s.jpg,opera-07-079-s.jpg,爬虫脸谱图集/opera-07-079-s.jpg,79,079,张苞,连营寨,十字门脸,user_confirmed_sequence_mapping,Project owner confirmed on 2026-09-20 that Excel 序号 and the image filename number are one-to-one for the current POPF dataset.,present,readable,JPEG,90,110,3356,ff59fd8e38ac0d56eabd63769680d3a97ad051694fb020d13e0a9e151b4cf6fc,1,no,jpg,370,450,not_evaluated,yes,,train,42,Sequence mapping is accepted for the current project dataset based on project-owner confirmation. Label analysis uses the current XLS raw 谱式 values.,079,80,79,,张苞,,将官类,净,武净,连营寨,火烧连营七百里,三国演义,钱金福,中文,刘备,十字门脸,勾脸,,黑色,,环眉,环眼窝,立柱纹,笑鼻窝,,,,,jpg,370,450,23.1,96,96,24,2020.1.5,,,,,
modern_v1,080,data/raw/脸谱/整理工作/爬虫脸谱图集.zip::爬虫脸谱图集/opera-07-080-s.jpg,opera-07-080-s.jpg,爬虫脸谱图集/opera-07-080-s.jpg,80,080,邓艾,坛山谷,三块瓦脸,user_confirmed_sequence_mapping,Project owner confirmed on 2026-09-20 that Excel 序号 and the image filename number are one-to-one for the current POPF dataset.,present,readable,JPEG,90,110,3131,e3b279a7a8168623da85d7f8382ab248dfeb8be883ce5da0e50c1538c10b7740,1,no,jpg,367,450,not_evaluated,yes,,train,42,Sequence mapping is accepted for the current project dataset based on project-owner confirmation. Label analysis uses the current XLS raw 谱式 values.,080,81,80,,邓艾,邓士载,将官类,净,副净,坛山谷,姜维屯田,三国演义,郝寿臣,中文,姜维,三块瓦脸,勾脸,,白色,,柳叶眉,直眼窝,锥形,满鼻窝,,,,,jpg,367,450,20.2,96,96,24,2020.1.5,,,郝寿臣（1886年-1961年），著名京剧表演艺术家、教育家，工架子花脸。原籍河北香河，幼年随父迁京，从师吕福善、唐永常、朱子久、阎宝恒等学艺。郝寿臣融金秀山铜锤与黄润甫架子两家艺术于一炉，唱念上自成一格，创成被誉为“架子花脸铜锤唱”的郝派艺术。他以气魄取胜，唱念韵味浑厚，工架凝练，表演浑然一体。他艺术态度严谨，善于刻画人物，数十年艺术生涯中，在220余个剧目中扮演过160多个主要和次要角色。与侯喜瑞、金少山并称“净行三杰”。,,
modern_v1,081,data/raw/脸谱/整理工作/爬虫脸谱图集.zip::爬虫脸谱图集/opera-07-081-s.jpg,opera-07-081-s.jpg,爬虫脸谱图集/opera-07-081-s.jpg,81,081,孔秀,过五关,三块瓦脸,user_confirmed_sequence_mapping,Project owner confirmed on 2026-09-20 that Excel 序号 and the image filename number are one-to-one for the current POPF dataset.,present,readable,JPEG,91,110,3553,2617b229a1c4a1f55b829b081a308332ea7c4604c5be1f106ad414bf062b8a3e,1,no,jpg,372,450,not_evaluated,yes,,test,42,Sequence mapping is accepted for the current project dataset based on project-owner confirmation. Label analysis uses the current XLS raw 谱式 values.,081,82,81,,孔秀,,将官类,净,武净,过五关,辞曹斩将、过关斩将,三国演义,通用,中文,关羽,三块瓦脸,勾脸,,红色,,奸眉,大奸眼窝,锥形,尖鼻窝,,,,,jpg,372,450,23.2,96,96,24,2020.1.5,,,,,
modern_v1,082,data/raw/脸谱/整理工作/爬虫脸谱图集.zip::爬虫脸谱图集/opera-07-082-s.jpg,opera-07-082-s.jpg,爬虫脸谱图集/opera-07-082-s.jpg,82,082,秦琪,过五关,歪脸,user_confirmed_sequence_mapping,Project owner confirmed on 2026-09-20 that Excel 序号 and the image filename number are one-to-one for the current POPF dataset.,present,readable,JPEG,88,110,3822,bbd2366e6f90ac221f635167b1f758e9b27a396274aebd347f39613279c1dc7e,1,no,jpg,362,450,not_evaluated,no,class_below_min_samples_per_class_10,,42,Sequence mapping is accepted for the current project dataset based on project-owner confirmation. Label analysis uses the current XLS raw 谱式 values.,082,83,82,,秦琪,,将官类,净,武净,过五关,辞曹斩将、过关斩将,三国演义,通用,中文,关羽,歪脸,勾脸,,黑色,,,鸟眼窝,螺形,歪鼻窝,,,,,jpg,362,450,28.5,96,96,24,2020.1.5,,,,,
modern_v1,083,data/raw/脸谱/整理工作/爬虫脸谱图集.zip::爬虫脸谱图集/opera-07-083-s.jpg,opera-07-083-s.jpg,爬虫脸谱图集/opera-07-083-s.jpg,83,083,司马懿,失街亭,整脸,user_confirmed_sequence_mapping,Project owner confirmed on 2026-09-20 that Excel 序号 and the image filename number are one-to-one for the current POPF dataset.,present,readable,JPEG,90,110,2962,ea55ee6365a15ae5ae18382fb6e980e9636a3a1c07cb8fe55629a36a984c2c1b,1,no,jpg,369,450,not_evaluated,yes,,test,42,Sequence mapping is accepted for the current project dataset based on project-owner confirmation. Label analysis uses the current XLS raw 谱式 values.,083,84,83,,司马懿,司马仲达,将官类,净,副净,失街亭,,三国演义,郝寿臣,中文,马谡,整脸,抹脸,,白色,,本眉,奸眼窝,,,,,,,jpg,369,450,19.7,96,96,24,2020.1.5,,,郝寿臣（1886年-1961年），著名京剧表演艺术家、教育家，工架子花脸。原籍河北香河，幼年随父迁京，从师吕福善、唐永常、朱子久、阎宝恒等学艺。郝寿臣融金秀山铜锤与黄润甫架子两家艺术于一炉，唱念上自成一格，创成被誉为“架子花脸铜锤唱”的郝派艺术。他以气魄取胜，唱念韵味浑厚，工架凝练，表演浑然一体。他艺术态度严谨，善于刻画人物，数十年艺术生涯中，在220余个剧目中扮演过160多个主要和次要角色。与侯喜瑞、金少山并称“净行三杰”。,,
modern_v1,084,data/raw/脸谱/整理工作/爬虫脸谱图集.zip::爬虫脸谱图集/opera-07-084-s.jpg,opera-07-084-s.jpg,爬虫脸谱图集/opera-07-084-s.jpg,84,084,蒋干,群英会,腰子脸,user_confirmed_sequence_mapping,Project owner confirmed on 2026-09-20 that Excel 序号 and the image filename number are one-to-one for the current POPF dataset.,present,readable,JPEG,88,110,2732,e0aefa4a20252f897429d7914d3185139b28a28b3f85fa35398a3170d5b6ba6e,1,no,jpg,359,450,not_evaluated,no,class_below_min_samples_per_class_10,,42,Sequence mapping is accepted for the current project dataset based on project-owner confirmation. Label analysis uses the current XLS raw 谱式 values.,084,85,84,,蒋干,,将官类,丑,文丑,群英会,草船借箭、蒋干中计,三国演义,萧长华,中文,黄盖,腰子脸,勾脸,,,,随意眉,,,,,,,,jpg,359,450,17.2,96,96,24,2020.1.5,,,,,
modern_v1,085,data/raw/脸谱/整理工作/爬虫脸谱图集.zip::爬虫脸谱图集/opera-08-085-s.jpg,opera-08-085-s.jpg,爬虫脸谱图集/opera-08-085-s.jpg,85,085,司马师,红逼宫,十字门脸,user_confirmed_sequence_mapping,Project owner confirmed on 2026-09-20 that Excel 序号 and the image filename number are one-to-one for the current POPF dataset.,present,readable,JPEG,89,110,3535,fc291f16fc0a37ff0b7d9848f9184db3438fd90cdfbee069dd2e5186c09309bc,1,no,jpg,365,450,not_evaluated,yes,,train,42,Sequence mapping is accepted for the current project dataset based on project-owner confirmation. Label analysis uses the current XLS raw 谱式 values.,085,86,85,,司马师,,将官类,净,副净,红逼宫,司马师逼宫、废曹芳、定中原,三国演义,侯喜瑞,中文,曹芳,十字门脸,勾脸,,白色,,奸眉,垂眼窝,锥形,卷鼻窝,,,,,jpg,365,450,24.8,96,96,24,2020.1.5,,,侯喜瑞（1892年2月23日-1983年2月22日），京剧净角。幼入富连成科班，先学梆子老生，后师从韩乐卿学架子花脸和武花脸戏。出科后拜黄润甫为师，颇得真传，并在严承师教基础上，根据自身条件扬长避短，形成新的艺术风格“侯派”，与金少山、郝寿臣三足鼎立。侯喜瑞虽然嗓音较哑，但字准音足，听起来简练隽永，字字入耳。早年在富连成社担任武生净行教师，晚年在中国戏曲学院、北京市戏曲学校任教。,,
modern_v1,086,data/raw/脸谱/整理工作/爬虫脸谱图集.zip::爬虫脸谱图集/opera-08-086-s.jpg,opera-08-086-s.jpg,爬虫脸谱图集/opera-08-086-s.jpg,86,086,郭淮,铁笼山,碎脸,user_confirmed_sequence_mapping,Project owner confirmed on 2026-09-20 that Excel 序号 and the image filename number are one-to-one for the current POPF dataset.,present,readable,JPEG,90,110,3802,74c98f11dff94618bdd7978c3df1312d7405b048ac6cca4eefcab05f525e7943,1,no,jpg,368,450,not_evaluated,yes,,train,42,Sequence mapping is accepted for the current project dataset based on project-owner confirmation. Label analysis uses the current XLS raw 谱式 values.,086,87,86,,郭淮,郭伯济,将官类,净,武净,铁笼山,草上坡、九伐中原、山顶拜泉、败阵祈泉、大战蛮兵,三国演义,范宝亭,中文,姜维,碎脸,勾脸,,黑色,,狼牙眉,垂眼窝,随意形,碎鼻窝,,,,,jpg,368,450,26.2,96,96,24,2020.1.5,,,范宝亭（1887年-1944年2月7日），北京人，著名京剧武净。科班出身，自幼坐科福寿班，和许德义同门。任荣春社教师、中华戏曲专科学校净行教师。范宝亭戏路极广，能演长靠戏、短打戏，经常参加名演员创演的新戏。范宝亭的跌打翻扑的特技功夫是无人与之匹敌的。他演戏不但应付自如，还发扬了他的革新精神。范宝亭有很多弟子，最知名的是刘奎官，厉慧良、景荣庆等也曾受教于他。,,
modern_v1,087,data/raw/脸谱/整理工作/爬虫脸谱图集.zip::爬虫脸谱图集/opera-08-087-s.jpg,opera-08-087-s.jpg,爬虫脸谱图集/opera-08-087-s.jpg,87,087,董卓,凤仪亭,整脸,user_confirmed_sequence_mapping,Project owner confirmed on 2026-09-20 that Excel 序号 and the image filename number are one-to-one for the current POPF dataset.,present,readable,JPEG,89,110,2963,f3e9a359282a7b3f58e90ef37e14d868b5f79cd875d2ef6e84cefc377c179e3f,1,no,jpg,366,450,not_evaluated,yes,,train,42,Sequence mapping is accepted for the current project dataset based on project-owner confirmation. Label analysis uses the current XLS raw 谱式 values.,087,88,87,,董卓,董仲颖,将官类,净,副净,凤仪亭,梳妆掷戟,三国演义,赵炳啸,中文,吕布,整脸,抹脸,,白色,,本眉,奸眼窝,,尖鼻窝,,,,,jpg,366,450,19.9,96,96,24,2020.1.5,,,,金派,
modern_v1,088,data/raw/脸谱/整理工作/爬虫脸谱图集.zip::爬虫脸谱图集/opera-08-088-s.jpg,opera-08-088-s.jpg,爬虫脸谱图集/opera-08-088-s.jpg,88,088,马谡,失街亭,三块瓦脸,user_confirmed_sequence_mapping,Project owner confirmed on 2026-09-20 that Excel 序号 and the image filename number are one-to-one for the current POPF dataset.,present,readable,JPEG,88,110,3019,3ead117fd6cc5c09fd442e13fe16e7f9d823028d301baf39c43c83160a14be0d,1,no,jpg,358,450,not_evaluated,yes,,test,42,Sequence mapping is accepted for the current project dataset based on project-owner confirmation. Label analysis uses the current XLS raw 谱式 values.,088,89,88,,马谡,马幼常,将官类,净,副净,失街亭,,三国演义,侯喜瑞,中文,司马懿,三块瓦脸,勾脸,,油白色,,,直眼窝,锥形,满鼻窝,,,,,jpg,358,450,18.4,96,96,24,2020.1.5,,,侯喜瑞（1892年2月23日-1983年2月22日），京剧净角。幼入富连成科班，先学梆子老生，后师从韩乐卿学架子花脸和武花脸戏。出科后拜黄润甫为师，颇得真传，并在严承师教基础上，根据自身条件扬长避短，形成新的艺术风格“侯派”，与金少山、郝寿臣三足鼎立。侯喜瑞虽然嗓音较哑，但字准音足，听起来简练隽永，字字入耳。早年在富连成社担任武生净行教师，晚年在中国戏曲学院、北京市戏曲学校任教。,,
modern_v1,089,data/raw/脸谱/整理工作/爬虫脸谱图集.zip::爬虫脸谱图集/opera-08-089-s.jpg,opera-08-089-s.jpg,爬虫脸谱图集/opera-08-089-s.jpg,89,089,郭荣,草桥关,整脸,user_confirmed_sequence_mapping,Project owner confirmed on 2026-09-20 that Excel 序号 and the image filename number are one-to-one for the current POPF dataset.,present,readable,JPEG,90,110,4113,bd05a21cf10f84933b4532887c249e1e219e197cec8a6245e10b46c1d346307d,1,no,jpg,412,502,not_evaluated,yes,,train,42,Sequence mapping is accepted for the current project dataset based on project-owner confirmation. Label analysis uses the current XLS raw 谱式 values.,089,90,89,,郭荣,郭太师,将官类,净,副净,草桥关,威镇草桥,东汉演义,郭元汾,中文,铫期,整脸,抹脸,,白色,,本眉,奸眼窝,,尖鼻窝,,,,,jpg,412,502,28.7,96,96,24,2020.1.5,,,郭元汾（？-1962年），京剧净角，京剧演员郭春山先生的长子。在入富连成科班后主攻铜锤花脸。郭元汾在唱法上不尚雕饰，吐字行腔遵循传统，追求严谨朴拙的风格，极少个人的发挥创造。他的唱功可称是黄钟大吕，声震屋瓦，他的做功边式好看，细腻传神，是位不可多得的全才净角。解放后调入北京，编入解放军总政治部文工团京剧团，后并入中国京剧院，列为四团。1958年郭元汾随四团支援宁夏，成立宁夏回族自治区京剧团。,,
modern_v1,090,data/raw/脸谱/整理工作/爬虫脸谱图集.zip::爬虫脸谱图集/opera-08-090-s.jpg,opera-08-090-s.jpg,爬虫脸谱图集/opera-08-090-s.jpg,90,090,王元,取洛阳,元宝脸,user_confirmed_sequence_mapping,Project owner confirmed on 2026-09-20 that Excel 序号 and the image filename number are one-to-one for the current POPF dataset.,present,readable,JPEG,90,110,4352,9af0b0c033caba6b12b73e508ba7e43368b70c40eb4c5f2cfaf671154972cc18,1,no,jpg,412,502,not_evaluated,no,class_below_min_samples_per_class_10,,42,Sequence mapping is accepted for the current project dataset based on project-owner confirmation. Label analysis uses the current XLS raw 谱式 values.,090,91,90,,王元,,将官类,净,武净,取洛阳,光武兴,东汉演义,,中文,,元宝脸,勾脸,,,,,,如意钩形,卷鼻窝,,,,,jpg,412,502,28.1,96,96,24,2020.1.5,,,,,
modern_v1,091,data/raw/脸谱/整理工作/爬虫脸谱图集.zip::爬虫脸谱图集/opera-08-091-s.jpg,opera-08-091-s.jpg,爬虫脸谱图集/opera-08-091-s.jpg,91,091,须贾,赠绨袍,三块瓦脸,user_confirmed_sequence_mapping,Project owner confirmed on 2026-09-20 that Excel 序号 and the image filename number are one-to-one for the current POPF dataset.,present,readable,JPEG,90,110,4380,547edbb3beafc8228e5a80816cdb06054cb7c9c246a89f9b4b0cefd56297c269,1,no,jpg,412,502,not_evaluated,yes,,train,42,Sequence mapping is accepted for the current project dataset based on project-owner confirmation. Label analysis uses the current XLS raw 谱式 values.,091,92,91,,须贾,,将官类,净,副净,赠绨袍,须贾谇范雎,东周列国志,郝寿臣,中文,范雎,三块瓦脸,勾脸,,白色,,奸眉,尖眼窝,锥形,卷鼻窝,,,,,jpg,412,502,27.9,96,96,24,2020.1.5,,,郝寿臣（1886年-1961年），著名京剧表演艺术家、教育家，工架子花脸。原籍河北香河，幼年随父迁京，从师吕福善、唐永常、朱子久、阎宝恒等学艺。郝寿臣融金秀山铜锤与黄润甫架子两家艺术于一炉，唱念上自成一格，创成被誉为“架子花脸铜锤唱”的郝派艺术。他以气魄取胜，唱念韵味浑厚，工架凝练，表演浑然一体。他艺术态度严谨，善于刻画人物，数十年艺术生涯中，在220余个剧目中扮演过160多个主要和次要角色。与侯喜瑞、金少山并称“净行三杰”。,,
modern_v1,092,data/raw/脸谱/整理工作/爬虫脸谱图集.zip::爬虫脸谱图集/opera-08-092-s.jpg,opera-08-092-s.jpg,爬虫脸谱图集/opera-08-092-s.jpg,92,092,专诸,鱼肠剑,三块瓦脸,user_confirmed_sequence_mapping,Project owner confirmed on 2026-09-20 that Excel 序号 and the image filename number are one-to-one for the current POPF dataset.,present,readable,JPEG,90,110,4823,b9b7b5e64a22db74951329f1a1cc6e92944e9d8066577d72205a9ef7656370d7,1,no,jpg,412,502,not_evaluated,yes,,train,42,Sequence mapping is accepted for the current project dataset based on project-owner confirmation. Label analysis uses the current XLS raw 谱式 values.,092,93,92,,专诸,,将官类,净,武净,鱼肠剑,鱼藏剑,东周列国志,马连昆,中文,姬僚,三块瓦脸,勾脸,,紫红色,,刀眉,直眼窝,胆形,满鼻窝,,,,,jpg,412,502,32.6,96,96,24,2020.1.5,,,,,
modern_v1,093,data/raw/脸谱/整理工作/爬虫脸谱图集.zip::爬虫脸谱图集/opera-08-093-s.jpg,opera-08-093-s.jpg,爬虫脸谱图集/opera-08-093-s.jpg,93,093,曹操,捉放曹,整脸,user_confirmed_sequence_mapping,Project owner confirmed on 2026-09-20 that Excel 序号 and the image filename number are one-to-one for the current POPF dataset.,present,readable,JPEG,89,110,2885,ea7462c4ec067105fba9e7c7fb69f2321d52142e89a5bf632e5f675d331190d9,1,no,jpg,366,450,not_evaluated,yes,,validation,42,Sequence mapping is accepted for the current project dataset based on project-owner confirmation. Label analysis uses the current XLS raw 谱式 values.,093,94,93,,曹操,曹孟德,将官类,净,副净,捉放曹,捉放宿店、中牟县、陈宫计,三国演义,侯喜瑞,中文,陈宫,整脸,抹脸,,白色,,本眉,奸眼窝,,,,,,,jpg,366,450,17.4,96,96,24,2020.1.5,,,侯喜瑞（1892年2月23日-1983年2月22日），京剧净角。幼入富连成科班，先学梆子老生，后师从韩乐卿学架子花脸和武花脸戏。出科后拜黄润甫为师，颇得真传，并在严承师教基础上，根据自身条件扬长避短，形成新的艺术风格“侯派”，与金少山、郝寿臣三足鼎立。侯喜瑞虽然嗓音较哑，但字准音足，听起来简练隽永，字字入耳。早年在富连成社担任武生净行教师，晚年在中国戏曲学院、北京市戏曲学校任教。,,
modern_v1,094,data/raw/脸谱/整理工作/爬虫脸谱图集.zip::爬虫脸谱图集/opera-08-094-s.jpg,opera-08-094-s.jpg,爬虫脸谱图集/opera-08-094-s.jpg,94,094,典韦,战宛城,花三块瓦脸,user_confirmed_sequence_mapping,Project owner confirmed on 2026-09-20 that Excel 序号 and the image filename number are one-to-one for the current POPF dataset.,present,readable,JPEG,89,110,3489,26b988ee1c5c1479432e256391f70612718a4ceae99dd8c1fb411e99047af746,1,no,jpg,363,450,not_evaluated,yes,,test,42,Sequence mapping is accepted for the current project dataset based on project-owner confirmation. Label analysis uses the current XLS raw 谱式 values.,094,95,94,,典韦,,将官类,净,武净,战宛城,盗双戟、割发代首、张绣刺婶,三国演义,钱金福,中文,曹操,花三块瓦脸,勾脸,,黄色,,钩眉,垂眼窝,随意形,碎鼻窝,,,,,jpg,363,450,24.9,96,96,24,2020.1.5,,,,,
modern_v1,095,data/raw/脸谱/整理工作/爬虫脸谱图集.zip::爬虫脸谱图集/opera-08-095-s.jpg,opera-08-095-s.jpg,爬虫脸谱图集/opera-08-095-s.jpg,95,095,贾华,甘露寺,白粉脸,user_confirmed_sequence_mapping,Project owner confirmed on 2026-09-20 that Excel 序号 and the image filename number are one-to-one for the current POPF dataset.,present,readable,JPEG,92,110,3304,e7260838baa52e048b56116cce56dc3de9af956d3be0560bc6cbbaa9c2f82c62,1,no,jpg,377,450,not_evaluated,no,class_below_min_samples_per_class_10,,42,Sequence mapping is accepted for the current project dataset based on project-owner confirmation. Label analysis uses the current XLS raw 谱式 values.,095,96,95,,贾华,,将官类,丑,武丑,甘露寺,龙凤配、美人计,三国演义,通用,中文,,白粉脸,勾脸,,白色,,随意眉,,,满鼻窝,,,,,jpg,377,450,21.8,96,96,24,2020.1.5,,,,,
modern_v1,096,data/raw/脸谱/整理工作/爬虫脸谱图集.zip::爬虫脸谱图集/opera-08-096-s.jpg,opera-08-096-s.jpg,爬虫脸谱图集/opera-08-096-s.jpg,96,096,程普,凤凰二乔,三块瓦脸,user_confirmed_sequence_mapping,Project owner confirmed on 2026-09-20 that Excel 序号 and the image filename number are one-to-one for the current POPF dataset.,present,readable,JPEG,90,110,3607,161588c0f8169117c5afc43563568c2c10e462f3180ebbc0c6cb2e1e95a342f9,1,no,jpg,368,450,not_evaluated,yes,,validation,42,Sequence mapping is accepted for the current project dataset based on project-owner confirmation. Label analysis uses the current XLS raw 谱式 values.,096,97,96,,程普,,将官类,净,武净,凤凰二乔,凤凰台,三国演义,通用,中文,孙策,三块瓦脸,勾脸,,红色,,刀眉,直眼窝,胆形,满鼻窝,,,,,jpg,368,450,22.6,96,96,24,2020.1.5,,,,,
modern_v1,097,data/raw/脸谱/整理工作/爬虫脸谱图集.zip::爬虫脸谱图集/opera-09-097-s.jpg,opera-09-097-s.jpg,爬虫脸谱图集/opera-09-097-s.jpg,97,097,尉迟宝林,白良关,十字门脸,user_confirmed_sequence_mapping,Project owner confirmed on 2026-09-20 that Excel 序号 and the image filename number are one-to-one for the current POPF dataset.,present,readable,JPEG,89,110,3547,bdb3867e2276147461c8b1d5f55fc481a5f4f379605ac5a09eabe11bd9d3b272,1,no,jpg,412,512,not_evaluated,yes,,validation,42,Sequence mapping is accepted for the current project dataset based on project-owner confirmation. Label analysis uses the current XLS raw 谱式 values.,097,98,97,,尉迟宝林,,将官类,净,武净,白良关,雌雄鞭、父子会,小尉迟认父,马连昆,中文,尉迟恭,十字门脸,勾法,,黑色,,柳叶眉,环眼窝,立柱纹,笑鼻窝,虎嘴,,,,jpg,412,512,29.3,96,96,24,2020.1.5,,,,,
modern_v1,098,data/raw/脸谱/整理工作/爬虫脸谱图集.zip::爬虫脸谱图集/opera-09-098-s.jpg,opera-09-098-s.jpg,爬虫脸谱图集/opera-09-098-s.jpg,98,098,程咬金,响马传,碎脸,user_confirmed_sequence_mapping,Project owner confirmed on 2026-09-20 that Excel 序号 and the image filename number are one-to-one for the current POPF dataset.,present,readable,JPEG,84,110,3275,7c97c11df08111ad0e35777f273280f29f1c0c23c112957754be663394637b70,1,no,jpg,389,512,not_evaluated,yes,,train,42,Sequence mapping is accepted for the current project dataset based on project-owner confirmation. Label analysis uses the current XLS raw 谱式 values.,098,99,98,,程咬金,程知节、程义贞、阿丑,英雄类,净,武净,响马传,,隋唐演义,袁世海,中文,尤俊达,碎脸,勾法,,绿色,,红黄眉,花眼窝,胆形,碎鼻窝,,,,,jpg,389,512,27.9,96,96,24,2020.1.5,,,,,
modern_v1,099,data/raw/脸谱/整理工作/爬虫脸谱图集.zip::爬虫脸谱图集/opera-09-099-s.jpg,opera-09-099-s.jpg,爬虫脸谱图集/opera-09-099-s.jpg,99,099,单雄信,贾家楼,花三块瓦脸,user_confirmed_sequence_mapping,Project owner confirmed on 2026-09-20 that Excel 序号 and the image filename number are one-to-one for the current POPF dataset.,present,readable,JPEG,87,110,3602,fba7c7cd9379d30d0405c174904e044c61540f4e13adc64738e36101f37b86e9,1,no,jpg,406,512,not_evaluated,yes,,test,42,Sequence mapping is accepted for the current project dataset based on project-owner confirmation. Label analysis uses the current XLS raw 谱式 values.,099,100,99,,单雄信,飞将,英雄类,净,武净,贾家楼,三十六友、五面枷,隋唐演义,侯喜瑞,中文,程咬金,花三块瓦脸,勾法,,蓝色,,红黄眉,花眼窝,胆形,碎鼻窝,,,,,jpg,406,512,31.1,96,96,24,2020.1.5,,,侯喜瑞（1892年2月23日-1983年2月22日），京剧净角。幼入富连成科班，先学梆子老生，后师从韩乐卿学架子花脸和武花脸戏。出科后拜黄润甫为师，颇得真传，并在严承师教基础上，根据自身条件扬长避短，形成新的艺术风格“侯派”，与金少山、郝寿臣三足鼎立。侯喜瑞虽然嗓音较哑，但字准音足，听起来简练隽永，字字入耳。早年在富连成社担任武生净行教师，晚年在中国戏曲学院、北京市戏曲学校任教。,,
modern_v1,100,data/raw/脸谱/整理工作/爬虫脸谱图集.zip::爬虫脸谱图集/opera-09-100-s.jpg,opera-09-100-s.jpg,爬虫脸谱图集/opera-09-100-s.jpg,100,100,尉迟恭,白良关,六分脸,user_confirmed_sequence_mapping,Project owner confirmed on 2026-09-20 that Excel 序号 and the image filename number are one-to-one for the current POPF dataset.,present,readable,JPEG,87,110,2596,85a8571566fa16d82a413b9036c821aed4f07ae40f03f4adf5d88fc687cba013,1,no,jpg,407,512,not_evaluated,yes,,train,42,Sequence mapping is accepted for the current project dataset based on project-owner confirmation. Label analysis uses the current XLS raw 谱式 values.,100,101,100,,尉迟恭,尉迟敬德,将官类,净,正净,白良关,雌雄鞭、父子会,小尉迟认父,金少山,中文,尉迟宝林,六分脸,勾法,,黑色,,老眉,,立柱纹,,,,,,jpg,407,512,18.9,96,96,24,2020.1.5,,,金少山（1890年-1948年8月13日），一说作仲义，又名少山。满族，北京人，京剧净行演员，京剧名净金秀山三子。幼年从父学艺，工铜锤花脸，兼宗何桂山。同时，他从韩乐卿习练武功把子，后拜德珺如为师学架子花脸戏。由于金少山学艺众多，天赋优厚，声音洪亮，在方方面面皆都具备，其艺术风格已经不仅限于父亲金秀山的“金派”范围。他通过发挥自身条件，将净角艺术提高到一个新的高度，形成了自己的流派“新金派”。,,
modern_v1,101,data/raw/脸谱/整理工作/爬虫脸谱图集.zip::爬虫脸谱图集/opera-09-101-s.jpg,opera-09-101-s.jpg,爬虫脸谱图集/opera-09-101-s.jpg,101,101,金甲,贾家楼,碎脸,user_confirmed_sequence_mapping,Project owner confirmed on 2026-09-20 that Excel 序号 and the image filename number are one-to-one for the current POPF dataset.,present,readable,JPEG,88,110,3707,f22f7439ccbefdbb693459bcd83d163a470b172954f7c1a99c2c922a0b35b6d5,1,no,jpg,409,512,not_evaluated,yes,,test,42,Sequence mapping is accepted for the current project dataset based on project-owner confirmation. Label analysis uses the current XLS raw 谱式 values.,101,102,101,,金甲,,将官类,净,武净,贾家楼,三十六友、五面枷,隋唐演义,通用,中文,童环,碎脸,揉脸,,黄色,,云眉,花眼窝,立柱纹,碎鼻窝,吊死鬼嘴,,,,jpg,409,512,32.4,96,96,24,2020.1.5,,,,,
modern_v1,102,data/raw/脸谱/整理工作/爬虫脸谱图集.zip::爬虫脸谱图集/opera-09-102-s.jpg,opera-09-102-s.jpg,爬虫脸谱图集/opera-09-102-s.jpg,102,102,童环,贾家楼,碎脸,user_confirmed_sequence_mapping,Project owner confirmed on 2026-09-20 that Excel 序号 and the image filename number are one-to-one for the current POPF dataset.,present,readable,JPEG,89,110,3812,1e04a3990e3979de4402d3d50ea6f55e39cca2c4b2c194addf07a7ecbebfec4b,1,no,jpg,412,512,not_evaluated,yes,,train,42,Sequence mapping is accepted for the current project dataset based on project-owner confirmation. Label analysis uses the current XLS raw 谱式 values.,102,103,102,,童环,,将官类,净,武净,贾家楼,三十六友、五面枷,隋唐演义,通用,中文,金甲,碎脸,勾法,,红色,,,垂眼窝,蝙蝠形,碎鼻窝,虎嘴,,,,jpg,412,512,31.7,96,96,24,2020.1.5,,,,,
modern_v1,103,data/raw/脸谱/整理工作/爬虫脸谱图集.zip::爬虫脸谱图集/opera-09-103-s.jpg,opera-09-103-s.jpg,爬虫脸谱图集/opera-09-103-s.jpg,103,103,李元霸,晋阳宫,象形脸,user_confirmed_sequence_mapping,Project owner confirmed on 2026-09-20 that Excel 序号 and the image filename number are one-to-one for the current POPF dataset.,present,readable,JPEG,89,110,3496,770ea8a850f5fdff7455922b5bbaf1a8e2abdc49083179106b84ee4fc627fb72,1,no,jpg,414,512,not_evaluated,yes,,train,42,Sequence mapping is accepted for the current project dataset based on project-owner confirmation. Label analysis uses the current XLS raw 谱式 values.,103,104,103,,李元霸,李玄霸,将官类,净,武净,晋阳宫,,隋唐演义,杨小楼,中文,宇文成都,象形脸,勾脸,,黑色,,云眉,鸟眼窝,随意形,,雷公嘴,,,,jpg,414,512,31.7,96,96,24,2020.1.5,,,杨小楼（1878年-1938年），名三元，安徽怀宁人，京剧武生演员，有“武生宗师”的盛誉。自幼入小荣椿社学艺，工武生。十七岁出科后，拜俞菊笙为师，又得谭鑫培等名家指点。杨小楼嗓音清脆洪亮，唱念均遵“奎派”风范，咬字清楚真切，间有京音，行腔朴直无华。在艺术上继承家学，同时博采众长，逐渐形成独树一帜的“杨派”。武打步法准确灵敏，无空招废式，贴切地表现人物的性格，着力体现意境，追求神似，也即“武戏文唱”的杨派特点。,,
modern_v1,104,data/raw/脸谱/整理工作/爬虫脸谱图集.zip::爬虫脸谱图集/opera-09-104-s.jpg,opera-09-104-s.jpg,爬虫脸谱图集/opera-09-104-s.jpg,104,104,李密,断密涧,花三块瓦脸,user_confirmed_sequence_mapping,Project owner confirmed on 2026-09-20 that Excel 序号 and the image filename number are one-to-one for the current POPF dataset.,present,readable,JPEG,86,110,3141,d42f1f03f9176641101de9492999b7eb1663ff8c3babb65b1d75da750fd3aeee,1,no,jpg,400,512,not_evaluated,yes,,train,42,Sequence mapping is accepted for the current project dataset based on project-owner confirmation. Label analysis uses the current XLS raw 谱式 values.,104,105,104,,李密,,将官类,净,副净,断密涧,双投唐、双带箭、银宫山,隋唐演义,郝寿臣,中文,王伯当,花三块瓦脸,勾脸,,紫红色,,柳叶眉,大奸眼窝,立柱纹,满鼻窝,,,,,jpg,400,512,24.3,96,96,24,2020.1.5,,,郝寿臣（1886年-1961年），著名京剧表演艺术家、教育家，工架子花脸。原籍河北香河，幼年随父迁京，从师吕福善、唐永常、朱子久、阎宝恒等学艺。郝寿臣融金秀山铜锤与黄润甫架子两家艺术于一炉，唱念上自成一格，创成被誉为“架子花脸铜锤唱”的郝派艺术。他以气魄取胜，唱念韵味浑厚，工架凝练，表演浑然一体。他艺术态度严谨，善于刻画人物，数十年艺术生涯中，在220余个剧目中扮演过160多个主要和次要角色。与侯喜瑞、金少山并称“净行三杰”。,,
modern_v1,105,data/raw/脸谱/整理工作/爬虫脸谱图集.zip::爬虫脸谱图集/opera-09-105-s.jpg,opera-09-105-s.jpg,爬虫脸谱图集/opera-09-105-s.jpg,105,105,宇文成都,晋阳宫,三块瓦脸,user_confirmed_sequence_mapping,Project owner confirmed on 2026-09-20 that Excel 序号 and the image filename number are one-to-one for the current POPF dataset.,present,readable,JPEG,91,110,4887,47ddea2f582773194682352cda8bb32717008830adbc965ebaf1d9438a804f90,1,no,jpg,425,512,not_evaluated,yes,,train,42,Sequence mapping is accepted for the current project dataset based on project-owner confirmation. Label analysis uses the current XLS raw 谱式 values.,105,106,105,,宇文成都,天宝大将,将官类,净,武净,晋阳宫,,隋唐演义,钱金福,中文,李元霸,三块瓦脸,勾脸,,黄色,,刀眉,直眼窝,,尖鼻窝,,,,,jpg,425,512,26.1,96,96,24,2020.1.5,,,,,
modern_v1,106,data/raw/脸谱/整理工作/爬虫脸谱图集.zip::爬虫脸谱图集/opera-09-106-s.jpg,opera-09-106-s.jpg,爬虫脸谱图集/opera-09-106-s.jpg,106,106,鲍赐安,龙潭镇,三块瓦脸,user_confirmed_sequence_mapping,Project owner confirmed on 2026-09-20 that Excel 序号 and the image filename number are one-to-one for the current POPF dataset.,present,readable,JPEG,91,110,4398,5727df638da56a32de40f51b4039ab04f6a926a515c42f35ebadedc40b933a8c,1,no,jpg,425,512,not_evaluated,yes,,train,42,Sequence mapping is accepted for the current project dataset based on project-owner confirmation. Label analysis uses the current XLS raw 谱式 values.,106,107,106,,鲍赐安,鲍自安,英雄类,净,武净,龙潭镇,龙潭鲍骆,绿牡丹全传,许德义,中文,濮天鹏,三块瓦脸,勾脸,,白色,,刀眉,老眼窝,胆形,满鼻窝,,,,,jpg,425,512,23.2,96,96,24,2020.1.5,,,许德义（1886年-1944年），名全增，北京人，京剧武净演员。其父为“奎派”老生许荫棠。自幼坐科福寿科班，工武净，拜前辈武净范福泰为师，与范福泰之子范宝亭是师兄弟。出科后，他为杨小楼的得力配角。许德义武功基础磁实，长靠短打皆精，以勇猛见长，英气勃勃，颇有大将风度。其为人直爽性格倔强，对艺术极端负责，台上从不懈怠，全力以赴。如有演出瑕疵，都会引起他深深的自责，“许德义自责”逐渐传为梨园佳话。,,
modern_v1,107,data/raw/脸谱/整理工作/爬虫脸谱图集.zip::爬虫脸谱图集/opera-09-107-s.jpg,opera-09-107-s.jpg,爬虫脸谱图集/opera-09-107-s.jpg,107,107,黄胖,巴骆和,僧道脸,user_confirmed_sequence_mapping,Project owner confirmed on 2026-09-20 that Excel 序号 and the image filename number are one-to-one for the current POPF dataset.,present,readable,JPEG,89,110,5373,4d761ae82badc0adf934053b169d6691c7aea4027d673985a3ae8e5cd4297c61,1,no,jpg,413,512,not_evaluated,no,class_below_min_samples_per_class_10,,42,Sequence mapping is accepted for the current project dataset based on project-owner confirmation. Label analysis uses the current XLS raw 谱式 values.,107,108,107,,黄胖,,英雄类,净,武净,巴骆和,,绿牡丹全传,通用,中文,巴杰,僧道脸,勾脸,,黄色,,蝙蝠眉,腰子眼窝,舍利子形,,火盆嘴,,,,jpg,413,512,30.7,96,96,24,2020.1.5,,,,,
modern_v1,108,data/raw/脸谱/整理工作/爬虫脸谱图集.zip::爬虫脸谱图集/opera-09-108-s.jpg,opera-09-108-s.jpg,爬虫脸谱图集/opera-09-108-s.jpg,108,108,猩猩胆,摩天岭,象形脸,user_confirmed_sequence_mapping,Project owner confirmed on 2026-09-20 that Excel 序号 and the image filename number are one-to-one for the current POPF dataset.,present,readable,JPEG,89,110,5329,17b42891c809356efa10d6bd18add275b8a56338839edc12ad7161c0a755ff58,1,no,jpg,413,512,not_evaluated,yes,,validation,42,Sequence mapping is accepted for the current project dataset based on project-owner confirmation. Label analysis uses the current XLS raw 谱式 values.,108,109,108,,猩猩胆,,将官类,净,武净,摩天岭,,征东全传,通用,中文,薛仁贵,象形脸,揉脸,,蓝色,,随意眉,,火焰形,,雷公嘴,,,,jpg,413,512,32.2,96,96,24,2020.1.5,,,,,
modern_v1,109,data/raw/脸谱/整理工作/爬虫脸谱图集.zip::爬虫脸谱图集/opera-10-109-s.jpg,opera-10-109-s.jpg,爬虫脸谱图集/opera-10-109-s.jpg,109,109,盖苏文,汾河湾,花三块瓦脸,user_confirmed_sequence_mapping,Project owner confirmed on 2026-09-20 that Excel 序号 and the image filename number are one-to-one for the current POPF dataset.,present,readable,JPEG,89,110,5430,c3b4ebca1c858f3b04f18822bfee12d425b3e67844e4bce218a9dc105c3ed8be,1,no,jpg,413,512,not_evaluated,yes,,train,42,Sequence mapping is accepted for the current project dataset based on project-owner confirmation. Label analysis uses the current XLS raw 谱式 values.,109,110,109,,盖苏文,,将官类,,副净,汾河湾,打雁进窑、薛礼还家,征东全传,谭鑫培,中文,薛仁贵,花三块瓦脸,勾脸,,绿色,,刀眉,大奸眼窝,随意形,尖鼻窝,,,,,jpg,413,512,31.6,96,96,24,2020.1.5,,,,,
modern_v1,110,data/raw/脸谱/整理工作/爬虫脸谱图集.zip::爬虫脸谱图集/opera-10-110-s.jpg,opera-10-110-s.jpg,爬虫脸谱图集/opera-10-110-s.jpg,110,110,巴杰,巴骆和,碎脸,user_confirmed_sequence_mapping,Project owner confirmed on 2026-09-20 that Excel 序号 and the image filename number are one-to-one for the current POPF dataset.,present,readable,JPEG,89,110,5303,d26bd894d0b16daf0939da7c6a84dee3c516a6cdf174bade6f83b47b8d04c63f,1,no,jpg,413,512,not_evaluated,yes,,train,42,Sequence mapping is accepted for the current project dataset based on project-owner confirmation. Label analysis uses the current XLS raw 谱式 values.,110,111,110,,巴杰,,英雄类,净,武净,巴骆和,,绿牡丹全传,侯喜瑞,中文,胡里,碎脸,勾脸,,黑色,,红色眉,花眼窝,随意形,碎鼻窝,吊死鬼嘴,,,,jpg,413,512,31.4,96,96,24,2020.1.5,,,侯喜瑞（1892年2月23日-1983年2月22日），京剧净角。幼入富连成科班，先学梆子老生，后师从韩乐卿学架子花脸和武花脸戏。出科后拜黄润甫为师，颇得真传，并在严承师教基础上，根据自身条件扬长避短，形成新的艺术风格“侯派”，与金少山、郝寿臣三足鼎立。侯喜瑞虽然嗓音较哑，但字准音足，听起来简练隽永，字字入耳。早年在富连成社担任武生净行教师，晚年在中国戏曲学院、北京市戏曲学校任教。,,
modern_v1,111,data/raw/脸谱/整理工作/爬虫脸谱图集.zip::爬虫脸谱图集/opera-10-111-s.jpg,opera-10-111-s.jpg,爬虫脸谱图集/opera-10-111-s.jpg,111,111,朱温,雅观楼,三块瓦脸,user_confirmed_sequence_mapping,Project owner confirmed on 2026-09-20 that Excel 序号 and the image filename number are one-to-one for the current POPF dataset.,present,readable,JPEG,90,110,5060,0cf0bf5c77d652075c70c46093597f8df877d8be83e15aedc95be2de29908136,1,no,jpg,419,512,not_evaluated,yes,,train,42,Sequence mapping is accepted for the current project dataset based on project-owner confirmation. Label analysis uses the current XLS raw 谱式 values.,111,112,111,,朱温,,将官类,净,副净,雅观楼,擒孟觉海,残唐五代史演义,通用,中文,孟觉海,三块瓦脸,勾脸,,绿色,,黄色眉,大奸眼窝,蝙蝠形,尖鼻窝,,,,,jpg,419,512,30.4,96,96,24,2020.1.5,,,,,
modern_v1,112,data/raw/脸谱/整理工作/爬虫脸谱图集.zip::爬虫脸谱图集/opera-10-112-s.jpg,opera-10-112-s.jpg,爬虫脸谱图集/opera-10-112-s.jpg,112,112,孟觉海,雅观楼,三块瓦脸,user_confirmed_sequence_mapping,Project owner confirmed on 2026-09-20 that Excel 序号 and the image filename number are one-to-one for the current POPF dataset.,present,readable,JPEG,90,110,5311,da7059de997dff36d3448261a1817db99c454be89cabe45b6dec4f24d80479e1,1,no,jpg,419,512,not_evaluated,yes,,train,42,Sequence mapping is accepted for the current project dataset based on project-owner confirmation. Label analysis uses the current XLS raw 谱式 values.,112,113,112,,孟觉海,,英雄类,净,武净,雅观楼,擒孟觉海,残唐五代史演义,侯喜瑞,中文,朱温,三块瓦脸,勾脸,,红色,,狼牙眉,,如意钩形,碎鼻窝,虎嘴,,,,jpg,419,512,29.8,96,96,24,2020.1.5,,,侯喜瑞（1892年2月23日-1983年2月22日），京剧净角。幼入富连成科班，先学梆子老生，后师从韩乐卿学架子花脸和武花脸戏。出科后拜黄润甫为师，颇得真传，并在严承师教基础上，根据自身条件扬长避短，形成新的艺术风格“侯派”，与金少山、郝寿臣三足鼎立。侯喜瑞虽然嗓音较哑，但字准音足，听起来简练隽永，字字入耳。早年在富连成社担任武生净行教师，晚年在中国戏曲学院、北京市戏曲学校任教。,,
modern_v1,113,data/raw/脸谱/整理工作/爬虫脸谱图集.zip::爬虫脸谱图集/opera-10-113-s.jpg,opera-10-113-s.jpg,爬虫脸谱图集/opera-10-113-s.jpg,113,113,高旺,牧虎关,十字门脸,user_confirmed_sequence_mapping,Project owner confirmed on 2026-09-20 that Excel 序号 and the image filename number are one-to-one for the current POPF dataset.,present,readable,JPEG,88,110,3918,a4f82b57cd820f15f51168105406d80d1b6e59922477acc39d71a68f4e526cee,1,no,jpg,410,512,not_evaluated,yes,,train,42,Sequence mapping is accepted for the current project dataset based on project-owner confirmation. Label analysis uses the current XLS raw 谱式 values.,113,114,113,,高旺,,将官类,净,正净,牧虎关,黑风帕、背鞭认子,杨家将演义,裘盛戎,中文,杨延琪,十字门脸,勾脸,,,,老眉,直眼窝,立柱纹,满鼻窝,,,,,jpg,410,512,22.4,96,96,24,2020.1.5,,,,,
modern_v1,114,data/raw/脸谱/整理工作/爬虫脸谱图集.zip::爬虫脸谱图集/opera-10-114-s.jpg,opera-10-114-s.jpg,爬虫脸谱图集/opera-10-114-s.jpg,114,114,天庆王,金沙滩,整脸,user_confirmed_sequence_mapping,Project owner confirmed on 2026-09-20 that Excel 序号 and the image filename number are one-to-one for the current POPF dataset.,present,readable,JPEG,91,110,4578,b5383b20eb034f4730ff39e06be77208863f8a0f7c68cf0d06923ecaba98b24d,1,no,jpg,422,512,not_evaluated,yes,,validation,42,Sequence mapping is accepted for the current project dataset based on project-owner confirmation. Label analysis uses the current XLS raw 谱式 values.,114,115,114,,天庆王,,将官类,净,副净,金沙滩,双龙会、八虎闯幽州,杨家将演义,通用,中文,杨延嗣,整脸,抹脸,,白色,,本眉,奸眼窝,,尖鼻窝,,,,,jpg,422,512,25.7,96,96,24,2020.1.5,,,,,
modern_v1,115,data/raw/脸谱/整理工作/爬虫脸谱图集.zip::爬虫脸谱图集/opera-10-115-s.jpg,opera-10-115-s.jpg,爬虫脸谱图集/opera-10-115-s.jpg,115,115,韩昌,雁门关,碎脸,user_confirmed_sequence_mapping,Project owner confirmed on 2026-09-20 that Excel 序号 and the image filename number are one-to-one for the current POPF dataset.,present,readable,JPEG,89,110,5024,6d5479e10726d567971305b82c2e1cac8b3e7cdb80fab5c28b0efc43b911bd9c,1,no,jpg,414,512,not_evaluated,yes,,test,42,Sequence mapping is accepted for the current project dataset based on project-owner confirmation. Label analysis uses the current XLS raw 谱式 values.,115,116,115,,韩昌,耶律遂正,将官类,净,武净,雁门关,八郎探母、南北和,杨家将演义,通用,中文,萧天佐,碎脸,揉脸,,红色,,,尖眼窝,点形,尖鼻窝,元宝嘴,,,,jpg,414,512,31.7,96,96,24,2020.1.5,,,,,
modern_v1,116,data/raw/脸谱/整理工作/爬虫脸谱图集.zip::爬虫脸谱图集/opera-10-116-s.jpg,opera-10-116-s.jpg,爬虫脸谱图集/opera-10-116-s.jpg,116,116,白天佐,破洪州,花三块瓦脸,user_confirmed_sequence_mapping,Project owner confirmed on 2026-09-20 that Excel 序号 and the image filename number are one-to-one for the current POPF dataset.,present,readable,JPEG,89,110,4461,2f8febbb36850ba8e23ef13d35af3d8182025bf81e6ad7f16cbfe6f3edffd7d7,1,no,jpg,415,512,not_evaluated,yes,,train,42,Sequence mapping is accepted for the current project dataset based on project-owner confirmation. Label analysis uses the current XLS raw 谱式 values.,116,117,116,,白天佐,,将官类,净,武净,破洪州,天门阵,杨家将演义,通用,中文,萧天佐,花三块瓦脸,勾脸,,白色,,狼牙眉,尖眼窝,点形,卷鼻窝,火盆嘴,,,,jpg,415,512,27.8,96,96,24,2020.1.5,,,,,
modern_v1,117,data/raw/脸谱/整理工作/爬虫脸谱图集.zip::爬虫脸谱图集/opera-10-117-s.jpg,opera-10-117-s.jpg,爬虫脸谱图集/opera-10-117-s.jpg,117,117,孟良,洪羊洞,十字门脸,user_confirmed_sequence_mapping,Project owner confirmed on 2026-09-20 that Excel 序号 and the image filename number are one-to-one for the current POPF dataset.,present,readable,JPEG,89,110,4817,aeef230a2c6bae0f029c11c648badfa0db8f77559311ebc7f641c57f226fdec1,1,no,jpg,413,512,not_evaluated,yes,,train,42,Sequence mapping is accepted for the current project dataset based on project-owner confirmation. Label analysis uses the current XLS raw 谱式 values.,117,118,117,,孟良,,将官类,净,正净,洪羊洞,孟良盗骨、三星归位,杨家将演义,马连昆,中文,焦赞,十字门脸,勾脸,,红色,,葫芦眉,垂眼窝,葫芦形,笑鼻窝,,,,,jpg,413,512,29.7,96,96,24,2020.1.5,,,,,
modern_v1,118,data/raw/脸谱/整理工作/爬虫脸谱图集.zip::爬虫脸谱图集/opera-10-118-s.jpg,opera-10-118-s.jpg,爬虫脸谱图集/opera-10-118-s.jpg,118,118,焦赞,三岔口,十字门脸,user_confirmed_sequence_mapping,Project owner confirmed on 2026-09-20 that Excel 序号 and the image filename number are one-to-one for the current POPF dataset.,present,readable,JPEG,90,110,4507,d79f7df0f342fd020aceaf67f50f7efddff338f930117f231d5e4b56777f24e6,1,no,jpg,408,496,not_evaluated,yes,,test,42,Sequence mapping is accepted for the current project dataset based on project-owner confirmation. Label analysis uses the current XLS raw 谱式 values.,118,119,118,,焦赞,,将官类,净,副净,三岔口,焦赞发配,杨家将演义,黄润甫,中文,刘利华,十字门脸,勾脸,,白色,,柳叶眉,垂眼窝,立柱纹,笑鼻窝,,,,,jpg,408,496,27.9,96,96,24,2020.1.5,,,黄润甫（1845年-1916年），满族，北京人。因排行第三，人们都称他为“黄三”。自幼好读诗书，通晓诗文，爱好京剧，拜四喜班的朱志学为师，学习架子花脸。黄润甫表演功架秀丽，神态自然，讲究造型美。在继承和吸收前辈及同辈艺术的同时，加以创造、革新，影响侯喜瑞等一批大家。他通过吸收当代人的一些生活，提炼入戏，逐渐形成了自己的艺术风格，从而创立了架子花脸的第一个表演艺术流派“黄派”。,,
modern_v1,119,data/raw/脸谱/整理工作/爬虫脸谱图集.zip::爬虫脸谱图集/opera-10-119-s.jpg,opera-10-119-s.jpg,爬虫脸谱图集/opera-10-119-s.jpg,119,119,杨延德,五台山,僧道脸,user_confirmed_sequence_mapping,Project owner confirmed on 2026-09-20 that Excel 序号 and the image filename number are one-to-one for the current POPF dataset.,present,readable,JPEG,90,110,4511,cf9fbeedd92c222852294ba5008a4ccff3b9a54560835a076f6de1c821f5919b,1,no,jpg,420,512,not_evaluated,no,class_below_min_samples_per_class_10,,42,Sequence mapping is accepted for the current project dataset based on project-owner confirmation. Label analysis uses the current XLS raw 谱式 values.,119,120,119,,杨延德,杨五郎,将官类,净,副净,五台山,五郎出家、五台会兄、大五台、兄弟会,杨家将演义,何桂山,中文,杨延昭,僧道脸,勾脸,,白色,,点眉,腰子眼窝,舍利子形,笑鼻窝,,,,,jpg,420,512,28.8,96,96,24,2020.1.5,,,,,
modern_v1,120,data/raw/脸谱/整理工作/爬虫脸谱图集.zip::爬虫脸谱图集/opera-10-120-s.jpg,opera-10-120-s.jpg,爬虫脸谱图集/opera-10-120-s.jpg,120,120,杨延嗣,金沙滩,碎脸,user_confirmed_sequence_mapping,Project owner confirmed on 2026-09-20 that Excel 序号 and the image filename number are one-to-one for the current POPF dataset.,present,readable,JPEG,90,110,5214,58087fabb6b56c35de63673d6e7b6f3f2e14c6206222afa8c085bbb62f878d9d,1,no,jpg,419,512,not_evaluated,yes,,train,42,Sequence mapping is accepted for the current project dataset based on project-owner confirmation. Label analysis uses the current XLS raw 谱式 values.,120,121,120,,杨延嗣,杨七郎,将官类,净,武净,金沙滩,双龙会、八虎闯幽州,杨家将演义,尚和玉,中文,天庆王,碎脸,勾脸,,黑色,,环眉,尖眼窝,虎字形,碎鼻窝,虎嘴,,,,jpg,419,512,36.9,96,96,24,2020.1.5,,,,,
modern_v1,121,data/raw/脸谱/整理工作/爬虫脸谱图集.zip::爬虫脸谱图集/opera-11-121-s.jpg,opera-11-121-s.jpg,爬虫脸谱图集/opera-11-121-s.jpg,121,121,杨林,车轮战,三块瓦脸,user_confirmed_sequence_mapping,Project owner confirmed on 2026-09-20 that Excel 序号 and the image filename number are one-to-one for the current POPF dataset.,present,readable,JPEG,83,110,3124,2ededfdf3ca19229f29fcb6beee24c92196ca394fc4fd0b0a49ac99fe952c27b,1,no,jpg,386,512,not_evaluated,yes,,train,42,Sequence mapping is accepted for the current project dataset based on project-owner confirmation. Label analysis uses the current XLS raw 谱式 values.,121,122,121,,杨林,杨虎臣、靠山王,将官类,净,武净,车轮战,,隋唐演义,韩乐卿,中文,韩擒虎,三块瓦脸,勾脸,,粉红色,,锯齿眉,大奸眼窝,随意形,尖鼻窝,,,,,jpg,386,512,25,96,96,24,2020.1.5,,,,,
modern_v1,122,data/raw/脸谱/整理工作/爬虫脸谱图集.zip::爬虫脸谱图集/opera-11-122-s.jpg,opera-11-122-s.jpg,爬虫脸谱图集/opera-11-122-s.jpg,122,122,辛文礼,霓虹关,碎脸,user_confirmed_sequence_mapping,Project owner confirmed on 2026-09-20 that Excel 序号 and the image filename number are one-to-one for the current POPF dataset.,present,readable,JPEG,90,110,3952,d7986c877e6567064db3f0c67efcc32e30b4cf7d9fc7df0091e00cf345f9c378,1,no,jpg,417,512,not_evaluated,yes,,test,42,Sequence mapping is accepted for the current project dataset based on project-owner confirmation. Label analysis uses the current XLS raw 谱式 values.,122,123,122,,辛文礼,,将官类,净,武净,霓虹关,东方夫人、伯当招亲、替夫报仇、黄土关,隋唐演义,朱斌仙,中文,东方氏,碎脸,勾脸,,黑色,,红色眉,,螺形,碎鼻窝,,,,,jpg,417,512,37.1,96,96,24,2020.1.5,,,,,
modern_v1,123,data/raw/脸谱/整理工作/爬虫脸谱图集.zip::爬虫脸谱图集/opera-11-123-s.jpg,opera-11-123-s.jpg,爬虫脸谱图集/opera-11-123-s.jpg,123,123,李克用,珠帘寨,六分脸,user_confirmed_sequence_mapping,Project owner confirmed on 2026-09-20 that Excel 序号 and the image filename number are one-to-one for the current POPF dataset.,present,readable,JPEG,90,110,4112,c7630fd29a15e134eec5c7d0cf1bfa8f4be42f6f361312ba553e5b4b915696f4,1,no,jpg,419,512,not_evaluated,yes,,validation,42,Sequence mapping is accepted for the current project dataset based on project-owner confirmation. Label analysis uses the current XLS raw 谱式 values.,123,124,123,,李克用,李存孝,将官类,净,副净,珠帘寨,竹帘寨、沙陀国、解宝收威,残唐五代史演义,穆凤山,中文,周德威,六分脸,勾脸,,红色,,点眉,,立柱纹,,,,,,jpg,419,512,21.3,96,96,24,2020.1.5,,,,,
modern_v1,124,data/raw/脸谱/整理工作/爬虫脸谱图集.zip::爬虫脸谱图集/opera-11-124-s.jpg,opera-11-124-s.jpg,爬虫脸谱图集/opera-11-124-s.jpg,124,124,胡里,巴骆和,,user_confirmed_sequence_mapping,Project owner confirmed on 2026-09-20 that Excel 序号 and the image filename number are one-to-one for the current POPF dataset.,missing,readable,JPEG,90,110,4771,fc7eccd1468168f698ee35039e9a583b2c67961d3bb493c1f520c551a8e083c4,1,no,jpg,419,512,not_evaluated,no,missing_raw_face_type,,42,Sequence mapping is accepted for the current project dataset based on project-owner confirmation. Label analysis uses the current XLS raw 谱式 values.,124,125,124,,胡里,,英雄类,丑,武丑,巴骆和,,绿牡丹全传,钱金福,中文,巴杰,,揉脸,,黑色,,红色眉,,锥形,蒜头鼻窝,元宝嘴,,,,jpg,419,512,29.3,96,96,24,2020.1.5,,,,,
modern_v1,125,data/raw/脸谱/整理工作/爬虫脸谱图集.zip::爬虫脸谱图集/opera-11-125-s.jpg,opera-11-125-s.jpg,爬虫脸谱图集/opera-11-125-s.jpg,125,125,巴若里,状元媒,碎脸,user_confirmed_sequence_mapping,Project owner confirmed on 2026-09-20 that Excel 序号 and the image filename number are one-to-one for the current POPF dataset.,present,readable,JPEG,90,110,5389,0d385c9ffc5a1a42e7007ff9739fdce87916f5a5811c92e828eb76cac6d44ba6,1,no,jpg,420,512,not_evaluated,yes,,train,42,Sequence mapping is accepted for the current project dataset based on project-owner confirmation. Label analysis uses the current XLS raw 谱式 values.,125,126,125,,巴若里,,将官类,净,武净,状元媒,铜台阵、杨六郎招亲,杨家将演义,通用,中文,傅龙,碎脸,揉脸,,黑色,,,,胆形,碎鼻窝,,,,,jpg,420,512,35,96,96,24,2020.1.5,,,,,
modern_v1,126,data/raw/脸谱/整理工作/爬虫脸谱图集.zip::爬虫脸谱图集/opera-11-126-s.jpg,opera-11-126-s.jpg,爬虫脸谱图集/opera-11-126-s.jpg,126,126,傅龙,状元媒,六分脸,user_confirmed_sequence_mapping,Project owner confirmed on 2026-09-20 that Excel 序号 and the image filename number are one-to-one for the current POPF dataset.,present,readable,JPEG,87,110,3789,dee77b7405f8fcaadce36ce107b0c2fbdee698dd805b15c6fdd0ce6e79775e79,1,no,jpg,406,512,not_evaluated,yes,,train,42,Sequence mapping is accepted for the current project dataset based on project-owner confirmation. Label analysis uses the current XLS raw 谱式 values.,126,127,126,,傅龙,,将官类,净,副净,状元媒,铜台阵、杨六郎招亲,杨家将演义,通用,中文,巴若里,六分脸,勾脸,,粉色,,钩眉,老眼窝,,满鼻窝,,,,,jpg,406,512,23.9,96,96,24,2020.1.5,,,,,
modern_v1,127,data/raw/脸谱/整理工作/爬虫脸谱图集.zip::爬虫脸谱图集/opera-11-127-s.jpg,opera-11-127-s.jpg,爬虫脸谱图集/opera-11-127-s.jpg,127,127,潘洪,清官册,整脸,user_confirmed_sequence_mapping,Project owner confirmed on 2026-09-20 that Excel 序号 and the image filename number are one-to-one for the current POPF dataset.,present,readable,JPEG,123,150,12480,9cf4d95bcab59a7a637ce66a4c2124062f6c9df13aef6e03c27d1a0ab7e0393c,1,no,jpg,412,502,not_evaluated,yes,,train,42,Sequence mapping is accepted for the current project dataset based on project-owner confirmation. Label analysis uses the current XLS raw 谱式 values.,127,128,127,,潘洪,,将官类,净,副净,清官册,审潘洪、升官图、提寇阴审、霞谷县,杨家将演义,郝寿臣,中文,寇准,整脸,抹脸,,白色,,本眉,奸眼窝,,,,,,,jpg,412,502,33.6,150,150,24,2020.1.5,,,郝寿臣（1886年-1961年），著名京剧表演艺术家、教育家，工架子花脸。原籍河北香河，幼年随父迁京，从师吕福善、唐永常、朱子久、阎宝恒等学艺。郝寿臣融金秀山铜锤与黄润甫架子两家艺术于一炉，唱念上自成一格，创成被誉为“架子花脸铜锤唱”的郝派艺术。他以气魄取胜，唱念韵味浑厚，工架凝练，表演浑然一体。他艺术态度严谨，善于刻画人物，数十年艺术生涯中，在220余个剧目中扮演过160多个主要和次要角色。与侯喜瑞、金少山并称“净行三杰”。,,
modern_v1,128,data/raw/脸谱/整理工作/爬虫脸谱图集.zip::爬虫脸谱图集/opera-11-128-s.jpg,opera-11-128-s.jpg,爬虫脸谱图集/opera-11-128-s.jpg,128,128,陶洪,打瓜园,角筝形脸,user_confirmed_sequence_mapping,Project owner confirmed on 2026-09-20 that Excel 序号 and the image filename number are one-to-one for the current POPF dataset.,present,readable,JPEG,123,150,13110,0247ea7b198d3c455f247b741a46954b4e36a90997db3e0b78e2c853af3060fb,1,no,jpg,412,502,not_evaluated,no,class_below_min_samples_per_class_10,,42,Sequence mapping is accepted for the current project dataset based on project-owner confirmation. Label analysis uses the current XLS raw 谱式 values.,128,129,128,,陶洪,,将官类,丑,武丑,打瓜园,,飞龙传,王长林,中文,郑恩,角筝形脸,勾脸,,,,随意眉,,,,,,,,jpg,412,502,37.9,150,150,24,2020.1.5,,,,,
modern_v1,129,data/raw/脸谱/整理工作/爬虫脸谱图集.zip::爬虫脸谱图集/opera-11-129-s.jpg,opera-11-129-s.jpg,爬虫脸谱图集/opera-11-129-s.jpg,129,129,包拯,铡美案,整脸,user_confirmed_sequence_mapping,Project owner confirmed on 2026-09-20 that Excel 序号 and the image filename number are one-to-one for the current POPF dataset.,present,readable,JPEG,123,150,12752,f7971d5583ab9fdb8d86daca2e4cd5933b4e7d30c0f6abb5e1d01fa29dfb63f7,1,no,jpg,412,502,not_evaluated,yes,,validation,42,Sequence mapping is accepted for the current project dataset based on project-owner confirmation. Label analysis uses the current XLS raw 谱式 values.,129,130,129,,包拯,包青天,将官类,净,正净,铡美案,秦香莲,包公案,侯喜瑞,中文,陈世美,整脸,勾脸,,黑色,,勺眉,,月牙形,,,,,,jpg,412,502,38,150,150,24,2020.1.5,,,侯喜瑞（1892年2月23日-1983年2月22日），京剧净角。幼入富连成科班，先学梆子老生，后师从韩乐卿学架子花脸和武花脸戏。出科后拜黄润甫为师，颇得真传，并在严承师教基础上，根据自身条件扬长避短，形成新的艺术风格“侯派”，与金少山、郝寿臣三足鼎立。侯喜瑞虽然嗓音较哑，但字准音足，听起来简练隽永，字字入耳。早年在富连成社担任武生净行教师，晚年在中国戏曲学院、北京市戏曲学校任教。,,
modern_v1,130,data/raw/脸谱/整理工作/爬虫脸谱图集.zip::爬虫脸谱图集/opera-11-130-s.jpg,opera-11-130-s.jpg,爬虫脸谱图集/opera-11-130-s.jpg,130,130,赵虎,铡美案,碎脸,user_confirmed_sequence_mapping,Project owner confirmed on 2026-09-20 that Excel 序号 and the image filename number are one-to-one for the current POPF dataset.,present,readable,JPEG,123,150,13840,641c9a427154e1b3631b8c4bebf0f0968a1aa9fc57c0b23c9bdae4a362dbed0b,1,no,jpg,412,502,not_evaluated,yes,,train,42,Sequence mapping is accepted for the current project dataset based on project-owner confirmation. Label analysis uses the current XLS raw 谱式 values.,130,131,130,,赵虎,,将官类,净,副净,铡美案,秦香莲,包公案,钱金福,中文,包拯,碎脸,勾脸,,黑色,,,,如意钩形,碎鼻窝,,,,,jpg,412,502,40.1,150,150,24,2020.1.5,,,,,
modern_v1,131,data/raw/脸谱/整理工作/爬虫脸谱图集.zip::爬虫脸谱图集/opera-11-131-s.jpg,opera-11-131-s.jpg,爬虫脸谱图集/opera-11-131-s.jpg,131,131,王朝,铡美案,三块瓦脸,user_confirmed_sequence_mapping,Project owner confirmed on 2026-09-20 that Excel 序号 and the image filename number are one-to-one for the current POPF dataset.,present,readable,JPEG,123,150,15199,d0b4a2b895b9803b06d8c8672b693c98f2d93856b1d3ab13e92f8e92f224a2cc,1,no,jpg,412,502,not_evaluated,yes,,validation,42,Sequence mapping is accepted for the current project dataset based on project-owner confirmation. Label analysis uses the current XLS raw 谱式 values.,131,132,131,,王朝,,将官类,净,副净,铡美案,秦香莲,包公案,钱金福,中文,包拯,三块瓦脸,勾脸,,红色,,直眉,尖眼窝,如意钩形,尖鼻窝,,,,,jpg,412,502,63.6,150,150,24,2020.1.5,,,,,
modern_v1,132,data/raw/脸谱/整理工作/爬虫脸谱图集.zip::爬虫脸谱图集/opera-11-132-s.jpg,opera-11-132-s.jpg,爬虫脸谱图集/opera-11-132-s.jpg,132,132,马汉,铡美案,元宝脸,user_confirmed_sequence_mapping,Project owner confirmed on 2026-09-20 that Excel 序号 and the image filename number are one-to-one for the current POPF dataset.,present,readable,JPEG,123,150,13112,c4f39ff56dcdbd3aebbd78109b1fee28f2bf35e383ddcfd83cda78ac543e961e,1,no,jpg,412,502,not_evaluated,no,class_below_min_samples_per_class_10,,42,Sequence mapping is accepted for the current project dataset based on project-owner confirmation. Label analysis uses the current XLS raw 谱式 values.,132,133,132,,马汉,,将官类,净,副净,铡美案,秦香莲,包公案,钱金福,中文,包拯,元宝脸,勾脸,,,,刀眉,直眼窝,,尖鼻窝,,,,,jpg,412,502,40.7,150,150,24,2020.1.5,,,,,
modern_v1,133,data/raw/脸谱/整理工作/爬虫脸谱图集.zip::爬虫脸谱图集/opera-12-133-s.jpg,opera-12-133-s.jpg,爬虫脸谱图集/opera-12-133-s.jpg,133,133,张天龙,双沙河,象形脸,user_confirmed_sequence_mapping,Project owner confirmed on 2026-09-20 that Excel 序号 and the image filename number are one-to-one for the current POPF dataset.,present,readable,JPEG,123,150,13849,7a708dafd4e893e93736c781d8835a0716e459d1051295c3f73da76aee6592e8,1,no,jpg,412,502,not_evaluated,yes,,train,42,Sequence mapping is accepted for the current project dataset based on project-owner confirmation. Label analysis uses the current XLS raw 谱式 values.,133,134,133,,张天龙,,将官类,净,副净,双沙河,吐蕃国、人才驸马,杨家将演义,通用,中文,杨仙童,象形脸,揉脸,,蓝色,,,,手形,满鼻窝,,,,,jpg,412,502,38.9,150,150,24,2020.1.5,,,,,
modern_v1,134,data/raw/脸谱/整理工作/爬虫脸谱图集.zip::爬虫脸谱图集/opera-12-134-s.jpg,opera-12-134-s.jpg,爬虫脸谱图集/opera-12-134-s.jpg,134,134,书童,盗银瓶,,user_confirmed_sequence_mapping,Project owner confirmed on 2026-09-20 that Excel 序号 and the image filename number are one-to-one for the current POPF dataset.,missing,readable,JPEG,123,150,12464,7fbe6910cca88505b8de05cdff5c1040db24d745ebba1fab7ead1f71d6ab3484,1,no,jpg,412,502,not_evaluated,no,missing_raw_face_type,,42,Sequence mapping is accepted for the current project dataset based on project-owner confirmation. Label analysis uses the current XLS raw 谱式 values.,134,135,134,,书童,,,,,盗银瓶,,,,中文,,,,,,,,,,,,,,,jpg,412,502,31,150,150,24,2020.1.5,,,,,
modern_v1,135,data/raw/脸谱/整理工作/爬虫脸谱图集.zip::爬虫脸谱图集/opera-12-135-s.jpg,opera-12-135-s.jpg,爬虫脸谱图集/opera-12-135-s.jpg,135,135,呼延庆,呼延庆打擂,碎脸,user_confirmed_sequence_mapping,Project owner confirmed on 2026-09-20 that Excel 序号 and the image filename number are one-to-one for the current POPF dataset.,present,readable,JPEG,123,150,14105,f340946b8663ec2d49fa95c85fbb49a468c286a72ae4acf5d113cc1008d69269,1,no,jpg,412,502,not_evaluated,yes,,train,42,Sequence mapping is accepted for the current project dataset based on project-owner confirmation. Label analysis uses the current XLS raw 谱式 values.,135,136,135,,呼延庆,,将官类,净,武净,呼延庆打擂,,呼家将,范宝亭,中文,包拯,碎脸,揉脸,,黑色,,凝眉,鸟眼窝,虎字形,哭鼻窝,虎嘴,,,,jpg,412,502,43.7,150,150,24,2020.1.5,,,范宝亭（1887年-1944年2月7日），北京人，著名京剧武净。科班出身，自幼坐科福寿班，和许德义同门。任荣春社教师、中华戏曲专科学校净行教师。范宝亭戏路极广，能演长靠戏、短打戏，经常参加名演员创演的新戏。范宝亭的跌打翻扑的特技功夫是无人与之匹敌的。他演戏不但应付自如，还发扬了他的革新精神。范宝亭有很多弟子，最知名的是刘奎官，厉慧良、景荣庆等也曾受教于他。,,
modern_v1,136,data/raw/脸谱/整理工作/爬虫脸谱图集.zip::爬虫脸谱图集/opera-12-136-s.jpg,opera-12-136-s.jpg,爬虫脸谱图集/opera-12-136-s.jpg,136,136,王文,杨家女将,三块瓦脸,user_confirmed_sequence_mapping,Project owner confirmed on 2026-09-20 that Excel 序号 and the image filename number are one-to-one for the current POPF dataset.,present,readable,JPEG,123,150,13196,b08c8a586fa0a70fe73c88fdd1c2d2cf5dbf9dfa9a7ff089382989c0238836ab,1,no,jpg,412,502,not_evaluated,yes,,train,42,Sequence mapping is accepted for the current project dataset based on project-owner confirmation. Label analysis uses the current XLS raw 谱式 values.,136,137,136,,王文,,将官类,净,武净,杨家女将,,杨家将演义,通用,中文,杨文广,三块瓦脸,勾脸,,白色,,奸眉,尖眼窝,线形,尖鼻窝,,,,,jpg,412,502,38.8,150,150,24,2020.1.5,,,,,
modern_v1,137,data/raw/脸谱/整理工作/爬虫脸谱图集.zip::爬虫脸谱图集/opera-12-137-s.jpg,opera-12-137-s.jpg,爬虫脸谱图集/opera-12-137-s.jpg,137,137,韩彰,花蝴蝶,三块瓦脸,user_confirmed_sequence_mapping,Project owner confirmed on 2026-09-20 that Excel 序号 and the image filename number are one-to-one for the current POPF dataset.,present,readable,JPEG,123,151,14851,7e152a93c32626992e453b525b89fe021c3086b66217d5bab0990a170ff1f3ab,1,no,jpg,412,503,not_evaluated,yes,,train,42,Sequence mapping is accepted for the current project dataset based on project-owner confirmation. Label analysis uses the current XLS raw 谱式 values.,137,138,137,,韩彰,,英雄类,净,武净,花蝴蝶,邓家堡、鸳鸯桥,三侠五义,李春来,中文,徐庆、卢方,三块瓦脸,勾脸,,蓝色,,螳螂眉,尖眼窝,随意形,卷鼻窝,,,,,jpg,412,503,45.3,150,150,24,2020.1.5,,,李春来（1855-1925），京剧武生演员，字起山，河北高碑店人。早年在北京丰台喜春台梆子科班坐科。出科后在京津一带演出，后漂泊至上海，虽一度返京，但最后久居上海。其身材魁梧，武技精湛，动作迅捷、边式，开打干净、利索，以短打戏见长，且多独到之处。李春来被尊为南派武生宗师。与俞菊笙、黄月山并称为京剧武生三大流派。,,
modern_v1,138,data/raw/脸谱/整理工作/爬虫脸谱图集.zip::爬虫脸谱图集/opera-12-138-s.jpg,opera-12-138-s.jpg,爬虫脸谱图集/opera-12-138-s.jpg,138,138,徐庆,花蝴蝶,碎脸,user_confirmed_sequence_mapping,Project owner confirmed on 2026-09-20 that Excel 序号 and the image filename number are one-to-one for the current POPF dataset.,present,readable,JPEG,123,150,14361,c219e0540b74638446ad4cd66e5c512d088b9892a537b6243d88b7e432ea6a7e,1,no,jpg,412,502,not_evaluated,yes,,train,42,Sequence mapping is accepted for the current project dataset based on project-owner confirmation. Label analysis uses the current XLS raw 谱式 values.,138,139,138,,徐庆,,英雄类,净,武净,花蝴蝶,邓家堡、鸳鸯桥,三侠五义,李春来,中文,韩彰、卢方,碎脸,勾脸,,绿色,,螳螂眉,环眼窝,锥形,碎鼻窝,,,,,jpg,412,502,49.2,150,150,24,2020.1.5,,,李春来（1855-1925），京剧武生演员，字起山，河北高碑店人。早年在北京丰台喜春台梆子科班坐科。出科后在京津一带演出，后漂泊至上海，虽一度返京，但最后久居上海。其身材魁梧，武技精湛，动作迅捷、边式，开打干净、利索，以短打戏见长，且多独到之处。李春来被尊为南派武生宗师。与俞菊笙、黄月山并称为京剧武生三大流派。,,
modern_v1,139,data/raw/脸谱/整理工作/爬虫脸谱图集.zip::爬虫脸谱图集/opera-12-139-s.jpg,opera-12-139-s.jpg,爬虫脸谱图集/opera-12-139-s.jpg,139,139,卢方,花蝴蝶,三块瓦脸,user_confirmed_sequence_mapping,Project owner confirmed on 2026-09-20 that Excel 序号 and the image filename number are one-to-one for the current POPF dataset.,present,readable,JPEG,123,150,13349,8e9170db33a4a54ccda00eff9eef59f0f1b15f8d993ed37dcad88bf9dc2c8774,1,no,jpg,412,502,not_evaluated,yes,,validation,42,Sequence mapping is accepted for the current project dataset based on project-owner confirmation. Label analysis uses the current XLS raw 谱式 values.,139,140,139,,卢方,,英雄类,净,武净,花蝴蝶,邓家堡、鸳鸯桥,三侠五义,李春来,中文,韩彰、徐庆,三块瓦脸,勾脸,,粉色,,,老眼窝,扇形,灰鼻窝,,,,,jpg,412,502,39.7,150,150,24,2020.1.5,,,李春来（1855-1925），京剧武生演员，字起山，河北高碑店人。早年在北京丰台喜春台梆子科班坐科。出科后在京津一带演出，后漂泊至上海，虽一度返京，但最后久居上海。其身材魁梧，武技精湛，动作迅捷、边式，开打干净、利索，以短打戏见长，且多独到之处。李春来被尊为南派武生宗师。与俞菊笙、黄月山并称为京剧武生三大流派。,,
modern_v1,140,data/raw/脸谱/整理工作/爬虫脸谱图集.zip::爬虫脸谱图集/opera-12-140-s.jpg,opera-12-140-s.jpg,爬虫脸谱图集/opera-12-140-s.jpg,140,140,蒋平,蒋平捞印,,user_confirmed_sequence_mapping,Project owner confirmed on 2026-09-20 that Excel 序号 and the image filename number are one-to-one for the current POPF dataset.,missing,readable,JPEG,123,150,12688,8cee4d7a3f48e771d6d5b800bd667036f1fd9e073ec43b3ffdb0a471bbcf32a3,1,no,jpg,412,502,not_evaluated,no,missing_raw_face_type,,42,Sequence mapping is accepted for the current project dataset based on project-owner confirmation. Label analysis uses the current XLS raw 谱式 values.,140,141,140,,蒋平,,,丑,,蒋平捞印,,,,中文,,,,,,,随意眉,,,,,,,,jpg,412,502,38.5,150,150,24,2020.1.5,,,,,
modern_v1,141,data/raw/脸谱/整理工作/爬虫脸谱图集.zip::爬虫脸谱图集/opera-12-141-s.jpg,opera-12-141-s.jpg,爬虫脸谱图集/opera-12-141-s.jpg,141,141,公孙胜,黄泥岗,三块瓦脸,user_confirmed_sequence_mapping,Project owner confirmed on 2026-09-20 that Excel 序号 and the image filename number are one-to-one for the current POPF dataset.,present,readable,JPEG,123,150,14583,d8ca3f88cbb747f23da96bcc19152ae26acebf743f26a1ee39d32e1fdd7614ff,1,no,jpg,412,502,not_evaluated,yes,,validation,42,Sequence mapping is accepted for the current project dataset based on project-owner confirmation. Label analysis uses the current XLS raw 谱式 values.,141,142,141,,公孙胜,入云龙,英雄类,净,副净,黄泥岗,生辰纲、七星聚义,水浒传,盖叫天,中文,晁盖,三块瓦脸,勾脸,,红色,,刀眉,尖眼窝,太极形,卷鼻窝,,,,,jpg,412,502,45.9,150,150,24,2020.1.5,,,盖叫天（1888年-1971年1月15日），原名张英杰，号燕南，河北高阳县人，著名京剧表演艺术家。自幼入天津隆庆利科班，习武生。他继承南派武生创始人李春来的艺术风格，兼收京剧和昆曲各派武生表演艺术的长处，并借鉴武术，仔细观察自然界的各种现象，充实自身塑造人物形象的表现力。他以丰富的武打技术和人物形体美的造型，逐渐形成了独具特色的“盖派”表演艺术。因擅演《武松》，有“江南活武松”之誉。,,
modern_v1,142,data/raw/脸谱/整理工作/爬虫脸谱图集.zip::爬虫脸谱图集/opera-12-142-s.jpg,opera-12-142-s.jpg,爬虫脸谱图集/opera-12-142-s.jpg,142,142,刘唐,浔阳楼,十字门脸,user_confirmed_sequence_mapping,Project owner confirmed on 2026-09-20 that Excel 序号 and the image filename number are one-to-one for the current POPF dataset.,present,readable,JPEG,123,150,14384,39f9aa4b459699b3de4cbf7e68cbf847e0e770164dc9ad58bdd81aafd28f142c,1,no,jpg,412,502,not_evaluated,yes,,test,42,Sequence mapping is accepted for the current project dataset based on project-owner confirmation. Label analysis uses the current XLS raw 谱式 values.,142,143,142,,刘唐,赤发鬼,英雄类,净,武净,浔阳楼,闹江州,水浒传,盖叫天,中文,晁盖,十字门脸,勾脸,,蓝色,,,垂眼窝,葫芦形,笑鼻窝,,,,,jpg,412,502,42.3,150,150,24,2020.1.5,,,盖叫天（1888年-1971年1月15日），原名张英杰，号燕南，河北高阳县人，著名京剧表演艺术家。自幼入天津隆庆利科班，习武生。他继承南派武生创始人李春来的艺术风格，兼收京剧和昆曲各派武生表演艺术的长处，并借鉴武术，仔细观察自然界的各种现象，充实自身塑造人物形象的表现力。他以丰富的武打技术和人物形体美的造型，逐渐形成了独具特色的“盖派”表演艺术。因擅演《武松》，有“江南活武松”之誉。,,
modern_v1,143,data/raw/脸谱/整理工作/爬虫脸谱图集.zip::爬虫脸谱图集/opera-12-143-s.jpg,opera-12-143-s.jpg,爬虫脸谱图集/opera-12-143-s.jpg,143,143,晁盖,浔阳楼,三块瓦脸,user_confirmed_sequence_mapping,Project owner confirmed on 2026-09-20 that Excel 序号 and the image filename number are one-to-one for the current POPF dataset.,present,readable,JPEG,123,150,13398,2786191a41db6c4682ab11850d419ec54d8dfcbf5679506e4d1fbf3378a2ffac,1,no,jpg,412,502,not_evaluated,yes,,train,42,Sequence mapping is accepted for the current project dataset based on project-owner confirmation. Label analysis uses the current XLS raw 谱式 values.,143,144,143,,晁盖,晁天王,英雄类,净,副净,浔阳楼,闹江州,水浒传,盖叫天,中文,杨志,三块瓦脸,勾脸,,黄色,,刀眉,老眼窝,随意形,灰鼻窝,,,,,jpg,412,502,36.9,150,150,24,2020.1.5,,,盖叫天（1888年-1971年1月15日），原名张英杰，号燕南，河北高阳县人，著名京剧表演艺术家。自幼入天津隆庆利科班，习武生。他继承南派武生创始人李春来的艺术风格，兼收京剧和昆曲各派武生表演艺术的长处，并借鉴武术，仔细观察自然界的各种现象，充实自身塑造人物形象的表现力。他以丰富的武打技术和人物形体美的造型，逐渐形成了独具特色的“盖派”表演艺术。因擅演《武松》，有“江南活武松”之誉。,,
modern_v1,144,data/raw/脸谱/整理工作/爬虫脸谱图集.zip::爬虫脸谱图集/opera-12-144-s.jpg,opera-12-144-s.jpg,爬虫脸谱图集/opera-12-144-s.jpg,144,144,鲁智深,野猪林,僧道脸,user_confirmed_sequence_mapping,Project owner confirmed on 2026-09-20 that Excel 序号 and the image filename number are one-to-one for the current POPF dataset.,present,readable,JPEG,123,150,13571,bc8ff070ab312c74a9b6548a8e19d0c6594423e4997a252824d5f84c14160b30,1,no,jpg,412,502,not_evaluated,no,class_below_min_samples_per_class_10,,42,Sequence mapping is accepted for the current project dataset based on project-owner confirmation. Label analysis uses the current XLS raw 谱式 values.,144,145,144,,鲁智深,花和尚,英雄类,净,副净,野猪林,英雄血泪图、山神庙,水浒传,袁世海,中文,高俅,僧道脸,勾脸,,白色,,棒槌眉,腰子眼窝,舍利子形,笑鼻窝,,,,,jpg,412,502,42.9,150,150,24,2020.1.5,,,,,
modern_v1,145,data/raw/脸谱/整理工作/爬虫脸谱图集.zip::爬虫脸谱图集/opera-13-145-s.jpg,opera-13-145-s.jpg,爬虫脸谱图集/opera-13-145-s.jpg,145,145,李逵,清风寨,花三块瓦脸,user_confirmed_sequence_mapping,Project owner confirmed on 2026-09-20 that Excel 序号 and the image filename number are one-to-one for the current POPF dataset.,present,readable,JPEG,123,150,13818,3941e6921eaf51c34efeb21d9b9aad717064413a0374e413f0f44f349799be6d,1,no,jpg,412,503,not_evaluated,yes,,train,42,Sequence mapping is accepted for the current project dataset based on project-owner confirmation. Label analysis uses the current XLS raw 谱式 values.,145,146,145,,李逵,黑旋风,英雄类,净,副净,清风寨,娶李逵、青风寨、小鳌山,水浒传,袁世海,中文,刘通,花三块瓦脸,勾脸,,黑色,,刀眉,垂眼窝,圆形,笑鼻窝,,,,,jpg,412,503,44.8,150,150,24,2020.1.5,,,,,
modern_v1,146,data/raw/脸谱/整理工作/爬虫脸谱图集.zip::爬虫脸谱图集/opera-13-146-s.jpg,opera-13-146-s.jpg,爬虫脸谱图集/opera-13-146-s.jpg,146,146,杨志,黄泥岗,碎脸,user_confirmed_sequence_mapping,Project owner confirmed on 2026-09-20 that Excel 序号 and the image filename number are one-to-one for the current POPF dataset.,present,readable,JPEG,123,150,15430,0cbf11e065ec9e384ab14ebd25ef46dc791386aba72bbb5eab8dda8a7dbced1e,1,no,jpg,412,502,not_evaluated,yes,,train,42,Sequence mapping is accepted for the current project dataset based on project-owner confirmation. Label analysis uses the current XLS raw 谱式 values.,146,147,146,,杨志,青面兽,英雄类,净,武净,黄泥岗,生辰纲、七星聚义,水浒传,盖叫天,中文,晁盖,碎脸,勾脸,,蓝色,,狼牙眉,,随意形,碎鼻窝,,,,,jpg,412,502,55.1,150,150,24,2020.1.5,,,盖叫天（1888年-1971年1月15日），原名张英杰，号燕南，河北高阳县人，著名京剧表演艺术家。自幼入天津隆庆利科班，习武生。他继承南派武生创始人李春来的艺术风格，兼收京剧和昆曲各派武生表演艺术的长处，并借鉴武术，仔细观察自然界的各种现象，充实自身塑造人物形象的表现力。他以丰富的武打技术和人物形体美的造型，逐渐形成了独具特色的“盖派”表演艺术。因擅演《武松》，有“江南活武松”之誉。,,
modern_v1,147,data/raw/脸谱/整理工作/爬虫脸谱图集.zip::爬虫脸谱图集/opera-13-147-s.jpg,opera-13-147-s.jpg,爬虫脸谱图集/opera-13-147-s.jpg,147,147,白胜,黄泥岗,,user_confirmed_sequence_mapping,Project owner confirmed on 2026-09-20 that Excel 序号 and the image filename number are one-to-one for the current POPF dataset.,missing,readable,JPEG,123,150,12546,363fbda12852d71b2a201a409272bc0ecc9544865bb42754d11dc4a590fd0293,1,no,jpg,412,502,not_evaluated,no,missing_raw_face_type,,42,Sequence mapping is accepted for the current project dataset based on project-owner confirmation. Label analysis uses the current XLS raw 谱式 values.,147,148,147,,白胜,,英雄类,丑,,黄泥岗,生辰纲、七星聚义,水浒传,,中文,,,,,,,,,,,,,,,jpg,412,502,32.4,150,150,24,2020.1.5,,,,,
modern_v1,148,data/raw/脸谱/整理工作/爬虫脸谱图集.zip::爬虫脸谱图集/opera-13-148-s.jpg,opera-13-148-s.jpg,爬虫脸谱图集/opera-13-148-s.jpg,148,148,王英,神州擂,碎脸,user_confirmed_sequence_mapping,Project owner confirmed on 2026-09-20 that Excel 序号 and the image filename number are one-to-one for the current POPF dataset.,present,readable,JPEG,123,150,15164,7ceb12cce50ddc87d9deb9f173595a5af62d03643f72236988753c7e5f72e95d,1,no,jpg,412,502,not_evaluated,yes,,test,42,Sequence mapping is accepted for the current project dataset based on project-owner confirmation. Label analysis uses the current XLS raw 谱式 values.,148,149,148,,王英,矮脚虎,英雄类,净,武净,神州擂,大神州、燕青打擂、神州擂台,水浒传,,中文,,碎脸,勾脸,,黄色,,,尖眼窝,随意形,,火盆嘴,,,,jpg,412,502,48.4,150,150,24,2020.1.5,,,,,
modern_v1,149,data/raw/脸谱/整理工作/爬虫脸谱图集.zip::爬虫脸谱图集/opera-13-149-s.jpg,opera-13-149-s.jpg,爬虫脸谱图集/opera-13-149-s.jpg,149,149,宣赞,收关胜,碎脸,user_confirmed_sequence_mapping,Project owner confirmed on 2026-09-20 that Excel 序号 and the image filename number are one-to-one for the current POPF dataset.,present,readable,JPEG,123,150,14802,8e9429f841ac41f531169aefb77610c0e7e42e1d6916c58d7f94845843f2c040,1,no,jpg,412,502,not_evaluated,yes,,train,42,Sequence mapping is accepted for the current project dataset based on project-owner confirmation. Label analysis uses the current XLS raw 谱式 values.,149,150,149,,宣赞,丑郡马,将官类,净,武净,收关胜,请关胜、战泊口、大兴梁山,水浒传,通用,中文,索超,碎脸,勾脸,,黑色,,云眉,花眼窝,锥形,尖鼻窝,,,,,jpg,412,502,49.7,150,150,24,2020.1.5,,,,,
modern_v1,150,data/raw/脸谱/整理工作/爬虫脸谱图集.zip::爬虫脸谱图集/opera-13-150-s.jpg,opera-13-150-s.jpg,爬虫脸谱图集/opera-13-150-s.jpg,150,150,呼延灼,青州府,碎脸,user_confirmed_sequence_mapping,Project owner confirmed on 2026-09-20 that Excel 序号 and the image filename number are one-to-one for the current POPF dataset.,present,readable,JPEG,123,150,15305,e630a231b11f32e569378e8ba0a7178e8b1a5cc36216c5b013bbad0e9e6e22ec,1,no,jpg,412,502,not_evaluated,yes,,validation,42,Sequence mapping is accepted for the current project dataset based on project-owner confirmation. Label analysis uses the current XLS raw 谱式 values.,150,151,150,,呼延灼,双鞭,英雄类,净,武净,青州府,瓦砾场,水浒传,骆连翔,中文,秦明,碎脸,勾脸,,黑色,,狼牙眉,垂眼窝,随意形,碎鼻窝,,,,,jpg,412,502,55.1,150,150,24,2020.1.5,,,,,
modern_v1,151,data/raw/脸谱/整理工作/爬虫脸谱图集.zip::爬虫脸谱图集/opera-13-151-s.jpg,opera-13-151-s.jpg,爬虫脸谱图集/opera-13-151-s.jpg,151,151,秦明,青州府,碎脸,user_confirmed_sequence_mapping,Project owner confirmed on 2026-09-20 that Excel 序号 and the image filename number are one-to-one for the current POPF dataset.,present,readable,JPEG,123,150,14979,52411277150b5451f608832552777af43237041e44b5b5ff94bcf010f5bad2b5,1,no,jpg,412,502,not_evaluated,yes,,test,42,Sequence mapping is accepted for the current project dataset based on project-owner confirmation. Label analysis uses the current XLS raw 谱式 values.,151,152,151,,秦明,霹雳火,英雄类,净,武净,青州府,瓦砾场,水浒传,俞振庭,中文,呼延灼,碎脸,勾脸,,红色,,狼牙眉,垂眼窝,随意形,碎鼻窝,,,,,jpg,412,502,51.6,150,150,24,2020.1.5,,,,,
modern_v1,152,data/raw/脸谱/整理工作/爬虫脸谱图集.zip::爬虫脸谱图集/opera-13-152-s.jpg,opera-13-152-s.jpg,爬虫脸谱图集/opera-13-152-s.jpg,152,152,索超,收关胜,三块瓦脸,user_confirmed_sequence_mapping,Project owner confirmed on 2026-09-20 that Excel 序号 and the image filename number are one-to-one for the current POPF dataset.,present,readable,JPEG,123,150,14940,399a108fa88cbd22119b6611df03f328ca001a7364af992f2698eaa122d6e0ea,1,no,jpg,412,502,not_evaluated,yes,,train,42,Sequence mapping is accepted for the current project dataset based on project-owner confirmation. Label analysis uses the current XLS raw 谱式 values.,152,153,152,,索超,急先锋,将官类,净,武净,收关胜,请关胜、战泊口、大兴梁山,水浒传,韩富信,中文,宣赞,三块瓦脸,勾脸,,蓝色,,钩眉,大奸眼窝,线形,尖鼻窝,,,,,jpg,412,502,48.4,150,150,24,2020.1.5,,,,,
modern_v1,153,data/raw/脸谱/整理工作/爬虫脸谱图集.zip::爬虫脸谱图集/opera-13-153-s.jpg,opera-13-153-s.jpg,爬虫脸谱图集/opera-13-153-s.jpg,153,153,周通,花田错,碎脸,user_confirmed_sequence_mapping,Project owner confirmed on 2026-09-20 that Excel 序号 and the image filename number are one-to-one for the current POPF dataset.,present,readable,JPEG,123,150,15307,c5ca48c31108e75d54c626fcda42ef2b67b517eaf2d037cd2aee2e32be05fedd,1,no,jpg,412,502,not_evaluated,yes,,train,42,Sequence mapping is accepted for the current project dataset based on project-owner confirmation. Label analysis uses the current XLS raw 谱式 values.,153,154,153,,周通,小霸王,英雄类,净,武净,花田错,花田八错、花轿娶和尚,水浒传,侯喜瑞,中文,卞机,碎脸,勾脸,,黑色,,钩眉,花眼窝,王字形,碎鼻窝,虎嘴,,,,jpg,412,502,56.8,150,150,24,2020.1.5,,,侯喜瑞（1892年2月23日-1983年2月22日），京剧净角。幼入富连成科班，先学梆子老生，后师从韩乐卿学架子花脸和武花脸戏。出科后拜黄润甫为师，颇得真传，并在严承师教基础上，根据自身条件扬长避短，形成新的艺术风格“侯派”，与金少山、郝寿臣三足鼎立。侯喜瑞虽然嗓音较哑，但字准音足，听起来简练隽永，字字入耳。早年在富连成社担任武生净行教师，晚年在中国戏曲学院、北京市戏曲学校任教。,,
modern_v1,154,data/raw/脸谱/整理工作/爬虫脸谱图集.zip::爬虫脸谱图集/opera-13-154-s.jpg,opera-13-154-s.jpg,爬虫脸谱图集/opera-13-154-s.jpg,154,154,关胜,收关胜,三块瓦脸,user_confirmed_sequence_mapping,Project owner confirmed on 2026-09-20 that Excel 序号 and the image filename number are one-to-one for the current POPF dataset.,present,readable,JPEG,123,150,13855,bb3b9c6413bb4d333f7c8d2f0a54ff29848ae651176a3ff1d44beab10c43d462,1,no,jpg,412,502,not_evaluated,yes,,validation,42,Sequence mapping is accepted for the current project dataset based on project-owner confirmation. Label analysis uses the current XLS raw 谱式 values.,154,155,154,,关胜,大刀,英雄类,净,武净,收关胜,请关胜、战泊口、大兴梁山,水浒传,钱金福,中文,呼延灼,三块瓦脸,勾脸,,红色,,刀眉,尖眼窝,,卷鼻窝,,,,,jpg,412,502,46,150,150,24,2020.1.5,,,,,
modern_v1,155,data/raw/脸谱/整理工作/爬虫脸谱图集.zip::爬虫脸谱图集/opera-13-155-s.jpg,opera-13-155-s.jpg,爬虫脸谱图集/opera-13-155-s.jpg,155,155,汤隆,雁翎甲,碎脸,user_confirmed_sequence_mapping,Project owner confirmed on 2026-09-20 that Excel 序号 and the image filename number are one-to-one for the current POPF dataset.,present,readable,JPEG,123,150,15356,83717b6c72caa94159cffb2f244ef0c62a0f3d88d15b646a553e1e105676a964,1,no,jpg,412,502,not_evaluated,yes,,train,42,Sequence mapping is accepted for the current project dataset based on project-owner confirmation. Label analysis uses the current XLS raw 谱式 values.,155,156,155,,汤隆,金钱豹子,英雄类,净,武净,雁翎甲,时迁盗甲,水浒传,通用,中文,时迁,碎脸,勾脸,,黄色,,钩眉,大奸眼窝,钱形,碎鼻窝,,,,,jpg,412,502,61.2,150,150,24,2020.1.5,,,,,
modern_v1,156,data/raw/脸谱/整理工作/爬虫脸谱图集.zip::爬虫脸谱图集/opera-13-156-s.jpg,opera-13-156-s.jpg,爬虫脸谱图集/opera-13-156-s.jpg,156,156,杨林,石秀探庄,三块瓦脸,user_confirmed_sequence_mapping,Project owner confirmed on 2026-09-20 that Excel 序号 and the image filename number are one-to-one for the current POPF dataset.,present,readable,JPEG,123,150,14336,d6993c4e2229ec0656ebec1c59cb719874675b42429d2c25b7fa5a08a78118f1,1,no,jpg,412,502,not_evaluated,yes,,test,42,Sequence mapping is accepted for the current project dataset based on project-owner confirmation. Label analysis uses the current XLS raw 谱式 values.,156,157,156,,杨林,,英雄类,净,武净,石秀探庄,探庄射灯,水浒传,通用,中文,栾廷玉,三块瓦脸,勾脸,,黄色,,刀眉,尖眼窝,胆形,笑鼻窝,,,,,jpg,412,502,48.3,150,150,24,2020.1.5,,,,,
modern_v1,157,data/raw/脸谱/整理工作/爬虫脸谱图集.zip::爬虫脸谱图集/opera-14-157-s.jpg,opera-14-157-s.jpg,爬虫脸谱图集/opera-14-157-s.jpg,157,157,祝龙,三打祝家庄,碎脸,user_confirmed_sequence_mapping,Project owner confirmed on 2026-09-20 that Excel 序号 and the image filename number are one-to-one for the current POPF dataset.,present,readable,JPEG,123,150,14732,0c561fc06a5989d54ed9f977b4820933b6602174283555293e14baf89a16a4ad,1,no,jpg,412,502,not_evaluated,yes,,train,42,Sequence mapping is accepted for the current project dataset based on project-owner confirmation. Label analysis uses the current XLS raw 谱式 values.,157,158,157,,祝龙,,将官类,净,武净,三打祝家庄,,水浒传,通用,中文,祝虎、祝彪,碎脸,勾脸,,绿色,,红黄眉,,胆形,碎鼻窝,火盆嘴,,,,jpg,412,502,45.7,150,150,24,2020.1.5,,,,,
modern_v1,158,data/raw/脸谱/整理工作/爬虫脸谱图集.zip::爬虫脸谱图集/opera-14-158-s.jpg,opera-14-158-s.jpg,爬虫脸谱图集/opera-14-158-s.jpg,158,158,祝虎,三打祝家庄,碎脸,user_confirmed_sequence_mapping,Project owner confirmed on 2026-09-20 that Excel 序号 and the image filename number are one-to-one for the current POPF dataset.,present,readable,JPEG,123,150,15696,517fb2528b32719c5bc4dc3642d2eee4df18061f23dc346216859d7a69fa54a3,1,no,jpg,412,502,not_evaluated,yes,,train,42,Sequence mapping is accepted for the current project dataset based on project-owner confirmation. Label analysis uses the current XLS raw 谱式 values.,158,159,158,,祝虎,,将官类,净,武净,三打祝家庄,,水浒传,通用,中文,祝龙、祝彪,碎脸,勾脸,,蓝色,,红黄眉,花眼窝,随意形,碎鼻窝,火盆嘴,,,,jpg,412,502,49.5,150,150,24,2020.1.5,,,,,
modern_v1,159,data/raw/脸谱/整理工作/爬虫脸谱图集.zip::爬虫脸谱图集/opera-14-159-s.jpg,opera-14-159-s.jpg,爬虫脸谱图集/opera-14-159-s.jpg,159,159,栾廷玉,石秀探庄,三块瓦脸,user_confirmed_sequence_mapping,Project owner confirmed on 2026-09-20 that Excel 序号 and the image filename number are one-to-one for the current POPF dataset.,present,readable,JPEG,123,150,14491,7c21b232f02e3f0c96d4dd88037872c1a8e8dd70fe66f0ed6b07d435ca7fd8a8,1,no,jpg,412,502,not_evaluated,yes,,train,42,Sequence mapping is accepted for the current project dataset based on project-owner confirmation. Label analysis uses the current XLS raw 谱式 values.,159,160,159,,栾廷玉,,英雄类,净,武净,石秀探庄,探庄射灯,水浒传,韩富信,中文,石秀,三块瓦脸,勾脸,,紫红色,,螳螂眉,大奸眼窝,如意钩形,尖鼻窝,,,,,jpg,412,502,41.8,150,150,24,2020.1.5,,,,,
modern_v1,160,data/raw/脸谱/整理工作/爬虫脸谱图集.zip::爬虫脸谱图集/opera-14-160-s.jpg,opera-14-160-s.jpg,爬虫脸谱图集/opera-14-160-s.jpg,160,160,祝彪,三打祝家庄,歪脸,user_confirmed_sequence_mapping,Project owner confirmed on 2026-09-20 that Excel 序号 and the image filename number are one-to-one for the current POPF dataset.,present,readable,JPEG,123,150,13405,c89aa5518cf5cd67ddde304e9a0f877be12360b52e976fb86b1f0c1e164902b7,1,no,jpg,412,502,not_evaluated,no,class_below_min_samples_per_class_10,,42,Sequence mapping is accepted for the current project dataset based on project-owner confirmation. Label analysis uses the current XLS raw 谱式 values.,160,161,160,,祝彪,,将官类,净,武净,三打祝家庄,,水浒传,通用,中文,祝龙、祝虎,歪脸,勾脸,,白色,,凝眉,鸟眼窝,线形,歪鼻窝,歪嘴,,,,jpg,412,502,36.2,150,150,24,2020.1.5,,,,,
modern_v1,161,data/raw/脸谱/整理工作/爬虫脸谱图集.zip::爬虫脸谱图集/opera-14-161-s.jpg,opera-14-161-s.jpg,爬虫脸谱图集/opera-14-161-s.jpg,161,161,张顺,秦淮河,花三块瓦脸,user_confirmed_sequence_mapping,Project owner confirmed on 2026-09-20 that Excel 序号 and the image filename number are one-to-one for the current POPF dataset.,present,readable,JPEG,123,150,13809,01958eacac136db12cd118631573af032b07c4eaf7a393cacf3cc6ae4df4a3aa,1,no,jpg,412,502,not_evaluated,yes,,train,42,Sequence mapping is accepted for the current project dataset based on project-owner confirmation. Label analysis uses the current XLS raw 谱式 values.,161,162,161,,张顺,浪里白条,英雄类,净,武净,秦淮河,大嫖院、贪欢报,水浒传,范宝亭,中文,安道全,花三块瓦脸,勾脸,,白色,,钩眉,垂眼窝,线形,尖鼻窝,火盆嘴,,,,jpg,412,502,41.6,150,150,24,2020.1.5,,,范宝亭（1887年-1944年2月7日），北京人，著名京剧武净。科班出身，自幼坐科福寿班，和许德义同门。任荣春社教师、中华戏曲专科学校净行教师。范宝亭戏路极广，能演长靠戏、短打戏，经常参加名演员创演的新戏。范宝亭的跌打翻扑的特技功夫是无人与之匹敌的。他演戏不但应付自如，还发扬了他的革新精神。范宝亭有很多弟子，最知名的是刘奎官，厉慧良、景荣庆等也曾受教于他。,,
modern_v1,162,data/raw/脸谱/整理工作/爬虫脸谱图集.zip::爬虫脸谱图集/opera-14-162-s.jpg,opera-14-162-s.jpg,爬虫脸谱图集/opera-14-162-s.jpg,162,162,徐士英,艳阳楼,碎脸,user_confirmed_sequence_mapping,Project owner confirmed on 2026-09-20 that Excel 序号 and the image filename number are one-to-one for the current POPF dataset.,present,readable,JPEG,123,150,14438,169c4562ea5986518f162edb7d854716d3fd70403a7699a68ecf65c852759474,1,no,jpg,412,502,not_evaluated,yes,,train,42,Sequence mapping is accepted for the current project dataset based on project-owner confirmation. Label analysis uses the current XLS raw 谱式 values.,162,163,162,,徐士英,,英雄类,净,武净,艳阳楼,拿高登、大破仙人担,水浒传,钱宝森,中文,高登,碎脸,勾脸,,绿色,,刀眉,环眼窝,胆形,碎鼻窝,虎嘴,,,,jpg,412,502,48.2,150,150,24,2020.1.5,,,,,
modern_v1,163,data/raw/脸谱/整理工作/爬虫脸谱图集.zip::爬虫脸谱图集/opera-14-163-s.jpg,opera-14-163-s.jpg,爬虫脸谱图集/opera-14-163-s.jpg,163,163,倪荣,打渔杀家,碎脸,user_confirmed_sequence_mapping,Project owner confirmed on 2026-09-20 that Excel 序号 and the image filename number are one-to-one for the current POPF dataset.,present,readable,JPEG,123,150,14702,8a098085e2c59325bb1b0952e667a26830bfec74fa3e7d96a51b81c95f58ac96,1,no,jpg,412,502,not_evaluated,yes,,validation,42,Sequence mapping is accepted for the current project dataset based on project-owner confirmation. Label analysis uses the current XLS raw 谱式 values.,163,164,163,,倪荣,,英雄类,净,武净,打渔杀家,庆顶珠、讨渔税,水浒后传,侯喜瑞,中文,萧恩,碎脸,勾脸,,绿色,,钩眉,环眼窝,胆形,碎鼻窝,,,,,jpg,412,502,48.1,150,150,24,2020.1.5,,,侯喜瑞（1892年2月23日-1983年2月22日），京剧净角。幼入富连成科班，先学梆子老生，后师从韩乐卿学架子花脸和武花脸戏。出科后拜黄润甫为师，颇得真传，并在严承师教基础上，根据自身条件扬长避短，形成新的艺术风格“侯派”，与金少山、郝寿臣三足鼎立。侯喜瑞虽然嗓音较哑，但字准音足，听起来简练隽永，字字入耳。早年在富连成社担任武生净行教师，晚年在中国戏曲学院、北京市戏曲学校任教。,,
modern_v1,164,data/raw/脸谱/整理工作/爬虫脸谱图集.zip::爬虫脸谱图集/opera-14-164-s.jpg,opera-14-164-s.jpg,爬虫脸谱图集/opera-14-164-s.jpg,164,164,时迁,雁翎甲,筝形脸,user_confirmed_sequence_mapping,Project owner confirmed on 2026-09-20 that Excel 序号 and the image filename number are one-to-one for the current POPF dataset.,present,readable,JPEG,123,150,13167,b24e8ff89e505da9a819c7a6c025d1f7dca4d44a4760ccb0b46d8fb3a419a68f,1,no,jpg,412,502,not_evaluated,no,class_below_min_samples_per_class_10,,42,Sequence mapping is accepted for the current project dataset based on project-owner confirmation. Label analysis uses the current XLS raw 谱式 values.,164,165,164,,时迁,鼓上蚤,英雄类,丑,,雁翎甲,时迁盗甲,水浒传,王长林,中文,汤隆,筝形脸,勾脸,,,,,,,,,,,,jpg,412,502,38.2,150,150,24,2020.1.5,,,,,
modern_v1,165,data/raw/脸谱/整理工作/爬虫脸谱图集.zip::爬虫脸谱图集/opera-14-165-s.jpg,opera-14-165-s.jpg,爬虫脸谱图集/opera-14-165-s.jpg,165,165,高登,艳阳楼,三块瓦脸,user_confirmed_sequence_mapping,Project owner confirmed on 2026-09-20 that Excel 序号 and the image filename number are one-to-one for the current POPF dataset.,present,readable,JPEG,123,150,13598,dba0d735f8fb333bfdfbcac96ac981a5d344939810be6f8bc7101432a445775c,1,no,jpg,412,502,not_evaluated,yes,,validation,42,Sequence mapping is accepted for the current project dataset based on project-owner confirmation. Label analysis uses the current XLS raw 谱式 values.,165,166,165,,高登,,英雄类,净,武净,艳阳楼,拿高登、大破仙人担,水浒传,杨小楼,中文,徐士英,三块瓦脸,勾脸,,油白色,,螳螂眉,尖眼窝,随意形,尖鼻窝,,,,,jpg,412,502,40.6,150,150,24,2020.1.5,,,杨小楼（1878年-1938年），名三元，安徽怀宁人，京剧武生演员，有“武生宗师”的盛誉。自幼入小荣椿社学艺，工武生。十七岁出科后，拜俞菊笙为师，又得谭鑫培等名家指点。杨小楼嗓音清脆洪亮，唱念均遵“奎派”风范，咬字清楚真切，间有京音，行腔朴直无华。在艺术上继承家学，同时博采众长，逐渐形成独树一帜的“杨派”。武打步法准确灵敏，无空招废式，贴切地表现人物的性格，着力体现意境，追求神似，也即“武戏文唱”的杨派特点。,,
modern_v1,166,data/raw/脸谱/整理工作/爬虫脸谱图集.zip::爬虫脸谱图集/opera-14-166-s.jpg,opera-14-166-s.jpg,爬虫脸谱图集/opera-14-166-s.jpg,166,166,董超,野猪林,,user_confirmed_sequence_mapping,Project owner confirmed on 2026-09-20 that Excel 序号 and the image filename number are one-to-one for the current POPF dataset.,missing,readable,JPEG,123,150,12565,30b406c68c931652eb1ee5c8a337b5e48ccbfe0094792cf20404be4b7a09efa9,1,no,jpg,412,502,not_evaluated,no,missing_raw_face_type,,42,Sequence mapping is accepted for the current project dataset based on project-owner confirmation. Label analysis uses the current XLS raw 谱式 values.,166,167,166,,董超,,,丑,,野猪林,英雄血泪图、山神庙,水浒传,,中文,,,,,,,,,,,,,,,jpg,412,502,45.2,150,150,24,2020.1.5,,,,,
modern_v1,167,data/raw/脸谱/整理工作/爬虫脸谱图集.zip::爬虫脸谱图集/opera-14-167-s.jpg,opera-14-167-s.jpg,爬虫脸谱图集/opera-14-167-s.jpg,167,167,高俅,野猪林,整脸,user_confirmed_sequence_mapping,Project owner confirmed on 2026-09-20 that Excel 序号 and the image filename number are one-to-one for the current POPF dataset.,present,readable,JPEG,123,150,13100,97819c10e49b7445a733c7fcaed6de5020cb40e0b988e0d9e408c752d3ee76eb,1,no,jpg,412,502,not_evaluated,yes,,train,42,Sequence mapping is accepted for the current project dataset based on project-owner confirmation. Label analysis uses the current XLS raw 谱式 values.,167,168,167,,高俅,高太尉,将官类,净,副净,野猪林,英雄血泪图、山神庙,水浒传,侯喜瑞,中文,鲁智深,整脸,勾脸,,油白色,,本眉,奸眼窝,,尖鼻窝,,,,,jpg,412,502,37.9,150,150,24,2020.1.5,,,,,
modern_v1,168,data/raw/脸谱/整理工作/爬虫脸谱图集.zip::爬虫脸谱图集/opera-14-168-s.jpg,opera-14-168-s.jpg,爬虫脸谱图集/opera-14-168-s.jpg,168,168,薛霸,野猪林,,user_confirmed_sequence_mapping,Project owner confirmed on 2026-09-20 that Excel 序号 and the image filename number are one-to-one for the current POPF dataset.,missing,readable,JPEG,123,150,12689,7a017356fc9fc4205bb534ec875c8d669faa54f36f5d71845815be96fb0f1fed,1,no,jpg,412,502,not_evaluated,no,missing_raw_face_type,,42,Sequence mapping is accepted for the current project dataset based on project-owner confirmation. Label analysis uses the current XLS raw 谱式 values.,168,169,168,,薛霸,,,丑,,野猪林,英雄血泪图、山神庙,水浒传,,中文,,,,,,,,,,,,,,,jpg,412,502,40.3,150,150,24,2020.1.5,,,,,
modern_v1,169,data/raw/脸谱/整理工作/爬虫脸谱图集.zip::爬虫脸谱图集/opera-15-169-s.jpg,opera-15-169-s.jpg,爬虫脸谱图集/opera-15-169-s.jpg,169,169,哈迷蚩,潞安州,,user_confirmed_sequence_mapping,Project owner confirmed on 2026-09-20 that Excel 序号 and the image filename number are one-to-one for the current POPF dataset.,missing,readable,JPEG,123,150,12929,3e0693f7365cf6d49c58c12e1a483568d6db5c310d7229c0475b9a8c5f35cb57,1,no,jpg,412,502,not_evaluated,no,missing_raw_face_type,,42,Sequence mapping is accepted for the current project dataset based on project-owner confirmation. Label analysis uses the current XLS raw 谱式 values.,169,170,169,,哈迷蚩,,,丑,,潞安州,,,,中文,,,,,,,,,,,,,,,jpg,412,502,33.6,150,150,24,2020.1.5,,,,,
modern_v1,170,data/raw/脸谱/整理工作/爬虫脸谱图集.zip::爬虫脸谱图集/opera-15-170-s.jpg,opera-15-170-s.jpg,爬虫脸谱图集/opera-15-170-s.jpg,170,170,金蝉子,锤震金蝉子,碎脸,user_confirmed_sequence_mapping,Project owner confirmed on 2026-09-20 that Excel 序号 and the image filename number are one-to-one for the current POPF dataset.,present,readable,JPEG,123,150,14927,39ec737d7a28dc7faf0bf4cfc3be203c77fef15cc9a7f3c043fad3a008bf90d0,1,no,jpg,412,502,not_evaluated,yes,,train,42,Sequence mapping is accepted for the current project dataset based on project-owner confirmation. Label analysis uses the current XLS raw 谱式 values.,170,171,170,,金蝉子,,将官类,净,武净,锤震金蝉子,,说岳全传,,中文,,碎脸,勾法,,黑色、金色,,,,圆形,碎鼻窝,火盆嘴,,,,jpg,412,502,45.3,150,150,24,2020.1.5,,,,,
modern_v1,171,data/raw/脸谱/整理工作/爬虫脸谱图集.zip::爬虫脸谱图集/opera-15-171-s.jpg,opera-15-171-s.jpg,爬虫脸谱图集/opera-15-171-s.jpg,171,171,柴桂,求贤鉴,三块瓦脸,user_confirmed_sequence_mapping,Project owner confirmed on 2026-09-20 that Excel 序号 and the image filename number are one-to-one for the current POPF dataset.,present,readable,JPEG,123,150,13548,0ccfa4aaa1e8c937a9eb1a9e22cba529adcc0616721f32570bb95ab795f347b4,1,no,jpg,412,502,not_evaluated,yes,,validation,42,Sequence mapping is accepted for the current project dataset based on project-owner confirmation. Label analysis uses the current XLS raw 谱式 values.,171,172,171,,柴桂,小梁王,将官类,净,武净,求贤鉴,枪挑小梁王、牟驼岗,说岳全传,,中文,,三块瓦脸,勾法,,白色,,刀眉,尖眼窝,立柱纹,尖鼻窝,,,,,jpg,412,502,38,150,150,24,2020.1.5,,,,,
modern_v1,172,data/raw/脸谱/整理工作/爬虫脸谱图集.zip::爬虫脸谱图集/opera-15-172-s.jpg,opera-15-172-s.jpg,爬虫脸谱图集/opera-15-172-s.jpg,172,172,黑风利,挑滑车,整脸,user_confirmed_sequence_mapping,Project owner confirmed on 2026-09-20 that Excel 序号 and the image filename number are one-to-one for the current POPF dataset.,present,readable,JPEG,123,150,12744,111f0206a7f8aa90121066290d024157cf7f64bdf0cdd42caf5f04efe2010e45,1,no,jpg,412,502,not_evaluated,yes,,train,42,Sequence mapping is accepted for the current project dataset based on project-owner confirmation. Label analysis uses the current XLS raw 谱式 values.,172,173,172,,黑风利,,将官类,净,武净,挑滑车,挑华车、牛头山,说岳全传,杨春龙,中文,高宠,整脸,揉脸,,黑色,,本眉,,随意形,,,,,,jpg,412,502,34.1,150,150,24,2020.1.5,,,,,
modern_v1,173,data/raw/脸谱/整理工作/爬虫脸谱图集.zip::爬虫脸谱图集/opera-15-173-s.jpg,opera-15-173-s.jpg,爬虫脸谱图集/opera-15-173-s.jpg,173,173,牛皋,藕塘关,十字门脸,user_confirmed_sequence_mapping,Project owner confirmed on 2026-09-20 that Excel 序号 and the image filename number are one-to-one for the current POPF dataset.,present,readable,JPEG,123,150,13453,549b450aaf4de8d4885eba2de50dd329f934a550eb32134f6d33c0f46c53ae91,1,no,jpg,412,502,not_evaluated,yes,,validation,42,Sequence mapping is accepted for the current project dataset based on project-owner confirmation. Label analysis uses the current XLS raw 谱式 values.,173,174,173,,牛皋,,将官类,净,副净,藕塘关,飞虎梦、牛皋招亲,说岳全传,郝寿臣,中文,戚赛玉,十字门脸,勾脸,,黑色,,柳叶眉,环眼窝,立柱纹,笑鼻窝,,,,,jpg,412,502,39.4,150,150,24,2020.1.5,,,郝寿臣（1886年-1961年），著名京剧表演艺术家、教育家，工架子花脸。原籍河北香河，幼年随父迁京，从师吕福善、唐永常、朱子久、阎宝恒等学艺。郝寿臣融金秀山铜锤与黄润甫架子两家艺术于一炉，唱念上自成一格，创成被誉为“架子花脸铜锤唱”的郝派艺术。他以气魄取胜，唱念韵味浑厚，工架凝练，表演浑然一体。他艺术态度严谨，善于刻画人物，数十年艺术生涯中，在220余个剧目中扮演过160多个主要和次要角色。与侯喜瑞、金少山并称“净行三杰”。,,
modern_v1,174,data/raw/脸谱/整理工作/爬虫脸谱图集.zip::爬虫脸谱图集/opera-15-174-s.jpg,opera-15-174-s.jpg,爬虫脸谱图集/opera-15-174-s.jpg,174,174,何元庆,八大锤,花三块瓦脸,user_confirmed_sequence_mapping,Project owner confirmed on 2026-09-20 that Excel 序号 and the image filename number are one-to-one for the current POPF dataset.,present,readable,JPEG,123,150,14960,1426fb4a323e3719b0a5433f2a83df3aa6577c5d63e9bcdf5d72fc743b7e2b85,1,no,jpg,412,502,not_evaluated,yes,,train,42,Sequence mapping is accepted for the current project dataset based on project-owner confirmation. Label analysis uses the current XLS raw 谱式 values.,174,175,174,,何元庆,,将官类,净,武净,八大锤,断臂说书、车轮大战、朱仙镇、牛头山,说岳全传,高雪樵,中文,狄雷,花三块瓦脸,勾脸,,红色,,钩眉,垂眼窝,胆形,碎鼻窝,吊死鬼嘴,,,,jpg,412,502,48.8,150,150,24,2020.1.5,,,高雪樵（1912年-1978年），河北武清人，京剧武生。自幼随父高俊亭、兄高月秋在北京学京剧武生，随父兄到东北沈阳等地搭班演出。20世纪30年代初搭班去海参崴演出，颇受欢迎。又到上海，在天蟾逸夫舞台、黄金大戏院、中国大戏院搭班演出。20世纪40年代后期自己挑梁组班。高雪樵博采众家之长，艺术日益精进。,,
modern_v1,175,data/raw/脸谱/整理工作/爬虫脸谱图集.zip::爬虫脸谱图集/opera-15-175-s.jpg,opera-15-175-s.jpg,爬虫脸谱图集/opera-15-175-s.jpg,175,175,狄雷,八大锤,碎脸,user_confirmed_sequence_mapping,Project owner confirmed on 2026-09-20 that Excel 序号 and the image filename number are one-to-one for the current POPF dataset.,present,readable,JPEG,123,150,14389,582366cdf23c20507df0de06f6d03a71c8311be1c87c3af9703c2fe33c45c2c1,1,no,jpg,412,502,not_evaluated,yes,,train,42,Sequence mapping is accepted for the current project dataset based on project-owner confirmation. Label analysis uses the current XLS raw 谱式 values.,175,176,175,,狄雷,,将官类,净,武净,八大锤,断臂说书、车轮大战、朱仙镇、牛头山,说岳全传,侯喜瑞,中文,何元庆,碎脸,勾脸,,黑色,,红黄眉,,胆形,碎鼻窝,虎嘴,,,,jpg,412,502,43.7,150,150,24,2020.1.5,,,侯喜瑞（1892年2月23日-1983年2月22日），京剧净角。幼入富连成科班，先学梆子老生，后师从韩乐卿学架子花脸和武花脸戏。出科后拜黄润甫为师，颇得真传，并在严承师教基础上，根据自身条件扬长避短，形成新的艺术风格“侯派”，与金少山、郝寿臣三足鼎立。侯喜瑞虽然嗓音较哑，但字准音足，听起来简练隽永，字字入耳。早年在富连成社担任武生净行教师，晚年在中国戏曲学院、北京市戏曲学校任教。,,
modern_v1,176,data/raw/脸谱/整理工作/爬虫脸谱图集.zip::爬虫脸谱图集/opera-15-176-s.jpg,opera-15-176-s.jpg,爬虫脸谱图集/opera-15-176-s.jpg,176,176,兀术,八大锤,三块瓦脸,user_confirmed_sequence_mapping,Project owner confirmed on 2026-09-20 that Excel 序号 and the image filename number are one-to-one for the current POPF dataset.,present,readable,JPEG,123,150,14429,0698a43b8c55606580ad5559f778a70e2343ff708d82f23b539121185536d5a0,1,no,jpg,412,502,not_evaluated,yes,,test,42,Sequence mapping is accepted for the current project dataset based on project-owner confirmation. Label analysis uses the current XLS raw 谱式 values.,176,177,176,,兀术,金兀术,将官类,净,武净,八大锤,断臂说书、车轮大战、朱仙镇、牛头山,说岳全传,钱金福,中文,陆文龙,三块瓦脸,勾脸,,金色,,,,圆形,碎鼻窝,火盆嘴,,,,jpg,412,502,44.8,150,150,24,2020.1.5,,,,,
modern_v1,177,data/raw/脸谱/整理工作/爬虫脸谱图集.zip::爬虫脸谱图集/opera-15-177-s.jpg,opera-15-177-s.jpg,爬虫脸谱图集/opera-15-177-s.jpg,177,177,李庭芝,正气歌,元宝脸,user_confirmed_sequence_mapping,Project owner confirmed on 2026-09-20 that Excel 序号 and the image filename number are one-to-one for the current POPF dataset.,present,readable,JPEG,123,150,13795,b38916581e3cb6562fac63ce19aa590e0273a6f8e56648e0b4f27d0a2cfe7a35,1,no,jpg,412,502,not_evaluated,no,class_below_min_samples_per_class_10,,42,Sequence mapping is accepted for the current project dataset based on project-owner confirmation. Label analysis uses the current XLS raw 谱式 values.,177,178,177,,李庭芝,,将官类,净,副净,正气歌,,,郝寿臣,中文,文天祥,元宝脸,勾脸,,红色,,红色眉,垂眼窝,胆形,满鼻窝,,,,,jpg,412,502,36.9,150,150,24,2020.1.5,,,郝寿臣（1886年-1961年），著名京剧表演艺术家、教育家，工架子花脸。原籍河北香河，幼年随父迁京，从师吕福善、唐永常、朱子久、阎宝恒等学艺。郝寿臣融金秀山铜锤与黄润甫架子两家艺术于一炉，唱念上自成一格，创成被誉为“架子花脸铜锤唱”的郝派艺术。他以气魄取胜，唱念韵味浑厚，工架凝练，表演浑然一体。他艺术态度严谨，善于刻画人物，数十年艺术生涯中，在220余个剧目中扮演过160多个主要和次要角色。与侯喜瑞、金少山并称“净行三杰”。,,
modern_v1,178,data/raw/脸谱/整理工作/爬虫脸谱图集.zip::爬虫脸谱图集/opera-15-178-s.jpg,opera-15-178-s.jpg,爬虫脸谱图集/opera-15-178-s.jpg,178,178,金眼僧,二龙山,僧道脸,user_confirmed_sequence_mapping,Project owner confirmed on 2026-09-20 that Excel 序号 and the image filename number are one-to-one for the current POPF dataset.,present,readable,JPEG,123,150,14273,e59b99ea26ca536776fec15a876bd775514a300e440614b35f1ef020e40e5a3c,1,no,jpg,412,502,not_evaluated,no,class_below_min_samples_per_class_10,,42,Sequence mapping is accepted for the current project dataset based on project-owner confirmation. Label analysis uses the current XLS raw 谱式 values.,178,179,178,,金眼僧,,将官类,净,武净,二龙山,,水浒传,通用,中文,银眼僧,僧道脸,勾脸,,红色,,螳螂眉,腰子眼窝,舍利子形,碎鼻窝,,,,,jpg,412,502,41.4,150,150,24,2020.1.5,,,,,
modern_v1,179,data/raw/脸谱/整理工作/爬虫脸谱图集.zip::爬虫脸谱图集/opera-15-179-s.jpg,opera-15-179-s.jpg,爬虫脸谱图集/opera-15-179-s.jpg,179,179,伯颜,正气歌,花三块瓦脸,user_confirmed_sequence_mapping,Project owner confirmed on 2026-09-20 that Excel 序号 and the image filename number are one-to-one for the current POPF dataset.,present,readable,JPEG,123,150,13180,7c33002e249a403277051aa34b0fe0584fff1cb6486150818a2c358f52b8c340,1,no,jpg,412,502,not_evaluated,yes,,train,42,Sequence mapping is accepted for the current project dataset based on project-owner confirmation. Label analysis uses the current XLS raw 谱式 values.,179,180,179,,伯颜,,将官类,净,副净,正气歌,,,周信芳,中文,文天祥,花三块瓦脸,勾脸,,灰色,,奸眉,大奸眼窝,随意形,尖鼻窝,,,,,jpg,412,502,36.2,150,150,24,2020.1.5,,,,,
modern_v1,180,data/raw/脸谱/整理工作/爬虫脸谱图集.zip::爬虫脸谱图集/opera-15-180-s.jpg,opera-15-180-s.jpg,爬虫脸谱图集/opera-15-180-s.jpg,180,180,银眼僧,二龙山,僧道脸,user_confirmed_sequence_mapping,Project owner confirmed on 2026-09-20 that Excel 序号 and the image filename number are one-to-one for the current POPF dataset.,present,readable,JPEG,123,150,14843,a5b5b62347047d676eb632ae9b685400bdd7a70794c3f02140af4d97d561d2a2,1,no,jpg,412,502,not_evaluated,no,class_below_min_samples_per_class_10,,42,Sequence mapping is accepted for the current project dataset based on project-owner confirmation. Label analysis uses the current XLS raw 谱式 values.,180,181,180,,银眼僧,,将官类,净,武净,二龙山,,水浒传,通用,中文,金眼僧,僧道脸,勾脸,,蓝色,,钩眉,腰子眼窝,舍利子形,碎鼻窝,火盆嘴,,,,jpg,412,502,43.3,150,150,24,2020.1.5,,,,,
modern_v1,181,data/raw/脸谱/整理工作/爬虫脸谱图集.zip::爬虫脸谱图集/opera-16-181-s.jpg,opera-16-181-s.jpg,爬虫脸谱图集/opera-16-181-s.jpg,181,181,沐英,取金陵,三块瓦脸,user_confirmed_sequence_mapping,Project owner confirmed on 2026-09-20 that Excel 序号 and the image filename number are one-to-one for the current POPF dataset.,present,readable,JPEG,123,150,14709,c8565f955d4f82f061ccb57b4a56147ce864121d840f2498e71280e47b061573,1,no,jpg,412,502,not_evaluated,yes,,train,42,Sequence mapping is accepted for the current project dataset based on project-owner confirmation. Label analysis uses the current XLS raw 谱式 values.,181,182,181,,沐英,,将官类,净,武净,取金陵,凤吉公主,明英烈,钱金福,中文,赤福寿,三块瓦脸,勾脸,,黄色,,刀眉,花眼窝,如意钩形,碎鼻窝,火盆嘴,,,,jpg,412,502,46.3,150,150,24,2020.1.5,,,,,
modern_v1,182,data/raw/脸谱/整理工作/爬虫脸谱图集.zip::爬虫脸谱图集/opera-16-182-s.jpg,opera-16-182-s.jpg,爬虫脸谱图集/opera-16-182-s.jpg,182,182,徐延昭,大保国,六分脸,user_confirmed_sequence_mapping,Project owner confirmed on 2026-09-20 that Excel 序号 and the image filename number are one-to-one for the current POPF dataset.,present,readable,JPEG,123,150,12483,230ea9b72c1d71fa814bc941bd24ad569ddc67d23166a71f5dee6f9c5dce342b,1,no,jpg,412,502,not_evaluated,yes,,train,42,Sequence mapping is accepted for the current project dataset based on project-owner confirmation. Label analysis uses the current XLS raw 谱式 values.,182,183,182,,徐延昭,,将官类,净,正净,大保国,大探二、龙凤阁,,郝寿臣,中文,杨波,六分脸,勾脸,,红色,,点眉,,立柱纹,,,,,,jpg,412,502,33.7,150,150,24,2020.1.5,,,郝寿臣（1886年-1961年），著名京剧表演艺术家、教育家，工架子花脸。原籍河北香河，幼年随父迁京，从师吕福善、唐永常、朱子久、阎宝恒等学艺。郝寿臣融金秀山铜锤与黄润甫架子两家艺术于一炉，唱念上自成一格，创成被誉为“架子花脸铜锤唱”的郝派艺术。他以气魄取胜，唱念韵味浑厚，工架凝练，表演浑然一体。他艺术态度严谨，善于刻画人物，数十年艺术生涯中，在220余个剧目中扮演过160多个主要和次要角色。与侯喜瑞、金少山并称“净行三杰”。,,
modern_v1,183,data/raw/脸谱/整理工作/爬虫脸谱图集.zip::爬虫脸谱图集/opera-16-183-s.jpg,opera-16-183-s.jpg,爬虫脸谱图集/opera-16-183-s.jpg,183,183,蒋忠,百凉楼,碎脸,user_confirmed_sequence_mapping,Project owner confirmed on 2026-09-20 that Excel 序号 and the image filename number are one-to-one for the current POPF dataset.,present,readable,JPEG,123,150,14460,07eceaac81c9bd331a390aed4b8a17882c385670bd6432675168085eec49993b,1,no,jpg,412,502,not_evaluated,yes,,validation,42,Sequence mapping is accepted for the current project dataset based on project-owner confirmation. Label analysis uses the current XLS raw 谱式 values.,183,184,183,,蒋忠,,将官类,净,武净,百凉楼,火烧百凉楼、兴隆会、乱石山、常遇春救驾,明英烈,殷斌奎,中文,朱元璋,碎脸,勾脸,,黑色,,红色眉,花眼窝,钱形,碎鼻窝,,,,,jpg,412,502,41.8,150,150,24,2020.1.5,,,,,
modern_v1,184,data/raw/脸谱/整理工作/爬虫脸谱图集.zip::爬虫脸谱图集/opera-16-184-s.jpg,opera-16-184-s.jpg,爬虫脸谱图集/opera-16-184-s.jpg,184,184,赤福寿,取金陵,三块瓦脸,user_confirmed_sequence_mapping,Project owner confirmed on 2026-09-20 that Excel 序号 and the image filename number are one-to-one for the current POPF dataset.,present,readable,JPEG,123,150,13916,128c41cd70967da4d18ca1e13e316570c06a56d6fda810fcbdca06dcaf5f9b05,1,no,jpg,412,502,not_evaluated,yes,,train,42,Sequence mapping is accepted for the current project dataset based on project-owner confirmation. Label analysis uses the current XLS raw 谱式 values.,184,185,184,,赤福寿,,将官类,净,副净,取金陵,凤吉公主,明英烈,钱金福,中文,沐英,三块瓦脸,勾脸,,红色,,刀眉,尖眼窝,线形,尖鼻窝,,,,,jpg,412,502,36.7,150,150,24,2020.1.5,,,,,
modern_v1,185,data/raw/脸谱/整理工作/爬虫脸谱图集.zip::爬虫脸谱图集/opera-16-185-s.jpg,opera-16-185-s.jpg,爬虫脸谱图集/opera-16-185-s.jpg,185,185,完颜龙,串龙珠,碎脸,user_confirmed_sequence_mapping,Project owner confirmed on 2026-09-20 that Excel 序号 and the image filename number are one-to-one for the current POPF dataset.,present,readable,JPEG,123,150,14932,264ebcc5099c6863d64c0ca26f7048d3ccc83fbefd25945ca0666e519a426488,1,no,jpg,412,502,not_evaluated,yes,,validation,42,Sequence mapping is accepted for the current project dataset based on project-owner confirmation. Label analysis uses the current XLS raw 谱式 values.,185,186,185,,完颜龙,,将官类,净,武净,串龙珠,反徐州、五红图、徐州堂、徐州革命,,郝寿臣,中文,完颜图,碎脸,勾脸,,红色,,奸眉,花眼窝,蝙蝠形,碎鼻窝,,,,,jpg,412,502,44.6,150,150,24,2020.1.5,,,郝寿臣（1886年-1961年），著名京剧表演艺术家、教育家，工架子花脸。原籍河北香河，幼年随父迁京，从师吕福善、唐永常、朱子久、阎宝恒等学艺。郝寿臣融金秀山铜锤与黄润甫架子两家艺术于一炉，唱念上自成一格，创成被誉为“架子花脸铜锤唱”的郝派艺术。他以气魄取胜，唱念韵味浑厚，工架凝练，表演浑然一体。他艺术态度严谨，善于刻画人物，数十年艺术生涯中，在220余个剧目中扮演过160多个主要和次要角色。与侯喜瑞、金少山并称“净行三杰”。,,
modern_v1,186,data/raw/脸谱/整理工作/爬虫脸谱图集.zip::爬虫脸谱图集/opera-16-186-s.jpg,opera-16-186-s.jpg,爬虫脸谱图集/opera-16-186-s.jpg,186,186,娄阿鼠,十五贯,,user_confirmed_sequence_mapping,Project owner confirmed on 2026-09-20 that Excel 序号 and the image filename number are one-to-one for the current POPF dataset.,missing,readable,JPEG,123,150,12631,b47e854953e4297b38aa376a5066037f0d7945cfe76e1805bea0d64fdaa5ea9c,1,no,jpg,412,502,not_evaluated,no,missing_raw_face_type,,42,Sequence mapping is accepted for the current project dataset based on project-owner confirmation. Label analysis uses the current XLS raw 谱式 values.,186,187,186,,娄阿鼠,,,丑,,十五贯,,,,中文,,,,,,,,,,,,,,,jpg,412,502,34,150,150,24,2020.1.5,,,,,
modern_v1,187,data/raw/脸谱/整理工作/爬虫脸谱图集.zip::爬虫脸谱图集/opera-16-187-s.jpg,opera-16-187-s.jpg,爬虫脸谱图集/opera-16-187-s.jpg,187,187,颜佩韦,五人义,三块瓦脸,user_confirmed_sequence_mapping,Project owner confirmed on 2026-09-20 that Excel 序号 and the image filename number are one-to-one for the current POPF dataset.,present,readable,JPEG,123,150,13437,18fe4c6c54e107afc46c6cb4ae4d059d89e798251f9f766c56261db2961773f3,1,no,jpg,412,502,not_evaluated,yes,,train,42,Sequence mapping is accepted for the current project dataset based on project-owner confirmation. Label analysis uses the current XLS raw 谱式 values.,187,188,187,,颜佩韦,,英雄类,净,副净,五人义,反苏州、看看苏州人、倒精忠,精忠谱,刘砚亭,中文,毛一鹭,三块瓦脸,勾脸,,白色,,刀眉,直眼窝,锥形,卷鼻窝,,,,,jpg,412,502,35.4,150,150,24,2020.1.5,,,刘砚亭(1891-1965)，北京人，优秀的京剧武净演员，京剧老生刘砚芳之兄。15岁时，入平科班坐科，学习京剧花脸，至21岁出科。出科后，随杨小楼演出，多饰演配角，逐渐声名鹊起。刘砚亭师承钱金福先生，极大的继承了许多优秀的钱派剧目，凭借着极高的艺术天赋和浓厚的嗓音，得到了京剧同行的广泛认可。刘砚亭为人尊师重道，代替年事已高的钱金福演出大量优秀的作品。,,
modern_v1,188,data/raw/脸谱/整理工作/爬虫脸谱图集.zip::爬虫脸谱图集/opera-16-188-s.jpg,opera-16-188-s.jpg,爬虫脸谱图集/opera-16-188-s.jpg,188,188,花云母,串龙珠,,user_confirmed_sequence_mapping,Project owner confirmed on 2026-09-20 that Excel 序号 and the image filename number are one-to-one for the current POPF dataset.,missing,readable,JPEG,123,150,14292,9a5c3f96e474963b87ef4db28b68386d1944e2aaa392d04ff756ee867db1be87,1,no,jpg,412,502,not_evaluated,no,missing_raw_face_type,,42,Sequence mapping is accepted for the current project dataset based on project-owner confirmation. Label analysis uses the current XLS raw 谱式 values.,188,189,188,,花云母,,平民类,旦,老旦,串龙珠,反徐州、五红图、徐州堂、徐州革命,,,中文,,,,,,,本眉,,,,元宝嘴,,,,jpg,412,502,41.7,150,150,24,2020.1.5,,,,,
modern_v1,189,data/raw/脸谱/整理工作/爬虫脸谱图集.zip::爬虫脸谱图集/opera-16-189-s.jpg,opera-16-189-s.jpg,爬虫脸谱图集/opera-16-189-s.jpg,189,189,李七,李七长亭,歪脸,user_confirmed_sequence_mapping,Project owner confirmed on 2026-09-20 that Excel 序号 and the image filename number are one-to-one for the current POPF dataset.,present,readable,JPEG,123,150,14459,ea498d911de6fd413b90b7a633485f9201e4ea66b8fc9d200c4aa19bc1070005,1,no,jpg,412,502,not_evaluated,no,class_below_min_samples_per_class_10,,42,Sequence mapping is accepted for the current project dataset based on project-owner confirmation. Label analysis uses the current XLS raw 谱式 values.,189,190,189,,李七,,英雄类,净,副净,李七长亭,审李七、白绫记、赛太岁、碧阳湖,,郝寿臣,中文,王良,歪脸,勾脸,,黑色,,刀眉,直眼窝,疤痕形,歪鼻窝,,,,,jpg,412,502,45,150,150,24,2020.1.5,,,郝寿臣（1886年-1961年），著名京剧表演艺术家、教育家，工架子花脸。原籍河北香河，幼年随父迁京，从师吕福善、唐永常、朱子久、阎宝恒等学艺。郝寿臣融金秀山铜锤与黄润甫架子两家艺术于一炉，唱念上自成一格，创成被誉为“架子花脸铜锤唱”的郝派艺术。他以气魄取胜，唱念韵味浑厚，工架凝练，表演浑然一体。他艺术态度严谨，善于刻画人物，数十年艺术生涯中，在220余个剧目中扮演过160多个主要和次要角色。与侯喜瑞、金少山并称“净行三杰”。,,
modern_v1,190,data/raw/脸谱/整理工作/爬虫脸谱图集.zip::爬虫脸谱图集/opera-16-190-s.jpg,opera-16-190-s.jpg,爬虫脸谱图集/opera-16-190-s.jpg,190,190,贾桂,法门寺,窝头脸,user_confirmed_sequence_mapping,Project owner confirmed on 2026-09-20 that Excel 序号 and the image filename number are one-to-one for the current POPF dataset.,present,readable,JPEG,123,150,12103,5396b812844ecb98eabfc3ccadba6f9c9ef44aacb49e16242ea8a058cbf1110f,1,no,jpg,412,502,not_evaluated,no,class_below_min_samples_per_class_10,,42,Sequence mapping is accepted for the current project dataset based on project-owner confirmation. Label analysis uses the current XLS raw 谱式 values.,190,191,190,,贾桂,,将官类,丑,武丑,法门寺,双姣奇缘、郿坞县、朱砂井,,茹富蕙,中文,,窝头脸,勾脸,,,,随意眉,,,,撇嘴,,,,jpg,412,502,31.3,150,150,24,2020.1.5,,,,,
modern_v1,191,data/raw/脸谱/整理工作/爬虫脸谱图集.zip::爬虫脸谱图集/opera-16-191-s.jpg,opera-16-191-s.jpg,爬虫脸谱图集/opera-16-191-s.jpg,191,191,刘彪,法门寺,元宝类,user_confirmed_sequence_mapping,Project owner confirmed on 2026-09-20 that Excel 序号 and the image filename number are one-to-one for the current POPF dataset.,present,readable,JPEG,123,150,13725,426abcbc14cec1b0455eec088313b06e9ad9991700615f57f4ff9881c30be8d8,1,no,jpg,412,502,not_evaluated,no,class_below_min_samples_per_class_10,,42,Sequence mapping is accepted for the current project dataset based on project-owner confirmation. Label analysis uses the current XLS raw 谱式 values.,191,192,191,,刘彪,,平民类,净,副净,法门寺,双姣奇缘、郿坞县、朱砂井,,侯喜瑞,中文,刘瑾,元宝类,勾脸,,,,凝眉,鸟眼窝,随意形,歪鼻窝,,,,,jpg,412,502,37.6,150,150,24,2020.1.5,,,侯喜瑞（1892年2月23日-1983年2月22日），京剧净角。幼入富连成科班，先学梆子老生，后师从韩乐卿学架子花脸和武花脸戏。出科后拜黄润甫为师，颇得真传，并在严承师教基础上，根据自身条件扬长避短，形成新的艺术风格“侯派”，与金少山、郝寿臣三足鼎立。侯喜瑞虽然嗓音较哑，但字准音足，听起来简练隽永，字字入耳。早年在富连成社担任武生净行教师，晚年在中国戏曲学院、北京市戏曲学校任教。,,
modern_v1,192,data/raw/脸谱/整理工作/爬虫脸谱图集.zip::爬虫脸谱图集/opera-16-192-s.jpg,opera-16-192-s.jpg,爬虫脸谱图集/opera-16-192-s.jpg,192,192,刘瑾,法门寺,太监脸,user_confirmed_sequence_mapping,Project owner confirmed on 2026-09-20 that Excel 序号 and the image filename number are one-to-one for the current POPF dataset.,present,readable,JPEG,123,150,14609,bb30cc02d3e5b38377fa4fbcba49c343c498c8d0b792542fd9bdc7a5282ab537,1,no,jpg,412,502,not_evaluated,no,class_below_min_samples_per_class_10,,42,Sequence mapping is accepted for the current project dataset based on project-owner confirmation. Label analysis uses the current XLS raw 谱式 values.,192,193,192,,刘瑾,,将官类,净,副净,法门寺,双姣奇缘、郿坞县、朱砂井,,钱金福,中文,刘彪,太监脸,勾脸,,红色,,柳叶眉,尖眼窝,圆形,,菱角嘴,,,,jpg,412,502,39.7,150,150,24,2020.1.5,,,,,
modern_v1,193,data/raw/脸谱/整理工作/爬虫脸谱图集.zip::爬虫脸谱图集/opera-17-193-s.jpg,opera-17-193-s.jpg,爬虫脸谱图集/opera-17-193-s.jpg,193,193,刘禄敬,小上坟,,user_confirmed_sequence_mapping,Project owner confirmed on 2026-09-20 that Excel 序号 and the image filename number are one-to-one for the current POPF dataset.,missing,readable,JPEG,123,150,12853,3d8e7c3d50774f99bda8ed6dd078f8aa95f6ddfe5d2cfa7f95287279e146bc82,1,no,jpg,412,502,not_evaluated,no,missing_raw_face_type,,42,Sequence mapping is accepted for the current project dataset based on project-owner confirmation. Label analysis uses the current XLS raw 谱式 values.,193,194,193,,刘禄敬,,,丑,,小上坟,,,,中文,,,,,,,,,,,,,,,jpg,412,502,35.5,150,150,24,2020.1.5,,,,,
modern_v1,194,data/raw/脸谱/整理工作/爬虫脸谱图集.zip::爬虫脸谱图集/opera-17-194-s.jpg,opera-17-194-s.jpg,爬虫脸谱图集/opera-17-194-s.jpg,194,194,沈燕林,玉堂春,,user_confirmed_sequence_mapping,Project owner confirmed on 2026-09-20 that Excel 序号 and the image filename number are one-to-one for the current POPF dataset.,missing,readable,JPEG,123,150,13170,c211ddd666f27f06d5276c6bc7a5a5f06e8f5a6fa410fe91ff339a43403a8d17,1,no,jpg,412,502,not_evaluated,no,missing_raw_face_type,,42,Sequence mapping is accepted for the current project dataset based on project-owner confirmation. Label analysis uses the current XLS raw 谱式 values.,194,195,194,,沈燕林,,,丑,,玉堂春,,,,中文,,,,,,,,,,,,,,,jpg,412,502,36.2,150,150,24,2020.1.5,,,,,
modern_v1,195,data/raw/脸谱/整理工作/爬虫脸谱图集.zip::爬虫脸谱图集/opera-17-195-s.jpg,opera-17-195-s.jpg,爬虫脸谱图集/opera-17-195-s.jpg,195,195,本无,思凡下山,,user_confirmed_sequence_mapping,Project owner confirmed on 2026-09-20 that Excel 序号 and the image filename number are one-to-one for the current POPF dataset.,missing,readable,JPEG,123,150,12592,ef78bc1ca3d47a5089cc258720d13b18f55abe93044915b4cd941e8b7c105015,1,no,jpg,412,502,not_evaluated,no,missing_raw_face_type,,42,Sequence mapping is accepted for the current project dataset based on project-owner confirmation. Label analysis uses the current XLS raw 谱式 values.,195,196,195,,本无,,,丑,,思凡下山,,,,中文,,,,,,,,,,,,,,,jpg,412,502,34.1,150,150,24,2020.1.5,,,,,
modern_v1,196,data/raw/脸谱/整理工作/爬虫脸谱图集.zip::爬虫脸谱图集/opera-17-196-s.jpg,opera-17-196-s.jpg,爬虫脸谱图集/opera-17-196-s.jpg,196,196,德禄,御碑亭,,user_confirmed_sequence_mapping,Project owner confirmed on 2026-09-20 that Excel 序号 and the image filename number are one-to-one for the current POPF dataset.,missing,readable,JPEG,123,150,12608,e371e1462a1c2da80467769fb37b92d10a602a33019d53d908fa085d807fe756,1,no,jpg,412,502,not_evaluated,no,missing_raw_face_type,,42,Sequence mapping is accepted for the current project dataset based on project-owner confirmation. Label analysis uses the current XLS raw 谱式 values.,196,197,196,,德禄,,,丑,,御碑亭,,,,中文,,,,,,,,,,,,,,,jpg,412,502,32.8,150,150,24,2020.1.5,,,,,
modern_v1,197,data/raw/脸谱/整理工作/爬虫脸谱图集.zip::爬虫脸谱图集/opera-17-197-s.jpg,opera-17-197-s.jpg,爬虫脸谱图集/opera-17-197-s.jpg,197,197,刘宗敏,闯王旗,三块瓦脸,user_confirmed_sequence_mapping,Project owner confirmed on 2026-09-20 that Excel 序号 and the image filename number are one-to-one for the current POPF dataset.,present,readable,JPEG,123,150,14325,b391872326d1b4d016348f81b3e1f6cdc870b08d050c0e1d44c770bb086bb020,1,no,jpg,412,502,not_evaluated,yes,,test,42,Sequence mapping is accepted for the current project dataset based on project-owner confirmation. Label analysis uses the current XLS raw 谱式 values.,197,198,197,,刘宗敏,,将官类,净,武净,闯王旗,,李自成,马连良,中文,郝摇旗,三块瓦脸,勾脸,,红色,,刀眉,垂眼窝,胆形,卷鼻窝,,,,,jpg,412,502,41,150,150,24,2020.1.5,,,,,
modern_v1,198,data/raw/脸谱/整理工作/爬虫脸谱图集.zip::爬虫脸谱图集/opera-17-198-s.jpg,opera-17-198-s.jpg,爬虫脸谱图集/opera-17-198-s.jpg,198,198,崇公道,女起解,,user_confirmed_sequence_mapping,Project owner confirmed on 2026-09-20 that Excel 序号 and the image filename number are one-to-one for the current POPF dataset.,missing,readable,JPEG,123,150,12597,0a4410bbfa5d20497490982f1dbd0e4a224542449eee26dbd29bed0fc7ca93bb,1,no,jpg,412,502,not_evaluated,no,missing_raw_face_type,,42,Sequence mapping is accepted for the current project dataset based on project-owner confirmation. Label analysis uses the current XLS raw 谱式 values.,198,199,198,,崇公道,,,丑,,女起解,,,,中文,,,,,,,,,,,,,,,jpg,412,502,36.8,150,150,24,2020.1.5,,,,,
modern_v1,199,data/raw/脸谱/整理工作/爬虫脸谱图集.zip::爬虫脸谱图集/opera-17-199-s.jpg,opera-17-199-s.jpg,爬虫脸谱图集/opera-17-199-s.jpg,199,199,郝摇旗,闯王旗,整脸,user_confirmed_sequence_mapping,Project owner confirmed on 2026-09-20 that Excel 序号 and the image filename number are one-to-one for the current POPF dataset.,present,readable,JPEG,123,150,13983,08e2356360362abd721cc5e5efa8068888ab19788800b165fb76ad1121b44d9c,1,no,jpg,412,502,not_evaluated,yes,,test,42,Sequence mapping is accepted for the current project dataset based on project-owner confirmation. Label analysis uses the current XLS raw 谱式 values.,199,200,199,,郝摇旗,郝永忠,将官类,净,武净,闯王旗,,李自成,袁世海,中文,刘宗敏,整脸,抹脸,,红色,,直眉,垂眼窝,线形,满鼻窝,,,,,jpg,412,502,40.3,150,150,24,2020.1.5,,,,,
modern_v1,200,data/raw/脸谱/整理工作/爬虫脸谱图集.zip::爬虫脸谱图集/opera-17-200-s.jpg,opera-17-200-s.jpg,爬虫脸谱图集/opera-17-200-s.jpg,200,200,夏副将,白水滩,三块瓦脸,user_confirmed_sequence_mapping,Project owner confirmed on 2026-09-20 that Excel 序号 and the image filename number are one-to-one for the current POPF dataset.,present,readable,JPEG,123,150,13158,77c0b0cde1c4521814f51840463dc4a65a162ac7f277a415cb29cf11377125f1,1,no,jpg,412,502,not_evaluated,yes,,train,42,Sequence mapping is accepted for the current project dataset based on project-owner confirmation. Label analysis uses the current XLS raw 谱式 values.,200,201,200,,夏副将,,将官类,净,武净,白水滩,捉拿青面虎,通天犀传奇,侯喜瑞,中文,青面虎,三块瓦脸,勾脸,,白色,,刀眉,大奸眼窝,如意钩形,尖鼻窝,,,,,jpg,412,502,34.4,150,150,24,2020.1.5,,,侯喜瑞（1892年2月23日-1983年2月22日），京剧净角。幼入富连成科班，先学梆子老生，后师从韩乐卿学架子花脸和武花脸戏。出科后拜黄润甫为师，颇得真传，并在严承师教基础上，根据自身条件扬长避短，形成新的艺术风格“侯派”，与金少山、郝寿臣三足鼎立。侯喜瑞虽然嗓音较哑，但字准音足，听起来简练隽永，字字入耳。早年在富连成社担任武生净行教师，晚年在中国戏曲学院、北京市戏曲学校任教。,,
modern_v1,201,data/raw/脸谱/整理工作/爬虫脸谱图集.zip::爬虫脸谱图集/opera-17-201-s.jpg,opera-17-201-s.jpg,爬虫脸谱图集/opera-17-201-s.jpg,201,201,贺天龙,连环套,三块瓦脸,user_confirmed_sequence_mapping,Project owner confirmed on 2026-09-20 that Excel 序号 and the image filename number are one-to-one for the current POPF dataset.,present,readable,JPEG,123,150,14018,9b05928b5472629ac2db14a89be4b778504207f5add95fe3364b5622ed39632d,1,no,jpg,412,502,not_evaluated,yes,,test,42,Sequence mapping is accepted for the current project dataset based on project-owner confirmation. Label analysis uses the current XLS raw 谱式 values.,201,202,201,,贺天龙,,将官类,净,武净,连环套,盗御马,施公案,刘砚亭,中文,贺天彪,三块瓦脸,勾脸,,紫红色,,刀眉,尖眼窝,螺形,尖鼻窝,,,,,jpg,412,502,39.1,150,150,24,2020.1.5,,,刘砚亭(1891-1965)，北京人，优秀的京剧武净演员，京剧老生刘砚芳之兄。15岁时，入平科班坐科，学习京剧花脸，至21岁出科。出科后，随杨小楼演出，多饰演配角，逐渐声名鹊起。刘砚亭师承钱金福先生，极大的继承了许多优秀的钱派剧目，凭借着极高的艺术天赋和浓厚的嗓音，得到了京剧同行的广泛认可。刘砚亭为人尊师重道，代替年事已高的钱金福演出大量优秀的作品。,,
modern_v1,202,data/raw/脸谱/整理工作/爬虫脸谱图集.zip::爬虫脸谱图集/opera-17-202-s.jpg,opera-17-202-s.jpg,爬虫脸谱图集/opera-17-202-s.jpg,202,202,贺天彪,连环套,碎脸,user_confirmed_sequence_mapping,Project owner confirmed on 2026-09-20 that Excel 序号 and the image filename number are one-to-one for the current POPF dataset.,present,readable,JPEG,123,150,14077,cded01ba6622177f5c82930533d59717d4081916ab52bf93321ccf0da9810415,1,no,jpg,412,502,not_evaluated,yes,,train,42,Sequence mapping is accepted for the current project dataset based on project-owner confirmation. Label analysis uses the current XLS raw 谱式 values.,202,203,202,,贺天彪,,将官类,净,武净,连环套,盗御马,施公案,刘砚亭,中文,贺天龙,碎脸,勾脸,,绿色,,红黄眉,,,碎鼻窝,火盆嘴,,,,jpg,412,502,43.4,150,150,24,2020.1.5,,,刘砚亭(1891-1965)，北京人，优秀的京剧武净演员，京剧老生刘砚芳之兄。15岁时，入平科班坐科，学习京剧花脸，至21岁出科。出科后，随杨小楼演出，多饰演配角，逐渐声名鹊起。刘砚亭师承钱金福先生，极大的继承了许多优秀的钱派剧目，凭借着极高的艺术天赋和浓厚的嗓音，得到了京剧同行的广泛认可。刘砚亭为人尊师重道，代替年事已高的钱金福演出大量优秀的作品。,,
modern_v1,203,data/raw/脸谱/整理工作/爬虫脸谱图集.zip::爬虫脸谱图集/opera-17-203-s.jpg,opera-17-203-s.jpg,爬虫脸谱图集/opera-17-203-s.jpg,203,203,窦尔敦,连环套,花三块瓦脸,user_confirmed_sequence_mapping,Project owner confirmed on 2026-09-20 that Excel 序号 and the image filename number are one-to-one for the current POPF dataset.,present,readable,JPEG,123,150,14967,2073ea2435b63e541d522a1397177600f9c0389fa28e4a6c622ae7fa47f5f39b,1,no,jpg,412,502,not_evaluated,yes,,train,42,Sequence mapping is accepted for the current project dataset based on project-owner confirmation. Label analysis uses the current XLS raw 谱式 values.,203,204,203,,窦尔敦,铁罗汉,英雄类,净,副净,连环套,盗御马,施公案,裘盛戎,中文,巴永泰,花三块瓦脸,勾脸,,蓝色,,钩眉,垂眼窝,胆形,碎鼻窝,,,,,jpg,412,502,45.1,150,150,24,2020.1.5,,,,,
modern_v1,204,data/raw/脸谱/整理工作/爬虫脸谱图集.zip::爬虫脸谱图集/opera-17-204-s.jpg,opera-17-204-s.jpg,爬虫脸谱图集/opera-17-204-s.jpg,204,204,郝文僧,东昌府,僧道脸,user_confirmed_sequence_mapping,Project owner confirmed on 2026-09-20 that Excel 序号 and the image filename number are one-to-one for the current POPF dataset.,present,readable,JPEG,123,150,13197,7b971310725e114a145a97dc500d996c31c35142d4fd36dc2c0b6f8b4141a690,1,no,jpg,412,502,not_evaluated,no,class_below_min_samples_per_class_10,,42,Sequence mapping is accepted for the current project dataset based on project-owner confirmation. Label analysis uses the current XLS raw 谱式 values.,204,205,204,,郝文僧,,英雄类,净,武净,东昌府,拿郝文僧,施公案,侯喜瑞,中文,施世纶,僧道脸,勾脸,,白色,,蝙蝠眉,腰子眼窝,舍利子形,,吊死鬼嘴,,,,jpg,412,502,39.1,150,150,24,2020.1.5,,,侯喜瑞（1892年2月23日-1983年2月22日），京剧净角。幼入富连成科班，先学梆子老生，后师从韩乐卿学架子花脸和武花脸戏。出科后拜黄润甫为师，颇得真传，并在严承师教基础上，根据自身条件扬长避短，形成新的艺术风格“侯派”，与金少山、郝寿臣三足鼎立。侯喜瑞虽然嗓音较哑，但字准音足，听起来简练隽永，字字入耳。早年在富连成社担任武生净行教师，晚年在中国戏曲学院、北京市戏曲学校任教。,,
modern_v1,205,data/raw/脸谱/整理工作/爬虫脸谱图集.zip::爬虫脸谱图集/opera-18-205-s.jpg,opera-18-205-s.jpg,爬虫脸谱图集/opera-18-205-s.jpg,205,205,谢虎,鄚州庙,花三块瓦脸,user_confirmed_sequence_mapping,Project owner confirmed on 2026-09-20 that Excel 序号 and the image filename number are one-to-one for the current POPF dataset.,present,readable,JPEG,123,150,14142,51bb112144f5172441cbe8fba6a1f749fc0f063f3f9efae58648583c82f4e25b,1,no,jpg,412,502,not_evaluated,yes,,train,42,Sequence mapping is accepted for the current project dataset based on project-owner confirmation. Label analysis uses the current XLS raw 谱式 values.,205,206,205,,谢虎,一枝桃,英雄类,净,武净,鄚州庙,拿谢虎，访拿一枝桃,施公案,韩乐卿,中文,黄天霸,花三块瓦脸,勾脸,,蓝色,,柳叶眉,大奸眼窝,桃形,尖鼻窝,虎嘴,,,,jpg,412,502,40.5,150,150,24,2020.1.5,,,,,
modern_v1,206,data/raw/脸谱/整理工作/爬虫脸谱图集.zip::爬虫脸谱图集/opera-18-206-s.jpg,opera-18-206-s.jpg,爬虫脸谱图集/opera-18-206-s.jpg,206,206,金大力,叭蜡庙,整脸,user_confirmed_sequence_mapping,Project owner confirmed on 2026-09-20 that Excel 序号 and the image filename number are one-to-one for the current POPF dataset.,present,readable,JPEG,123,150,12591,4f07c36aa1e548776524f2b7f7a1ff538ef7cbb695a743c7d7892bbccc7ffe2f,1,no,jpg,412,502,not_evaluated,yes,,train,42,Sequence mapping is accepted for the current project dataset based on project-owner confirmation. Label analysis uses the current XLS raw 谱式 values.,206,207,206,,金大力,,将官类,净,武净,叭蜡庙,招贤镇、水龙窝、拿费德功,施公案,金少山,中文,王殿臣,整脸,揉脸,,红色,,本眉,,随意形,,,,,,jpg,412,502,36.5,150,150,24,2020.1.5,,,金少山（1890年-1948年8月13日），一说作仲义，又名少山。满族，北京人，京剧净行演员，京剧名净金秀山三子。幼年从父学艺，工铜锤花脸，兼宗何桂山。同时，他从韩乐卿习练武功把子，后拜德珺如为师学架子花脸戏。由于金少山学艺众多，天赋优厚，声音洪亮，在方方面面皆都具备，其艺术风格已经不仅限于父亲金秀山的“金派”范围。他通过发挥自身条件，将净角艺术提高到一个新的高度，形成了自己的流派“新金派”。,,
modern_v1,207,data/raw/脸谱/整理工作/爬虫脸谱图集.zip::爬虫脸谱图集/opera-18-207-s.jpg,opera-18-207-s.jpg,爬虫脸谱图集/opera-18-207-s.jpg,207,207,朱光祖,连环套,枣核脸,user_confirmed_sequence_mapping,Project owner confirmed on 2026-09-20 that Excel 序号 and the image filename number are one-to-one for the current POPF dataset.,present,readable,JPEG,123,150,12768,abbbea66356bf542aede539326257a74c247cf6e3d6594a5c1c361876c1e50df,1,no,jpg,412,502,not_evaluated,no,class_below_min_samples_per_class_10,,42,Sequence mapping is accepted for the current project dataset based on project-owner confirmation. Label analysis uses the current XLS raw 谱式 values.,207,208,207,,朱光祖,,将官类,丑,武丑,连环套,盗御马,施公案,王福山,中文,,枣核脸,勾脸,,,,,,,,,,,,jpg,412,502,33.6,150,150,24,2020.1.5,,,,,
modern_v1,208,data/raw/脸谱/整理工作/爬虫脸谱图集.zip::爬虫脸谱图集/opera-18-208-s.jpg,opera-18-208-s.jpg,爬虫脸谱图集/opera-18-208-s.jpg,208,208,濮大勇,九龙杯,碎脸,user_confirmed_sequence_mapping,Project owner confirmed on 2026-09-20 that Excel 序号 and the image filename number are one-to-one for the current POPF dataset.,present,readable,JPEG,123,150,14205,a520836a2dc817932f6054d0ff044d4504f5f90db390bdea0f3e0702e89a848c,1,no,jpg,412,502,not_evaluated,yes,,train,42,Sequence mapping is accepted for the current project dataset based on project-owner confirmation. Label analysis uses the current XLS raw 谱式 values.,208,209,208,,濮大勇,,英雄类,净,武净,九龙杯,贺龙衣、庆贺黄马褂、紫霞庄,彭公案,通用,中文,黄三泰,碎脸,勾脸,,红色,,花眉,花眼窝,如意钩形,碎鼻窝,,,,,jpg,412,502,42,150,150,24,2020.1.5,,,,,
modern_v1,209,data/raw/脸谱/整理工作/爬虫脸谱图集.zip::爬虫脸谱图集/opera-18-209-s.jpg,opera-18-209-s.jpg,爬虫脸谱图集/opera-18-209-s.jpg,209,209,黄三泰,九龙杯,三块瓦脸,user_confirmed_sequence_mapping,Project owner confirmed on 2026-09-20 that Excel 序号 and the image filename number are one-to-one for the current POPF dataset.,present,readable,JPEG,123,150,13039,23b18a9485b29f4cd5b4082a4a1eaec89a19e952412900e7927b0426a87fb9c4,1,no,jpg,412,502,not_evaluated,yes,,train,42,Sequence mapping is accepted for the current project dataset based on project-owner confirmation. Label analysis uses the current XLS raw 谱式 values.,209,210,209,,黄三泰,黄三太,英雄类,净,武净,九龙杯,贺龙衣、庆贺黄马褂、紫霞庄,彭公案,尚和玉,中文,濮大勇,三块瓦脸,勾脸,,粉色,,钩眉,老眼窝,蝙蝠形,灰鼻窝,,,,,jpg,412,502,37,150,150,24,2020.1.5,,,,,
modern_v1,210,data/raw/脸谱/整理工作/爬虫脸谱图集.zip::爬虫脸谱图集/opera-18-210-s.jpg,opera-18-210-s.jpg,爬虫脸谱图集/opera-18-210-s.jpg,210,210,何路通,落马湖,碎脸,user_confirmed_sequence_mapping,Project owner confirmed on 2026-09-20 that Excel 序号 and the image filename number are one-to-one for the current POPF dataset.,present,readable,JPEG,123,150,14642,3f9452e3807d58143749b808d449f538503a62b7a1b14a439dd32d2ff1f95b36,1,no,jpg,412,502,not_evaluated,yes,,validation,42,Sequence mapping is accepted for the current project dataset based on project-owner confirmation. Label analysis uses the current XLS raw 谱式 values.,210,211,210,,何路通,,英雄类,净,武净,落马湖,望江居、拿李佩,施公案,范宝亭,中文,李佩,碎脸,勾脸,,黄色,,刀眉,,随意形,碎鼻窝,,,,,jpg,412,502,44,150,150,24,2020.1.5,,,范宝亭（1887年-1944年2月7日），北京人，著名京剧武净。科班出身，自幼坐科福寿班，和许德义同门。任荣春社教师、中华戏曲专科学校净行教师。范宝亭戏路极广，能演长靠戏、短打戏，经常参加名演员创演的新戏。范宝亭的跌打翻扑的特技功夫是无人与之匹敌的。他演戏不但应付自如，还发扬了他的革新精神。范宝亭有很多弟子，最知名的是刘奎官，厉慧良、景荣庆等也曾受教于他。,,
modern_v1,211,data/raw/脸谱/整理工作/爬虫脸谱图集.zip::爬虫脸谱图集/opera-18-211-s.jpg,opera-18-211-s.jpg,爬虫脸谱图集/opera-18-211-s.jpg,211,211,黄隆基,霸王庄,花三块瓦脸,user_confirmed_sequence_mapping,Project owner confirmed on 2026-09-20 that Excel 序号 and the image filename number are one-to-one for the current POPF dataset.,present,readable,JPEG,123,150,14583,3f3528716ce6cdada0d909c1e068693994a1192258540280d862dee138bc09ba,1,no,jpg,412,502,not_evaluated,yes,,validation,42,Sequence mapping is accepted for the current project dataset based on project-owner confirmation. Label analysis uses the current XLS raw 谱式 values.,211,212,211,,黄隆基,,英雄类,净,武净,霸王庄,英雄反正、拿黄隆基,施公案,钱金福,中文,罗四虎,花三块瓦脸,勾脸,,蓝色,,钩眉,花眼窝,胆形,碎鼻窝,,,,,jpg,412,502,45.5,150,150,24,2020.1.5,,,,,
modern_v1,212,data/raw/脸谱/整理工作/爬虫脸谱图集.zip::爬虫脸谱图集/opera-18-212-s.jpg,opera-18-212-s.jpg,爬虫脸谱图集/opera-18-212-s.jpg,212,212,巴永泰,连环套,三块瓦脸,user_confirmed_sequence_mapping,Project owner confirmed on 2026-09-20 that Excel 序号 and the image filename number are one-to-one for the current POPF dataset.,present,readable,JPEG,123,150,13862,3952e48e27b816550c1d208904709cbd53db8698b83ddadac82170fb7f10214c,1,no,jpg,412,502,not_evaluated,yes,,train,42,Sequence mapping is accepted for the current project dataset based on project-owner confirmation. Label analysis uses the current XLS raw 谱式 values.,212,213,212,,巴永泰,,将官类,净,武净,连环套,盗御马,施公案,通用,中文,窦尔敦,三块瓦脸,勾脸,,红色,,刀眉,直眼窝,圆形,满鼻窝,,,,,jpg,412,502,37.2,150,150,24,2020.1.5,,,,,
modern_v1,213,data/raw/脸谱/整理工作/爬虫脸谱图集.zip::爬虫脸谱图集/opera-18-213-s.jpg,opera-18-213-s.jpg,爬虫脸谱图集/opera-18-213-s.jpg,213,213,焦振远,剑峰山,三块瓦脸,user_confirmed_sequence_mapping,Project owner confirmed on 2026-09-20 that Excel 序号 and the image filename number are one-to-one for the current POPF dataset.,present,readable,JPEG,123,150,14283,287043e5e6765f36657213e1a94cd06b7891a504c3f427893e2812471f45cc15,1,no,jpg,412,502,not_evaluated,yes,,train,42,Sequence mapping is accepted for the current project dataset based on project-owner confirmation. Label analysis uses the current XLS raw 谱式 values.,213,214,213,,焦振远,,英雄类,净,武净,剑峰山,拿焦振远、五老会、五鬼一条龙,彭公案,裘盛戎,中文,张耀宗,三块瓦脸,勾脸,,蓝色,,螳螂眉,老眼窝,随意形,尖鼻窝,,,,,jpg,412,502,41,150,150,24,2020.1.5,,,,,
modern_v1,214,data/raw/脸谱/整理工作/爬虫脸谱图集.zip::爬虫脸谱图集/opera-18-214-s.jpg,opera-18-214-s.jpg,爬虫脸谱图集/opera-18-214-s.jpg,214,214,花德雷,溪皇庄,三块瓦脸,user_confirmed_sequence_mapping,Project owner confirmed on 2026-09-20 that Excel 序号 and the image filename number are one-to-one for the current POPF dataset.,present,readable,JPEG,123,150,13263,ff673d3c0a4c846720a754a6c2adf79d913f5f3b251e0d7f2f04d52d40dca2ee,1,no,jpg,412,502,not_evaluated,yes,,train,42,Sequence mapping is accepted for the current project dataset based on project-owner confirmation. Label analysis uses the current XLS raw 谱式 values.,214,215,214,,花德雷,,英雄类,净,武净,溪皇庄,大溪皇庄 、拿花德雷,彭公案,侯喜瑞,中文,彭鹏,三块瓦脸,勾脸,,白色,,凝眉,环眼窝,蝙蝠形,笑鼻窝,,,,,jpg,412,502,53.2,150,150,24,2020.1.5,,此剧见《彭公案》第八十八至九十三回。传统京剧剧目，该剧剧情：溪皇庄土豪花德雷与采花蜂尹亮为友，采花害命。彭朋私访，为花识破，押禁土牢。徐胜、刘芳四处寻访，遇镖客诸彪及贾亮，定计各携妻女，乔装卖艺人，乘花庆寿时混入，救出彭朋，力擒花德雷。,侯喜瑞（1892年2月23日-1983年2月22日），京剧净角。幼入富连成科班，先学梆子老生，后师从韩乐卿学架子花脸和武花脸戏。出科后拜黄润甫为师，颇得真传，并在严承师教基础上，根据自身条件扬长避短，形成新的艺术风格“侯派”，与金少山、郝寿臣三足鼎立。侯喜瑞虽然嗓音较哑，但字准音足，听起来简练隽永，字字入耳。早年在富连成社担任武生净行教师，晚年在中国戏曲学院、北京市戏曲学校任教。,,
modern_v1,215,data/raw/脸谱/整理工作/爬虫脸谱图集.zip::爬虫脸谱图集/opera-18-215-s.jpg,opera-18-215-s.jpg,爬虫脸谱图集/opera-18-215-s.jpg,215,215,武天虬,恶虎村,花三块瓦脸,user_confirmed_sequence_mapping,Project owner confirmed on 2026-09-20 that Excel 序号 and the image filename number are one-to-one for the current POPF dataset.,present,readable,JPEG,123,150,14207,11bbe0a6d5755c3b8303287983e4bab41b0d748a132fec3c50b64a2114990171,1,no,jpg,412,502,not_evaluated,yes,,train,42,Sequence mapping is accepted for the current project dataset based on project-owner confirmation. Label analysis uses the current XLS raw 谱式 values.,215,216,215,,武天虬,,英雄类,净,武净,恶虎村,江都县、三义绝交、三雄绝义,施公案,许德义,中文,濮天雕,花三块瓦脸,勾脸,,绿色,,钩眉,花眼窝,如意钩形,碎鼻窝,,,,,jpg,412,502,41.5,150,150,24,2020.1.5,,,许德义（1886年-1944年），名全增，北京人，京剧武净演员。其父为“奎派”老生许荫棠。自幼坐科福寿科班，工武净，拜前辈武净范福泰为师，与范福泰之子范宝亭是师兄弟。出科后，他为杨小楼的得力配角。许德义武功基础磁实，长靠短打皆精，以勇猛见长，英气勃勃，颇有大将风度。其为人直爽性格倔强，对艺术极端负责，台上从不懈怠，全力以赴。如有演出瑕疵，都会引起他深深的自责，“许德义自责”逐渐传为梨园佳话。,,
modern_v1,216,data/raw/脸谱/整理工作/爬虫脸谱图集.zip::爬虫脸谱图集/opera-18-216-s.jpg,opera-18-216-s.jpg,爬虫脸谱图集/opera-18-216-s.jpg,216,216,李佩,落马湖,三块瓦脸,user_confirmed_sequence_mapping,Project owner confirmed on 2026-09-20 that Excel 序号 and the image filename number are one-to-one for the current POPF dataset.,present,readable,JPEG,123,150,13769,2627e1a5d1f00480ee851a8314c048a272372fe5fa4b8e748259a7ddcf998da3,1,no,jpg,412,502,not_evaluated,yes,,train,42,Sequence mapping is accepted for the current project dataset based on project-owner confirmation. Label analysis uses the current XLS raw 谱式 values.,216,217,216,,李佩,,英雄类,净,武净,落马湖,望江居、拿李佩,施公案,钱金福,中文,何路通,三块瓦脸,勾脸,,紫红色,,奸眉,尖眼窝,圆形,卷鼻窝,,,,,jpg,412,502,35.6,150,150,24,2020.1.5,,,,,
modern_v1,217,data/raw/脸谱/整理工作/爬虫脸谱图集.zip::爬虫脸谱图集/opera-19-217-s.jpg,opera-19-217-s.jpg,爬虫脸谱图集/opera-19-217-s.jpg,217,217,蔡天化,淮安府,僧道脸,user_confirmed_sequence_mapping,Project owner confirmed on 2026-09-20 that Excel 序号 and the image filename number are one-to-one for the current POPF dataset.,present,readable,JPEG,123,150,13099,537dd49516b04c20c3ee7dc59b07e2a3a6dfd71855a516bda1a914e31df5b5db,1,no,jpg,412,502,not_evaluated,no,class_below_min_samples_per_class_10,,42,Sequence mapping is accepted for the current project dataset based on project-owner confirmation. Label analysis uses the current XLS raw 谱式 values.,217,218,217,,蔡天化,,英雄类,净,武净,淮安府,拿蔡天化、双盗印、北极观,施公案,侯喜瑞,中文,黄天霸,僧道脸,勾脸,,油白色,,棒槌眉,尖眼窝,舍利子形,笑鼻窝,,,,,jpg,412,502,35.6,150,150,24,2020.1.5,,,侯喜瑞（1892年2月23日-1983年2月22日），京剧净角。幼入富连成科班，先学梆子老生，后师从韩乐卿学架子花脸和武花脸戏。出科后拜黄润甫为师，颇得真传，并在严承师教基础上，根据自身条件扬长避短，形成新的艺术风格“侯派”，与金少山、郝寿臣三足鼎立。侯喜瑞虽然嗓音较哑，但字准音足，听起来简练隽永，字字入耳。早年在富连成社担任武生净行教师，晚年在中国戏曲学院、北京市戏曲学校任教。,,
modern_v1,218,data/raw/脸谱/整理工作/爬虫脸谱图集.zip::爬虫脸谱图集/opera-19-218-s.jpg,opera-19-218-s.jpg,爬虫脸谱图集/opera-19-218-s.jpg,218,218,邓九公,十三妹,三块瓦脸,user_confirmed_sequence_mapping,Project owner confirmed on 2026-09-20 that Excel 序号 and the image filename number are one-to-one for the current POPF dataset.,present,readable,JPEG,123,150,12604,7f4d55eb618ee0f2f65ac661f3953cecc4a1f7c71fb9eda3e579c37fd45bb333,1,no,jpg,412,502,not_evaluated,yes,,validation,42,Sequence mapping is accepted for the current project dataset based on project-owner confirmation. Label analysis uses the current XLS raw 谱式 values.,218,219,218,,邓九公,邓总兵,英雄类,净,副净,十三妹,悦来店,儿女英雄传,郝寿臣,中文,何玉凤,三块瓦脸,勾脸,,粉红色,,直眉,老眼窝,,满鼻窝,,,,,jpg,412,502,32.6,150,150,24,2020.1.5,,,郝寿臣（1886年-1961年），著名京剧表演艺术家、教育家，工架子花脸。原籍河北香河，幼年随父迁京，从师吕福善、唐永常、朱子久、阎宝恒等学艺。郝寿臣融金秀山铜锤与黄润甫架子两家艺术于一炉，唱念上自成一格，创成被誉为“架子花脸铜锤唱”的郝派艺术。他以气魄取胜，唱念韵味浑厚，工架凝练，表演浑然一体。他艺术态度严谨，善于刻画人物，数十年艺术生涯中，在220余个剧目中扮演过160多个主要和次要角色。与侯喜瑞、金少山并称“净行三杰”。,,
modern_v1,219,data/raw/脸谱/整理工作/爬虫脸谱图集.zip::爬虫脸谱图集/opera-19-219-s.jpg,opera-19-219-s.jpg,爬虫脸谱图集/opera-19-219-s.jpg,219,219,郎如豹,李海坞,三块瓦脸,user_confirmed_sequence_mapping,Project owner confirmed on 2026-09-20 that Excel 序号 and the image filename number are one-to-one for the current POPF dataset.,present,readable,JPEG,123,150,13679,9df8e9299e6eebbe765e1c1e03c4a63fa92e3a8c1a468dec3595132c17e244bb,1,no,jpg,412,502,not_evaluated,yes,,train,42,Sequence mapping is accepted for the current project dataset based on project-owner confirmation. Label analysis uses the current XLS raw 谱式 values.,219,220,219,,郎如豹,,英雄类,净,武净,李海坞,里海坞、拿郎如豹,施公案,侯喜瑞,中文,黄天霸,三块瓦脸,勾脸,,灰色,,棒槌眉,大奸眼窝,线形,碎鼻窝,,,,,jpg,412,502,40.4,150,150,24,2020.1.5,,,侯喜瑞（1892年2月23日-1983年2月22日），京剧净角。幼入富连成科班，先学梆子老生，后师从韩乐卿学架子花脸和武花脸戏。出科后拜黄润甫为师，颇得真传，并在严承师教基础上，根据自身条件扬长避短，形成新的艺术风格“侯派”，与金少山、郝寿臣三足鼎立。侯喜瑞虽然嗓音较哑，但字准音足，听起来简练隽永，字字入耳。早年在富连成社担任武生净行教师，晚年在中国戏曲学院、北京市戏曲学校任教。,,
modern_v1,220,data/raw/脸谱/整理工作/爬虫脸谱图集.zip::爬虫脸谱图集/opera-19-220-s.jpg,opera-19-220-s.jpg,爬虫脸谱图集/opera-19-220-s.jpg,220,220,窦虎,叭蜡庙,歪脸,user_confirmed_sequence_mapping,Project owner confirmed on 2026-09-20 that Excel 序号 and the image filename number are one-to-one for the current POPF dataset.,present,readable,JPEG,123,150,14894,18b90772b956a951dab0133db3e6e5dd7c67973a7cacc1c19daeabf88cedc9ac,1,no,jpg,412,502,not_evaluated,no,class_below_min_samples_per_class_10,,42,Sequence mapping is accepted for the current project dataset based on project-owner confirmation. Label analysis uses the current XLS raw 谱式 values.,220,221,220,,窦虎,,英雄类,净,武净,叭蜡庙,招贤镇、水龙窝、拿费德功,施公案,通用,中文,米龙,歪脸,勾脸,,黄色,,凝眉,鸟眼窝,螺形,歪鼻窝,歪嘴,,,,jpg,412,502,47.7,150,150,24,2020.1.5,,,,,
modern_v1,221,data/raw/脸谱/整理工作/爬虫脸谱图集.zip::爬虫脸谱图集/opera-19-221-s.jpg,opera-19-221-s.jpg,爬虫脸谱图集/opera-19-221-s.jpg,221,221,曹宝,天官赐福,元宝脸,user_confirmed_sequence_mapping,Project owner confirmed on 2026-09-20 that Excel 序号 and the image filename number are one-to-one for the current POPF dataset.,present,readable,JPEG,123,150,13581,9152de7bd8266722682ede6d238e4a754b33703b1e24f62043c4b4a62118737e,1,no,jpg,412,502,not_evaluated,no,class_below_min_samples_per_class_10,,42,Sequence mapping is accepted for the current project dataset based on project-owner confirmation. Label analysis uses the current XLS raw 谱式 values.,221,222,221,,曹宝,纳珍天尊,神怪类,净,正净,天官赐福,大赐福,封神演义,钱金福,中文,萧升,元宝脸,勾脸,,红色,,柳叶眉,垂眼窝,,尖鼻窝,,,,,jpg,412,502,35,150,150,24,2020.1.5,,,,,
modern_v1,222,data/raw/脸谱/整理工作/爬虫脸谱图集.zip::爬虫脸谱图集/opera-19-222-s.jpg,opera-19-222-s.jpg,爬虫脸谱图集/opera-19-222-s.jpg,222,222,亢金龙,琵琶洞,象形脸,user_confirmed_sequence_mapping,Project owner confirmed on 2026-09-20 that Excel 序号 and the image filename number are one-to-one for the current POPF dataset.,present,readable,JPEG,123,150,13770,0747d8074043a7cb0726773d57100edc19dd8e5ca07a9a1cce1ecb97649de51a,1,no,jpg,412,502,not_evaluated,yes,,train,42,Sequence mapping is accepted for the current project dataset based on project-owner confirmation. Label analysis uses the current XLS raw 谱式 values.,222,223,222,,亢金龙,李道通,神怪类,净,武净,琵琶洞,,西游记,通用,中文,昴日鸡,象形脸,勾脸,,黑色,,,,钱形,蒜头鼻窝,元宝嘴,,,,jpg,412,502,38.7,150,150,24,2020.1.5,,,,,
modern_v1,223,data/raw/脸谱/整理工作/爬虫脸谱图集.zip::爬虫脸谱图集/opera-19-223-s.jpg,opera-19-223-s.jpg,爬虫脸谱图集/opera-19-223-s.jpg,223,223,王灵官,泗州城,整脸,user_confirmed_sequence_mapping,Project owner confirmed on 2026-09-20 that Excel 序号 and the image filename number are one-to-one for the current POPF dataset.,present,readable,JPEG,123,150,13421,4192e1a8a9bde762e3784ed7c17c47b4809936aed75fa30175a7c13684d404ba,1,no,jpg,412,502,not_evaluated,yes,,train,42,Sequence mapping is accepted for the current project dataset based on project-owner confirmation. Label analysis uses the current XLS raw 谱式 values.,223,224,223,,王灵官,,神怪类,净,正净,泗州城,泗水城,,钱金福,中文,,整脸,揉脸,,红色,,卧蚕眉,丹凤眼窝,火焰形,满鼻窝,,,,,jpg,412,502,35.2,150,150,24,2020.1.5,,,,,
modern_v1,224,data/raw/脸谱/整理工作/爬虫脸谱图集.zip::爬虫脸谱图集/opera-19-224-s.jpg,opera-19-224-s.jpg,爬虫脸谱图集/opera-19-224-s.jpg,224,224,昴日鸡,琵琶洞,象形脸,user_confirmed_sequence_mapping,Project owner confirmed on 2026-09-20 that Excel 序号 and the image filename number are one-to-one for the current POPF dataset.,present,readable,JPEG,123,150,15472,c0a77dc636b2cd0e34694b47894a5e43d38bb15017bd3503bd3566d25a609068,1,no,jpg,412,502,not_evaluated,yes,,test,42,Sequence mapping is accepted for the current project dataset based on project-owner confirmation. Label analysis uses the current XLS raw 谱式 values.,224,225,224,,昴日鸡,昴日星官,神怪类,净,武净,琵琶洞,,西游记,傅德威,中文,亢金龙,象形脸,勾脸,,红色,,钩眉,尖眼窝,火焰形,,雷公嘴,,,,jpg,412,502,47.1,150,150,24,2020.1.5,,,傅德威（1916年～1988年）北京人，京剧武生演员，他以长靠武生见长。1930年，考入中华戏曲专科学校第一班德字科，初习老生，由陈少五开蒙，后改武生，从沈三玉、丁永利、程永龙、钱富川学戏。1934年拜杨小楼为师，1941年拜入尚和玉门下。他自幼勤奋好学，刻苦研练，许多戏得自尚和玉亲传。1956年入中国戏曲学校为教师，还曾在北京市戏曲学校、上海市戏曲学校兼课，桃李遍于海内。,,
modern_v1,225,data/raw/脸谱/整理工作/爬虫脸谱图集.zip::爬虫脸谱图集/opera-19-225-s.jpg,opera-19-225-s.jpg,爬虫脸谱图集/opera-19-225-s.jpg,225,225,玉帝,弼马温,三块瓦脸,user_confirmed_sequence_mapping,Project owner confirmed on 2026-09-20 that Excel 序号 and the image filename number are one-to-one for the current POPF dataset.,present,readable,JPEG,123,150,13966,d42b10cebf446de753e00bc52bb5fce28f6c5c0595d07c63021480c8e2e1a858,1,no,jpg,412,502,not_evaluated,yes,,validation,42,Sequence mapping is accepted for the current project dataset based on project-owner confirmation. Label analysis uses the current XLS raw 谱式 values.,225,226,225,,玉帝,玉皇大帝,神怪类,净,副净,弼马温,,西游记,奚啸伯,中文,孙悟空,三块瓦脸,勾脸,,银色,,凝眉,直眼窝,,尖鼻窝,,,,,jpg,412,502,42.4,150,150,24,2020.1.5,,,,,
modern_v1,226,data/raw/脸谱/整理工作/爬虫脸谱图集.zip::爬虫脸谱图集/opera-19-226-s.jpg,opera-19-226-s.jpg,爬虫脸谱图集/opera-19-226-s.jpg,226,226,李靖,安天会,三块瓦脸,user_confirmed_sequence_mapping,Project owner confirmed on 2026-09-20 that Excel 序号 and the image filename number are one-to-one for the current POPF dataset.,present,readable,JPEG,123,150,14063,554d806c2fc8f254eb405390a90a4bcea223fa419e430635440d971d9e7e6d0c,1,no,jpg,412,502,not_evaluated,yes,,train,42,Sequence mapping is accepted for the current project dataset based on project-owner confirmation. Label analysis uses the current XLS raw 谱式 values.,226,227,226,,李靖,李天王,神怪类,净,正净,安天会,闹天宫,西游记,钱金福,中文,孙悟空,三块瓦脸,勾脸,,红色,,刀眉,直眼窝,戟形,满鼻窝,,,,,jpg,412,502,38.6,150,150,24,2020.1.5,,,,,
modern_v1,227,data/raw/脸谱/整理工作/爬虫脸谱图集.zip::爬虫脸谱图集/opera-19-227-s.jpg,opera-19-227-s.jpg,爬虫脸谱图集/opera-19-227-s.jpg,227,227,释迦摩尼,真假美猴王,神仙脸,user_confirmed_sequence_mapping,Project owner confirmed on 2026-09-20 that Excel 序号 and the image filename number are one-to-one for the current POPF dataset.,present,readable,JPEG,123,150,14019,952d1ca075771481bd4987309b6efe782977f1d6326837ccee7217b95f7e7600,1,no,jpg,412,502,not_evaluated,no,class_below_min_samples_per_class_10,,42,Sequence mapping is accepted for the current project dataset based on project-owner confirmation. Label analysis uses the current XLS raw 谱式 values.,227,228,227,,释迦摩尼,如来佛祖,神怪类,净,正净,真假美猴王,,西游记,通用,中文,大鹏,神仙脸,勾脸,,金色,,本眉,鸟眼窝,舍利子形,满鼻窝,,,,,jpg,412,502,43.1,150,150,24,2020.1.5,,,,,
modern_v1,228,data/raw/脸谱/整理工作/爬虫脸谱图集.zip::爬虫脸谱图集/opera-19-228-s.jpg,opera-19-228-s.jpg,爬虫脸谱图集/opera-19-228-s.jpg,228,228,孙悟空,安天会,象形脸,user_confirmed_sequence_mapping,Project owner confirmed on 2026-09-20 that Excel 序号 and the image filename number are one-to-one for the current POPF dataset.,present,readable,JPEG,123,150,14481,f04fdaa0b1b15755323906ee693b792456756ee39d4cd651ed238d309bc967af,1,no,jpg,412,502,not_evaluated,yes,,validation,42,Sequence mapping is accepted for the current project dataset based on project-owner confirmation. Label analysis uses the current XLS raw 谱式 values.,228,229,228,,孙悟空,齐天大圣、孙行者,神怪类,生,武生,安天会,闹天宫,西游记,李万春,中文,释迦摩尼,象形脸,勾脸,,红色,,,圆眼窝,卍字形,蒜头鼻窝,雷公嘴,,,,jpg,412,502,43.4,150,150,24,2020.1.5,,,李万春（1911-1985），满洲正黄旗人，工老生、武生，著名京剧表演艺术家、戏曲艺术教育家。父亲李永利是著名武花脸演员，母亲李砚秀是京剧旦角演员。李万春自幼随父练功学戏。他除了接受家传外，其父广请名师授艺，先后受教于徐德增、于德智、崔凤鸣、项鼎新等老师，为他唱念功夫的发展起到了颇重要的奠基作用。李氏一家来到北京之后，余叔岩收李万春为义子，他边演出边广收博取，受到马连良、尚小云等名家的指导，文戏投师余叔岩，武戏投师杨小楼，两位大师认真传艺，宠爱极致，均收认他为螟蛉义子。,,
modern_v1,229,data/raw/脸谱/整理工作/爬虫脸谱图集.zip::爬虫脸谱图集/opera-20-229-s.jpg,opera-20-229-s.jpg,爬虫脸谱图集/opera-20-229-s.jpg,229,229,赵天君,安天会,六分脸,user_confirmed_sequence_mapping,Project owner confirmed on 2026-09-20 that Excel 序号 and the image filename number are one-to-one for the current POPF dataset.,present,readable,JPEG,123,150,13926,e06dd7179284e26b0f45aa80f331eaa4e1c59fff831a0a6f589c1f96952b80ab,1,no,jpg,412,502,not_evaluated,yes,,test,42,Sequence mapping is accepted for the current project dataset based on project-owner confirmation. Label analysis uses the current XLS raw 谱式 values.,229,230,229,,赵天君,赵公明、赵玄坛,神怪类,净,正净,安天会,闹天宫,西游记,侯喜瑞,中文,温天君、马天君、刘天君,六分脸,勾脸,,黑色,,火焰眉,垂眼窝,眼形,,,,,,jpg,412,502,41.8,150,150,24,2020.1.5,,,侯喜瑞（1892年2月23日-1983年2月22日），京剧净角。幼入富连成科班，先学梆子老生，后师从韩乐卿学架子花脸和武花脸戏。出科后拜黄润甫为师，颇得真传，并在严承师教基础上，根据自身条件扬长避短，形成新的艺术风格“侯派”，与金少山、郝寿臣三足鼎立。侯喜瑞虽然嗓音较哑，但字准音足，听起来简练隽永，字字入耳。早年在富连成社担任武生净行教师，晚年在中国戏曲学院、北京市戏曲学校任教。,,
modern_v1,230,data/raw/脸谱/整理工作/爬虫脸谱图集.zip::爬虫脸谱图集/opera-20-230-s.jpg,opera-20-230-s.jpg,爬虫脸谱图集/opera-20-230-s.jpg,230,230,温天君,安天会,花三块瓦脸,user_confirmed_sequence_mapping,Project owner confirmed on 2026-09-20 that Excel 序号 and the image filename number are one-to-one for the current POPF dataset.,present,readable,JPEG,123,150,14555,50303cf80a38e148623e86e8d87929bf1e86aac3b86f316f8f4e485f5e63a54e,1,no,jpg,412,502,not_evaluated,yes,,test,42,Sequence mapping is accepted for the current project dataset based on project-owner confirmation. Label analysis uses the current XLS raw 谱式 values.,230,231,230,,温天君,,神怪类,净,武净,安天会,闹天宫,西游记,通用,中文,赵天君、马天君、刘天君,花三块瓦脸,勾脸,,绿色,,蝙蝠眉,,葫芦形,碎鼻窝,吊死鬼嘴,,,,jpg,412,502,45.7,150,150,24,2020.1.5,,,,,
modern_v1,231,data/raw/脸谱/整理工作/爬虫脸谱图集.zip::爬虫脸谱图集/opera-20-231-s.jpg,opera-20-231-s.jpg,爬虫脸谱图集/opera-20-231-s.jpg,231,231,马天君,安天会,三块瓦脸,user_confirmed_sequence_mapping,Project owner confirmed on 2026-09-20 that Excel 序号 and the image filename number are one-to-one for the current POPF dataset.,present,readable,JPEG,123,150,13306,f30f9629ae2047e6a2aeeb4abd469adae86fb7afa8d6bd576ea09c85b9c86019,1,no,jpg,412,502,not_evaluated,yes,,train,42,Sequence mapping is accepted for the current project dataset based on project-owner confirmation. Label analysis uses the current XLS raw 谱式 values.,231,232,231,,马天君,,神怪类,净,武净,安天会,闹天宫,西游记,通用,中文,赵天君、温天君、刘天君,三块瓦脸,勾脸,,白色,,云眉,尖眼窝,火焰形、眼形,尖鼻窝,,,,,jpg,412,502,36.7,150,150,24,2020.1.5,,,,,
modern_v1,232,data/raw/脸谱/整理工作/爬虫脸谱图集.zip::爬虫脸谱图集/opera-20-232-s.jpg,opera-20-232-s.jpg,爬虫脸谱图集/opera-20-232-s.jpg,232,232,刘天君,安天会,三块瓦脸,user_confirmed_sequence_mapping,Project owner confirmed on 2026-09-20 that Excel 序号 and the image filename number are one-to-one for the current POPF dataset.,present,readable,JPEG,123,150,14215,eeabed3b3e10330b23e02b97c6b27ed1baab2c04b29537d13fb001824ce684db,1,no,jpg,412,502,not_evaluated,yes,,train,42,Sequence mapping is accepted for the current project dataset based on project-owner confirmation. Label analysis uses the current XLS raw 谱式 values.,232,233,232,,刘天君,,神怪类,净,武净,安天会,闹天宫,西游记,通用,中文,赵天君、文天君、马天君,三块瓦脸,勾脸,,红色,,直眉,直眼窝,火焰形,尖鼻窝,,,,,jpg,412,502,39.9,150,150,24,2020.1.5,,,,,
modern_v1,233,data/raw/脸谱/整理工作/爬虫脸谱图集.zip::爬虫脸谱图集/opera-20-233-s.jpg,opera-20-233-s.jpg,爬虫脸谱图集/opera-20-233-s.jpg,233,233,巨灵神,安天会,象形脸,user_confirmed_sequence_mapping,Project owner confirmed on 2026-09-20 that Excel 序号 and the image filename number are one-to-one for the current POPF dataset.,present,readable,JPEG,123,150,13945,454a8804bf5e68c7d1bc2fb3d019fb91a1f79207cf7d5d538e86e713a0319f8e,1,no,jpg,412,502,not_evaluated,yes,,train,42,Sequence mapping is accepted for the current project dataset based on project-owner confirmation. Label analysis uses the current XLS raw 谱式 values.,233,234,233,,巨灵神,,神怪类,净,武净,安天会,闹天宫,西游记,侯喜瑞,中文,孙悟空,象形脸,勾脸,,白色,,,,面形,蒜头鼻窝,元宝嘴,,,,jpg,412,502,40.6,150,150,24,2020.1.5,,,侯喜瑞（1892年2月23日-1983年2月22日），京剧净角。幼入富连成科班，先学梆子老生，后师从韩乐卿学架子花脸和武花脸戏。出科后拜黄润甫为师，颇得真传，并在严承师教基础上，根据自身条件扬长避短，形成新的艺术风格“侯派”，与金少山、郝寿臣三足鼎立。侯喜瑞虽然嗓音较哑，但字准音足，听起来简练隽永，字字入耳。早年在富连成社担任武生净行教师，晚年在中国戏曲学院、北京市戏曲学校任教。,,
modern_v1,234,data/raw/脸谱/整理工作/爬虫脸谱图集.zip::爬虫脸谱图集/opera-20-234-s.jpg,opera-20-234-s.jpg,爬虫脸谱图集/opera-20-234-s.jpg,234,234,青龙,安天会,象形脸,user_confirmed_sequence_mapping,Project owner confirmed on 2026-09-20 that Excel 序号 and the image filename number are one-to-one for the current POPF dataset.,present,readable,JPEG,123,150,15935,9d33a11ddf8100bc2c5e9aeb5fd44cb577e585fd7de3789cc272bc876f71b115,1,no,jpg,412,502,not_evaluated,yes,,train,42,Sequence mapping is accepted for the current project dataset based on project-owner confirmation. Label analysis uses the current XLS raw 谱式 values.,234,235,234,,青龙,,神怪类,净,武净,安天会,闹天宫,西游记,通用,中文,白虎,象形脸,勾脸,,蓝色,,龙角眉,圆眼窝,火焰形,蒜头鼻窝,火盆嘴,,,,jpg,412,502,51.5,150,150,24,2020.1.5,,,,,
modern_v1,235,data/raw/脸谱/整理工作/爬虫脸谱图集.zip::爬虫脸谱图集/opera-20-235-s.jpg,opera-20-235-s.jpg,爬虫脸谱图集/opera-20-235-s.jpg,235,235,杨戬,安天会,花三块瓦脸,user_confirmed_sequence_mapping,Project owner confirmed on 2026-09-20 that Excel 序号 and the image filename number are one-to-one for the current POPF dataset.,present,readable,JPEG,123,150,14568,c7f40627e6c243ecefbd29224f0ac4376c84976b108e2c8320d550410fd557d2,1,no,jpg,412,502,not_evaluated,yes,,train,42,Sequence mapping is accepted for the current project dataset based on project-owner confirmation. Label analysis uses the current XLS raw 谱式 values.,235,236,235,,杨戬,二郎神,神怪类,净,武净,安天会,闹天宫,西游记,范宝亭,中文,孙悟空,花三块瓦脸,勾脸,,金色,,刀眉,直眼窝,眼形,卷鼻窝,吊死鬼嘴,,,,jpg,412,502,44,150,150,24,2020.1.5,,,范宝亭（1887年-1944年2月7日），北京人，著名京剧武净。科班出身，自幼坐科福寿班，和许德义同门。任荣春社教师、中华戏曲专科学校净行教师。范宝亭戏路极广，能演长靠戏、短打戏，经常参加名演员创演的新戏。范宝亭的跌打翻扑的特技功夫是无人与之匹敌的。他演戏不但应付自如，还发扬了他的革新精神。范宝亭有很多弟子，最知名的是刘奎官，厉慧良、景荣庆等也曾受教于他。,,赵梦林《京剧脸谱》
modern_v1,236,data/raw/脸谱/整理工作/爬虫脸谱图集.zip::爬虫脸谱图集/opera-20-236-s.jpg,opera-20-236-s.jpg,爬虫脸谱图集/opera-20-236-s.jpg,236,236,白虎,安天会,象形脸,user_confirmed_sequence_mapping,Project owner confirmed on 2026-09-20 that Excel 序号 and the image filename number are one-to-one for the current POPF dataset.,present,readable,JPEG,123,150,14475,e6501d260575615a90f87fd84cfe182a8f46bf5a751abd6df8cf4abc38119282,1,no,jpg,412,502,not_evaluated,yes,,train,42,Sequence mapping is accepted for the current project dataset based on project-owner confirmation. Label analysis uses the current XLS raw 谱式 values.,236,237,236,,白虎,,神怪类,净,武净,安天会,闹天宫,西游记,通用,中文,青龙,象形脸,勾脸,,白色,,,大奸眼窝,王字形,蒜头鼻窝,元宝嘴,,,,jpg,412,502,44.6,150,150,24,2020.1.5,,,,,
modern_v1,237,data/raw/脸谱/整理工作/爬虫脸谱图集.zip::爬虫脸谱图集/opera-20-237-s.jpg,opera-20-237-s.jpg,爬虫脸谱图集/opera-20-237-s.jpg,237,237,罗猴,安天会,象形脸,user_confirmed_sequence_mapping,Project owner confirmed on 2026-09-20 that Excel 序号 and the image filename number are one-to-one for the current POPF dataset.,present,readable,JPEG,123,150,14631,f2d1767caed774819cf3d04bd0fbdd2487df213ef3ed73c384092ac33371f863,1,no,jpg,412,502,not_evaluated,yes,,train,42,Sequence mapping is accepted for the current project dataset based on project-owner confirmation. Label analysis uses the current XLS raw 谱式 values.,237,238,237,,罗猴,,神怪类,净,武净,安天会,闹天宫,西游记,通用,中文,墨猴,象形脸,勾脸,,灰色,,,圆眼窝,,蒜头鼻窝,菱角嘴,,,,jpg,412,502,43.5,150,150,24,2020.1.5,,,,,
modern_v1,238,data/raw/脸谱/整理工作/爬虫脸谱图集.zip::爬虫脸谱图集/opera-20-238-s.jpg,opera-20-238-s.jpg,爬虫脸谱图集/opera-20-238-s.jpg,238,238,墨猴,安天会,象形脸,user_confirmed_sequence_mapping,Project owner confirmed on 2026-09-20 that Excel 序号 and the image filename number are one-to-one for the current POPF dataset.,present,readable,JPEG,123,150,14048,3446661f343c8afa4d841554b63cf57fc4f55c652394bd6b144cc334e161cd31,1,no,jpg,412,502,not_evaluated,yes,,train,42,Sequence mapping is accepted for the current project dataset based on project-owner confirmation. Label analysis uses the current XLS raw 谱式 values.,238,239,238,,墨猴,,神怪类,净,武净,安天会,闹天宫,西游记,通用,中文,罗猴,象形脸,勾脸,,黑色,,,圆眼窝,,,雷公嘴,,,,jpg,412,502,39.9,150,150,24,2020.1.5,,,,,
modern_v1,239,data/raw/脸谱/整理工作/爬虫脸谱图集.zip::爬虫脸谱图集/opera-20-239-s.jpg,opera-20-239-s.jpg,爬虫脸谱图集/opera-20-239-s.jpg,239,239,通臂猿,石猴出世,象形脸,user_confirmed_sequence_mapping,Project owner confirmed on 2026-09-20 that Excel 序号 and the image filename number are one-to-one for the current POPF dataset.,present,readable,JPEG,123,150,14459,8821858b111e25848723e483614a449be5b8c3ba24625e5ea1249dc268b795ec,1,no,jpg,412,502,not_evaluated,yes,,train,42,Sequence mapping is accepted for the current project dataset based on project-owner confirmation. Label analysis uses the current XLS raw 谱式 values.,239,240,239,,通臂猿,,神怪类,净,副净,石猴出世,,西游记,通用,中文,孙悟空,象形脸,勾脸,,红色,,,圆眼窝,,,菱角嘴,,,,jpg,412,502,42.6,150,150,24,2020.1.5,,,,,
modern_v1,240,data/raw/脸谱/整理工作/爬虫脸谱图集.zip::爬虫脸谱图集/opera-20-240-s.jpg,opera-20-240-s.jpg,爬虫脸谱图集/opera-20-240-s.jpg,240,240,白猿,八仙斗白猿,象形脸,user_confirmed_sequence_mapping,Project owner confirmed on 2026-09-20 that Excel 序号 and the image filename number are one-to-one for the current POPF dataset.,present,readable,JPEG,123,150,14200,0a64f5ecbae56d9c5cd7e6902e603a17dcdaad013eccde59752d6247535155f5,1,no,jpg,412,502,not_evaluated,yes,,train,42,Sequence mapping is accepted for the current project dataset based on project-owner confirmation. Label analysis uses the current XLS raw 谱式 values.,240,241,240,,白猿,,神怪类,净,武净,八仙斗白猿,,东游记,通用,中文,,象形脸,勾脸,,白色,,钩眉,,桃形,蒜头鼻窝,菱角嘴,,,,jpg,412,502,41,150,150,24,2020.1.5,,,,,
modern_v1,241,data/raw/脸谱/整理工作/爬虫脸谱图集.zip::爬虫脸谱图集/opera-21-241-s.jpg,opera-21-241-s.jpg,爬虫脸谱图集/opera-21-241-s.jpg,241,241,天罡,安天会,神仙脸,user_confirmed_sequence_mapping,Project owner confirmed on 2026-09-20 that Excel 序号 and the image filename number are one-to-one for the current POPF dataset.,present,readable,JPEG,123,150,14538,c2453ba3b7ddce318e9481018a02598de34aa65881e13658f105bc70aeeba454,1,no,jpg,412,502,not_evaluated,no,class_below_min_samples_per_class_10,,42,Sequence mapping is accepted for the current project dataset based on project-owner confirmation. Label analysis uses the current XLS raw 谱式 values.,241,242,241,,天罡,,神怪类,净,副净,安天会,闹天宫,西游记,通用,中文,地煞,神仙脸,勾脸,,蓝色,,,,脸形,蒜头鼻窝,元宝嘴,,,,jpg,412,502,40.7,150,150,24,2020.1.5,,,,,
modern_v1,242,data/raw/脸谱/整理工作/爬虫脸谱图集.zip::爬虫脸谱图集/opera-21-242-s.jpg,opera-21-242-s.jpg,爬虫脸谱图集/opera-21-242-s.jpg,242,242,煞神,问樵闹府,碎脸,user_confirmed_sequence_mapping,Project owner confirmed on 2026-09-20 that Excel 序号 and the image filename number are one-to-one for the current POPF dataset.,present,readable,JPEG,123,150,15410,6535896720529dabf0d0353cd3d636c4a29a6723cb4c1b14e2c92afb7d1bc706,1,no,jpg,412,502,not_evaluated,yes,,train,42,Sequence mapping is accepted for the current project dataset based on project-owner confirmation. Label analysis uses the current XLS raw 谱式 values.,242,243,242,,煞神,,神怪类,净,武净,问樵闹府,琼林宴、打棍出箱,三侠五义,钱金福,中文,葛登云,碎脸,勾脸,,黑色,,螳螂眉,,火焰形,,火盆嘴,,,,jpg,412,502,48.4,150,150,24,2020.1.5,,,,,
modern_v1,243,data/raw/脸谱/整理工作/爬虫脸谱图集.zip::爬虫脸谱图集/opera-21-243-s.jpg,opera-21-243-s.jpg,爬虫脸谱图集/opera-21-243-s.jpg,243,243,地煞,安天会,神仙脸,user_confirmed_sequence_mapping,Project owner confirmed on 2026-09-20 that Excel 序号 and the image filename number are one-to-one for the current POPF dataset.,present,readable,JPEG,123,150,14932,61002492175df0d544ab587918b5be4be4c2d05660989d49854247cc8c5bb54b,1,no,jpg,412,502,not_evaluated,no,class_below_min_samples_per_class_10,,42,Sequence mapping is accepted for the current project dataset based on project-owner confirmation. Label analysis uses the current XLS raw 谱式 values.,243,244,243,,地煞,,神怪类,净,武净,安天会,闹天宫,西游记,通用,中文,天罡,神仙脸,勾脸,,黑色,,,垂眼窝,如意钩形,,吊死鬼嘴,,,,jpg,412,502,46.8,150,150,24,2020.1.5,,,,,
modern_v1,244,data/raw/脸谱/整理工作/爬虫脸谱图集.zip::爬虫脸谱图集/opera-21-244-s.jpg,opera-21-244-s.jpg,爬虫脸谱图集/opera-21-244-s.jpg,244,244,雷公,安天会,象形脸,user_confirmed_sequence_mapping,Project owner confirmed on 2026-09-20 that Excel 序号 and the image filename number are one-to-one for the current POPF dataset.,present,readable,JPEG,123,150,15945,ac135207da66bf5b5a697a4d4dbb4046de398990d6b0f44a42272f353e5b6889,1,no,jpg,412,502,not_evaluated,yes,,train,42,Sequence mapping is accepted for the current project dataset based on project-owner confirmation. Label analysis uses the current XLS raw 谱式 values.,244,245,244,,雷公,雷神,神怪类,净,武净,安天会,闹天宫,西游记,通用,中文,电母,象形脸,勾脸,,蓝色,,狼牙眉,,舍利子形,,雷公嘴,,,,jpg,412,502,49.8,150,150,24,2020.1.5,,,,,
modern_v1,245,data/raw/脸谱/整理工作/爬虫脸谱图集.zip::爬虫脸谱图集/opera-21-245-s.jpg,opera-21-245-s.jpg,爬虫脸谱图集/opera-21-245-s.jpg,245,245,牛魔王,芭蕉扇,象形脸,user_confirmed_sequence_mapping,Project owner confirmed on 2026-09-20 that Excel 序号 and the image filename number are one-to-one for the current POPF dataset.,present,readable,JPEG,123,150,14622,7160cb0133da128fd5ecc76c33de67fd5cad978f7f43d620aff375fe42eac43e,1,no,jpg,412,502,not_evaluated,yes,,train,42,Sequence mapping is accepted for the current project dataset based on project-owner confirmation. Label analysis uses the current XLS raw 谱式 values.,245,246,245,,牛魔王,混世魔王,神怪类,净,武净,芭蕉扇,白云洞、三借芭蕉扇,西游记,通用,中文,孙悟空,象形脸,勾脸,,金色,,牛角眉,大奸眼窝,火焰形,尖鼻窝,,,,,jpg,412,502,45.7,150,150,24,2020.1.5,,,,,
modern_v1,246,data/raw/脸谱/整理工作/爬虫脸谱图集.zip::爬虫脸谱图集/opera-21-246-s.jpg,opera-21-246-s.jpg,爬虫脸谱图集/opera-21-246-s.jpg,246,246,猪八戒,高老庄,象形脸,user_confirmed_sequence_mapping,Project owner confirmed on 2026-09-20 that Excel 序号 and the image filename number are one-to-one for the current POPF dataset.,present,readable,JPEG,123,150,14661,d35830897952114a65952ce786e9c4e8fcd4098293c08cb23da12ea6dd88b751,1,no,jpg,412,502,not_evaluated,yes,,train,42,Sequence mapping is accepted for the current project dataset based on project-owner confirmation. Label analysis uses the current XLS raw 谱式 values.,246,247,246,,猪八戒,猪悟能,神怪类,净,武净,高老庄,,西游记,王又宸,中文,孙悟空,象形脸,勾脸,,黑色,,,鸟眼窝,舍利子形,猪鼻窝,,,,,jpg,412,502,46.8,150,150,24,2020.1.5,,,,,
modern_v1,247,data/raw/脸谱/整理工作/爬虫脸谱图集.zip::爬虫脸谱图集/opera-21-247-s.jpg,opera-21-247-s.jpg,爬虫脸谱图集/opera-21-247-s.jpg,247,247,沙僧,流沙河,僧道脸,user_confirmed_sequence_mapping,Project owner confirmed on 2026-09-20 that Excel 序号 and the image filename number are one-to-one for the current POPF dataset.,present,readable,JPEG,123,150,14908,7ee8a8b69040eeaf63b3e4a788a57a9446c8a5fed47e625b1dbcd902970ce3c8,1,no,jpg,412,502,not_evaluated,no,class_below_min_samples_per_class_10,,42,Sequence mapping is accepted for the current project dataset based on project-owner confirmation. Label analysis uses the current XLS raw 谱式 values.,247,248,247,,沙僧,沙悟净,神怪类,净,武净,流沙河,收悟净,西游记,,中文,孙悟空,僧道脸,勾脸,,蓝色,,棒槌眉,腰子眼窝,舍利子形,笑鼻窝,,,,,jpg,412,502,42.6,150,150,24,2020.1.5,,,,,
modern_v1,248,data/raw/脸谱/整理工作/爬虫脸谱图集.zip::爬虫脸谱图集/opera-21-248-s.jpg,opera-21-248-s.jpg,爬虫脸谱图集/opera-21-248-s.jpg,248,248,奎木狼,黄袍怪,象形脸,user_confirmed_sequence_mapping,Project owner confirmed on 2026-09-20 that Excel 序号 and the image filename number are one-to-one for the current POPF dataset.,present,readable,JPEG,123,150,14720,fe6ff4bf81e7dd379c751b65ad6acd22923ddf1bdf56b5900ee794692cb3ac83,1,no,jpg,412,502,not_evaluated,yes,,test,42,Sequence mapping is accepted for the current project dataset based on project-owner confirmation. Label analysis uses the current XLS raw 谱式 values.,248,249,248,,奎木狼,黄袍怪,神怪类,净,武净,黄袍怪,宝象国,西游记,通用,中文,孙悟空,象形脸,勾脸,,黄色,,,,,哭鼻窝,虎嘴,,,,jpg,412,502,46.4,150,150,24,2020.1.5,,,,,
modern_v1,249,data/raw/脸谱/整理工作/爬虫脸谱图集.zip::爬虫脸谱图集/opera-21-249-s.jpg,opera-21-249-s.jpg,爬虫脸谱图集/opera-21-249-s.jpg,249,249,青狮,狮驼岭,象形脸,user_confirmed_sequence_mapping,Project owner confirmed on 2026-09-20 that Excel 序号 and the image filename number are one-to-one for the current POPF dataset.,present,readable,JPEG,123,150,14237,0e26aa150a1b7b7e341bd7d82de26920df7db2b82ccd5a16673c8f3907e5b16d,1,no,jpg,412,502,not_evaluated,yes,,train,42,Sequence mapping is accepted for the current project dataset based on project-owner confirmation. Label analysis uses the current XLS raw 谱式 values.,249,250,249,,青狮,,神怪类,净,武净,狮驼岭,狮驼国,西游记,裘盛戎,中文,白象、大鹏,象形脸,勾脸,,绿色,,火焰眉,腰子眼窝,,蒜头鼻窝,元宝嘴,,,,jpg,412,502,42.1,150,150,24,2020.1.5,,,,,
modern_v1,250,data/raw/脸谱/整理工作/爬虫脸谱图集.zip::爬虫脸谱图集/opera-21-250-s.jpg,opera-21-250-s.jpg,爬虫脸谱图集/opera-21-250-s.jpg,250,250,猫神,无底洞,象形脸,user_confirmed_sequence_mapping,Project owner confirmed on 2026-09-20 that Excel 序号 and the image filename number are one-to-one for the current POPF dataset.,present,readable,JPEG,123,150,13110,62187af2087d8a3cd22bb8e4995774f46f45f03fba879d6009eec7af2cd93be0,1,no,jpg,412,502,not_evaluated,yes,,train,42,Sequence mapping is accepted for the current project dataset based on project-owner confirmation. Label analysis uses the current XLS raw 谱式 values.,250,251,250,,猫神,,神怪类,净,武净,无底洞,陷空山,西游记,朱斌仙,中文,李靖,象形脸,勾脸,,白色,,,圆眼窝,舍利子形,蒜头鼻窝,元宝嘴,,,,jpg,412,502,37.5,150,150,24,2020.1.5,,,,,
modern_v1,251,data/raw/脸谱/整理工作/爬虫脸谱图集.zip::爬虫脸谱图集/opera-21-251-s.jpg,opera-21-251-s.jpg,爬虫脸谱图集/opera-21-251-s.jpg,251,251,白象,狮驼岭,象形脸,user_confirmed_sequence_mapping,Project owner confirmed on 2026-09-20 that Excel 序号 and the image filename number are one-to-one for the current POPF dataset.,present,readable,JPEG,123,150,13283,8abc7b05a80a8ab0757523a1d442af7ca2ff7cae5895f565720d766fb751bb24,1,no,jpg,412,502,not_evaluated,yes,,train,42,Sequence mapping is accepted for the current project dataset based on project-owner confirmation. Label analysis uses the current XLS raw 谱式 values.,251,252,251,,白象,,神怪类,净,武净,狮驼岭,狮驼国,西游记,通用,中文,青狮、大鹏,象形脸,勾脸,,白色,,垂眉,,火焰形,象鼻窝,,,,,jpg,412,502,39,150,150,24,2020.1.5,,,,,
modern_v1,252,data/raw/脸谱/整理工作/爬虫脸谱图集.zip::爬虫脸谱图集/opera-21-252-s.jpg,opera-21-252-s.jpg,爬虫脸谱图集/opera-21-252-s.jpg,252,252,金钱豹,红梅山,象形脸,user_confirmed_sequence_mapping,Project owner confirmed on 2026-09-20 that Excel 序号 and the image filename number are one-to-one for the current POPF dataset.,present,readable,JPEG,123,150,14822,f0148661302a49f507260a31dcef3856febd857d0da267a0c2f322566ad56922,1,no,jpg,412,502,not_evaluated,yes,,train,42,Sequence mapping is accepted for the current project dataset based on project-owner confirmation. Label analysis uses the current XLS raw 谱式 values.,252,253,252,,金钱豹,,神怪类,净,武净,红梅山,金钱豹,西游记,傅德威,中文,孙悟空,象形脸,勾脸,,金色,,棒槌眉,,面形,,火盆嘴,,,,jpg,412,502,48.7,150,150,24,2020.1.5,,,傅德威（1916年～1988年）北京人，京剧武生演员，他以长靠武生见长。1930年，考入中华戏曲专科学校第一班德字科，初习老生，由陈少五开蒙，后改武生，从沈三玉、丁永利、程永龙、钱富川学戏。1934年拜杨小楼为师，1941年拜入尚和玉门下。他自幼勤奋好学，刻苦研练，许多戏得自尚和玉亲传。1956年入中国戏曲学校为教师，还曾在北京市戏曲学校、上海市戏曲学校兼课，桃李遍于海内。,,
modern_v1,253,data/raw/脸谱/整理工作/爬虫脸谱图集.zip::爬虫脸谱图集/opera-22-253-s.jpg,opera-22-253-s.jpg,爬虫脸谱图集/opera-22-253-s.jpg,253,253,孔宣,百草山,象形脸,user_confirmed_sequence_mapping,Project owner confirmed on 2026-09-20 that Excel 序号 and the image filename number are one-to-one for the current POPF dataset.,present,readable,JPEG,123,150,15460,20c4b5ade42341434d10572b95b3f60630bcc5bcb70f99f4cdec87f212792a21,1,no,jpg,412,502,not_evaluated,yes,,train,42,Sequence mapping is accepted for the current project dataset based on project-owner confirmation. Label analysis uses the current XLS raw 谱式 values.,253,254,253,,孔宣,,神怪类,净,武净,百草山,百鸟朝凤、锯大缸,太平御览,朱斌仙,中文,白日鹤、通雀鸟,象形脸,勾脸,,绿色,,,鸟眼窝,羽毛形,,雷公嘴,,,,jpg,412,502,50.2,150,150,24,2020.1.5,,,,,
modern_v1,254,data/raw/脸谱/整理工作/爬虫脸谱图集.zip::爬虫脸谱图集/opera-22-254-s.jpg,opera-22-254-s.jpg,爬虫脸谱图集/opera-22-254-s.jpg,254,254,白日鹤,百草山,象形脸,user_confirmed_sequence_mapping,Project owner confirmed on 2026-09-20 that Excel 序号 and the image filename number are one-to-one for the current POPF dataset.,present,readable,JPEG,123,150,14010,73c5fa48560d4d36557f9ea239cebd1764f9ef3a10ca343912fcd67d16a96f28,1,no,jpg,412,502,not_evaluated,yes,,test,42,Sequence mapping is accepted for the current project dataset based on project-owner confirmation. Label analysis uses the current XLS raw 谱式 values.,254,255,254,,白日鹤,,神怪类,净,武净,百草山,百鸟朝凤、锯大缸,太平御览,通用,中文,通雀鸟,象形脸,勾脸,,白色,,螳螂眉,鸟眼窝,火焰形,,雷公嘴,,,,jpg,412,502,40.2,150,150,24,2020.1.5,,,,,
modern_v1,255,data/raw/脸谱/整理工作/爬虫脸谱图集.zip::爬虫脸谱图集/opera-22-255-s.jpg,opera-22-255-s.jpg,爬虫脸谱图集/opera-22-255-s.jpg,255,255,通雀鸟,百草山,象形脸,user_confirmed_sequence_mapping,Project owner confirmed on 2026-09-20 that Excel 序号 and the image filename number are one-to-one for the current POPF dataset.,present,readable,JPEG,123,150,14813,b03c14164032c88c0cf8dc97cbaac3c8885189c4f894c82073a9950f0acf7189,1,no,jpg,412,502,not_evaluated,yes,,train,42,Sequence mapping is accepted for the current project dataset based on project-owner confirmation. Label analysis uses the current XLS raw 谱式 values.,255,256,255,,通雀鸟,,神怪类,净,武净,百草山,百鸟朝凤、锯大缸,太平御览,通用,中文,白日鹤,象形脸,勾脸,,红色,,云眉,,火焰形,蒜头鼻窝,雷公嘴,,,,jpg,412,502,44.8,150,150,24,2020.1.5,,,,,
modern_v1,256,data/raw/脸谱/整理工作/爬虫脸谱图集.zip::爬虫脸谱图集/opera-22-256-s.jpg,opera-22-256-s.jpg,爬虫脸谱图集/opera-22-256-s.jpg,256,256,大鹏,狮驼岭,象形脸,user_confirmed_sequence_mapping,Project owner confirmed on 2026-09-20 that Excel 序号 and the image filename number are one-to-one for the current POPF dataset.,present,readable,JPEG,123,150,14660,370d7b27f1545a43665667ebbd0bdff10a87717b73c2d8a62f1f53261dec386f,1,no,jpg,412,502,not_evaluated,yes,,train,42,Sequence mapping is accepted for the current project dataset based on project-owner confirmation. Label analysis uses the current XLS raw 谱式 values.,256,257,256,,大鹏,金翅大鹏雕,神怪类,净,武净,狮驼岭,狮驼国,西游记,李万春,中文,青狮、白象,象形脸,勾脸,,绿色,,红黄眉,,舍利子形,,雷公嘴,,,,jpg,412,502,44,150,150,24,2020.1.5,,,李万春（1911-1985），满洲正黄旗人，工老生、武生，著名京剧表演艺术家、戏曲艺术教育家。父亲李永利是著名武花脸演员，母亲李砚秀是京剧旦角演员。李万春自幼随父练功学戏。他除了接受家传外，其父广请名师授艺，先后受教于徐德增、于德智、崔凤鸣、项鼎新等老师，为他唱念功夫的发展起到了颇重要的奠基作用。李氏一家来到北京之后，余叔岩收李万春为义子，他边演出边广收博取，受到马连良、尚小云等名家的指导，文戏投师余叔岩，武戏投师杨小楼，两位大师认真传艺，宠爱极致，均收认他为螟蛉义子。,,
modern_v1,257,data/raw/脸谱/整理工作/爬虫脸谱图集.zip::爬虫脸谱图集/opera-22-257-s.jpg,opera-22-257-s.jpg,爬虫脸谱图集/opera-22-257-s.jpg,257,257,敖广,水帘洞,三块瓦脸,user_confirmed_sequence_mapping,Project owner confirmed on 2026-09-20 that Excel 序号 and the image filename number are one-to-one for the current POPF dataset.,present,readable,JPEG,123,150,13259,8e3e338223488a7ef41529752cb6da63a3dbce70b25fc49ccd114ebd1bf9af02,1,no,jpg,412,502,not_evaluated,yes,,validation,42,Sequence mapping is accepted for the current project dataset based on project-owner confirmation. Label analysis uses the current XLS raw 谱式 values.,257,258,257,,敖广,东海龙王,神怪类,净,副净,水帘洞,花果山、美猴王、闹龙宫,西游记,刘砚亭,中文,敖闰,三块瓦脸,勾脸,,白色,,直眉,老眼窝,火焰形,尖鼻窝,,,,,jpg,412,502,34.1,150,150,24,2020.1.5,,,刘砚亭(1891-1965)，北京人，优秀的京剧武净演员，京剧老生刘砚芳之兄。15岁时，入平科班坐科，学习京剧花脸，至21岁出科。出科后，随杨小楼演出，多饰演配角，逐渐声名鹊起。刘砚亭师承钱金福先生，极大的继承了许多优秀的钱派剧目，凭借着极高的艺术天赋和浓厚的嗓音，得到了京剧同行的广泛认可。刘砚亭为人尊师重道，代替年事已高的钱金福演出大量优秀的作品。,,
modern_v1,258,data/raw/脸谱/整理工作/爬虫脸谱图集.zip::爬虫脸谱图集/opera-22-258-s.jpg,opera-22-258-s.jpg,爬虫脸谱图集/opera-22-258-s.jpg,258,258,虾将,水帘洞,小妖脸,user_confirmed_sequence_mapping,Project owner confirmed on 2026-09-20 that Excel 序号 and the image filename number are one-to-one for the current POPF dataset.,present,readable,JPEG,123,150,15689,f408f06ed642f324061e997061b0a19b62829fdae37e7ea50e30b673363cdef6,1,no,jpg,412,502,not_evaluated,no,class_below_min_samples_per_class_10,,42,Sequence mapping is accepted for the current project dataset based on project-owner confirmation. Label analysis uses the current XLS raw 谱式 values.,258,259,258,,虾将,,神怪类,净,武净,水帘洞,花果山、美猴王、闹龙宫,西游记,通用,中文,敖广,小妖脸,勾脸,,蓝色,,,,,蒜头鼻窝,撇嘴,,,,jpg,412,502,48.9,150,150,24,2020.1.5,,,,,
modern_v1,259,data/raw/脸谱/整理工作/爬虫脸谱图集.zip::爬虫脸谱图集/opera-22-259-s.jpg,opera-22-259-s.jpg,爬虫脸谱图集/opera-22-259-s.jpg,259,259,敖闰,水帘洞,三块瓦脸,user_confirmed_sequence_mapping,Project owner confirmed on 2026-09-20 that Excel 序号 and the image filename number are one-to-one for the current POPF dataset.,present,readable,JPEG,123,150,13855,5abd2021765481772a444a5b2ca888a3b525f4f54f769118c939ee90897cfd63,1,no,jpg,412,502,not_evaluated,yes,,train,42,Sequence mapping is accepted for the current project dataset based on project-owner confirmation. Label analysis uses the current XLS raw 谱式 values.,259,260,259,,敖闰,西海龙王,神怪类,净,副净,水帘洞,花果山、美猴王、闹龙宫,西游记,刘砚亭,中文,敖广,三块瓦脸,勾脸,,蓝色,,直眉,老眼窝,火焰形,灰鼻窝,,,,,jpg,412,502,37.6,150,150,24,2020.1.5,,,刘砚亭(1891-1965)，北京人，优秀的京剧武净演员，京剧老生刘砚芳之兄。15岁时，入平科班坐科，学习京剧花脸，至21岁出科。出科后，随杨小楼演出，多饰演配角，逐渐声名鹊起。刘砚亭师承钱金福先生，极大的继承了许多优秀的钱派剧目，凭借着极高的艺术天赋和浓厚的嗓音，得到了京剧同行的广泛认可。刘砚亭为人尊师重道，代替年事已高的钱金福演出大量优秀的作品。,,
modern_v1,260,data/raw/脸谱/整理工作/爬虫脸谱图集.zip::爬虫脸谱图集/opera-22-260-s.jpg,opera-22-260-s.jpg,爬虫脸谱图集/opera-22-260-s.jpg,260,260,龟帅,水帘洞,,user_confirmed_sequence_mapping,Project owner confirmed on 2026-09-20 that Excel 序号 and the image filename number are one-to-one for the current POPF dataset.,missing,readable,JPEG,123,150,12871,fafe109c45045a4589686a98260bc3b77a76d3454b3e4deb52343152eee4b6cc,1,no,jpg,412,502,not_evaluated,no,missing_raw_face_type,,42,Sequence mapping is accepted for the current project dataset based on project-owner confirmation. Label analysis uses the current XLS raw 谱式 values.,260,261,260,,龟帅,龟丞相,神怪类,丑,文丑,水帘洞,花果山、美猴王、闹龙宫,西游记,,中文,,,,,,,,,,,,,,,jpg,412,502,32.6,150,150,24,2020.1.5,,,,,
modern_v1,261,data/raw/脸谱/整理工作/爬虫脸谱图集.zip::爬虫脸谱图集/opera-22-261-s.jpg,opera-22-261-s.jpg,爬虫脸谱图集/opera-22-261-s.jpg,261,261,北斗星君,百寿图,三块瓦脸,user_confirmed_sequence_mapping,Project owner confirmed on 2026-09-20 that Excel 序号 and the image filename number are one-to-one for the current POPF dataset.,present,readable,JPEG,123,150,14154,da435555ed7dff68f1d57f6c0152c83fe30fe558407ecdb3dab26d55dd8ed9c6,1,no,jpg,412,502,not_evaluated,yes,,train,42,Sequence mapping is accepted for the current project dataset based on project-owner confirmation. Label analysis uses the current XLS raw 谱式 values.,261,262,261,,北斗星君,,神怪类,净,正净,百寿图,赵颜求寿、赵颜借寿、南北斗,搜神记,韩乐卿,中文,赵颜,三块瓦脸,勾脸,,红色,,直眉,直眼窝,北斗图,圆鼻窝,,,,,jpg,412,502,38.7,150,150,24,2020.1.5,,,,,
modern_v1,262,data/raw/脸谱/整理工作/爬虫脸谱图集.zip::爬虫脸谱图集/opera-22-262-s.jpg,opera-22-262-s.jpg,爬虫脸谱图集/opera-22-262-s.jpg,262,262,汉钟离,八仙过海,神仙脸,user_confirmed_sequence_mapping,Project owner confirmed on 2026-09-20 that Excel 序号 and the image filename number are one-to-one for the current POPF dataset.,present,readable,JPEG,123,150,14378,10fef65e1ba48927004f7f089b366b54898ccd334e3f689ee1c0633e07f4483f,1,no,jpg,412,502,not_evaluated,no,class_below_min_samples_per_class_10,,42,Sequence mapping is accepted for the current project dataset based on project-owner confirmation. Label analysis uses the current XLS raw 谱式 values.,262,263,262,,汉钟离,钟离权,神怪类,净,副净,八仙过海,八仙漂海、蟠桃会,东游记,通用,中文,柳金,神仙脸,勾脸,,红色,,金色眉,垂眼窝,桃形,碎鼻窝,,,,,jpg,412,502,42.6,150,150,24,2020.1.5,,,,,
modern_v1,263,data/raw/脸谱/整理工作/爬虫脸谱图集.zip::爬虫脸谱图集/opera-22-263-s.jpg,opera-22-263-s.jpg,爬虫脸谱图集/opera-22-263-s.jpg,263,263,柳金,八仙过海,碎脸,user_confirmed_sequence_mapping,Project owner confirmed on 2026-09-20 that Excel 序号 and the image filename number are one-to-one for the current POPF dataset.,present,readable,JPEG,123,150,14437,0727f56bbbf5f9e837e17fe62d9aea8e9fe0d4798da4562e7dd91730f867c025,1,no,jpg,412,502,not_evaluated,yes,,test,42,Sequence mapping is accepted for the current project dataset based on project-owner confirmation. Label analysis uses the current XLS raw 谱式 values.,263,264,263,,柳金,柳仙,神怪类,净,武净,八仙过海,八仙漂海、蟠桃会,东游记,通用,中文,汉钟离,碎脸,勾脸,,绿色、金色,,红色眉,大奸眼窝,火焰形,碎鼻窝,火盆嘴,,,,jpg,412,502,43.6,150,150,24,2020.1.5,,,,,
modern_v1,264,data/raw/脸谱/整理工作/爬虫脸谱图集.zip::爬虫脸谱图集/opera-22-264-s.jpg,opera-22-264-s.jpg,爬虫脸谱图集/opera-22-264-s.jpg,264,264,玉兔,嫦娥奔月,象形脸,user_confirmed_sequence_mapping,Project owner confirmed on 2026-09-20 that Excel 序号 and the image filename number are one-to-one for the current POPF dataset.,present,readable,JPEG,123,150,12266,f6b0f9ab6f69a3afe63314417f600b852b63805892e4f7cd4aa5cfe15b405443,1,no,jpg,412,502,not_evaluated,yes,,validation,42,Sequence mapping is accepted for the current project dataset based on project-owner confirmation. Label analysis uses the current XLS raw 谱式 values.,264,265,264,,玉兔,,神怪类,净,副净,嫦娥奔月,,淮南子,通用,中文,后羿,象形脸,勾脸,,白色,,云眉,圆眼窝,,蒜头鼻窝,菱角嘴,,,,jpg,412,502,32.6,150,150,24,2020.1.5,,,,,
modern_v1,265,data/raw/脸谱/整理工作/爬虫脸谱图集.zip::爬虫脸谱图集/opera-23-265-s.jpg,opera-23-265-s.jpg,爬虫脸谱图集/opera-23-265-s.jpg,265,265,赖团仙,五花洞,象形脸,user_confirmed_sequence_mapping,Project owner confirmed on 2026-09-20 that Excel 序号 and the image filename number are one-to-one for the current POPF dataset.,present,readable,JPEG,123,150,14363,57c468a8467661a8070ebb83ee0b1a0d754ad6f366df15e99bb594fbcc031b85,1,no,jpg,412,502,not_evaluated,yes,,train,42,Sequence mapping is accepted for the current project dataset based on project-owner confirmation. Label analysis uses the current XLS raw 谱式 values.,265,266,265,,赖团仙,,神怪类,净,武净,五花洞,三矮奇闻、真假潘金莲,混元盒,洪德佑,中文,金头仙、蝎仙,象形脸,勾脸,,绿色,,红色眉,,蛤蟆形,,元宝嘴,,,,jpg,412,502,43.3,150,150,24,2020.1.5,,,,,
modern_v1,266,data/raw/脸谱/整理工作/爬虫脸谱图集.zip::爬虫脸谱图集/opera-23-266-s.jpg,opera-23-266-s.jpg,爬虫脸谱图集/opera-23-266-s.jpg,266,266,金头仙,五花洞,象形脸,user_confirmed_sequence_mapping,Project owner confirmed on 2026-09-20 that Excel 序号 and the image filename number are one-to-one for the current POPF dataset.,present,readable,JPEG,123,150,14881,ccbea63d870c08a073750fadc1e55b638ca1b0753f630696e53ee4dc77b894bf,1,no,jpg,412,502,not_evaluated,yes,,train,42,Sequence mapping is accepted for the current project dataset based on project-owner confirmation. Label analysis uses the current XLS raw 谱式 values.,266,267,266,,金头仙,蜈蚣精,神怪类,净,武净,五花洞,三矮奇闻、真假潘金莲,混元盒,洪德佑,中文,赖团仙、蝎仙,象形脸,勾脸,,蓝色、金色,,,,蜈蚣形,转鼻窝,,,,,jpg,412,502,48.2,150,150,24,2020.1.5,,,,,
modern_v1,267,data/raw/脸谱/整理工作/爬虫脸谱图集.zip::爬虫脸谱图集/opera-23-267-s.jpg,opera-23-267-s.jpg,爬虫脸谱图集/opera-23-267-s.jpg,267,267,哮天犬,安天会,象形脸,user_confirmed_sequence_mapping,Project owner confirmed on 2026-09-20 that Excel 序号 and the image filename number are one-to-one for the current POPF dataset.,present,readable,JPEG,123,150,13306,c9a39759cceb26a97f6f19a3fcb05c872308dee11444c2eb2871fb553dffcce9,1,no,jpg,423,515,not_evaluated,yes,,validation,42,Sequence mapping is accepted for the current project dataset based on project-owner confirmation. Label analysis uses the current XLS raw 谱式 values.,267,268,267,,哮天犬,,神怪类,净,武净,安天会,闹天宫,西游记,通用,中文,杨戬,象形脸,勾脸,,白色,,,圆眼窝,,蒜头鼻窝,撇嘴,,,,jpg,423,515,42.9,150,150,24,2020.1.5,,,,,
modern_v1,268,data/raw/脸谱/整理工作/爬虫脸谱图集.zip::爬虫脸谱图集/opera-23-268-s.jpg,opera-23-268-s.jpg,爬虫脸谱图集/opera-23-268-s.jpg,268,268,蝎仙,五花洞,象形脸,user_confirmed_sequence_mapping,Project owner confirmed on 2026-09-20 that Excel 序号 and the image filename number are one-to-one for the current POPF dataset.,present,readable,JPEG,123,150,14418,4049ef919bfb8491cf5bbf02db3ea3b70fe09455b4ba47fca047cab9f1b0655f,1,no,jpg,412,502,not_evaluated,yes,,validation,42,Sequence mapping is accepted for the current project dataset based on project-owner confirmation. Label analysis uses the current XLS raw 谱式 values.,268,269,268,,蝎仙,,神怪类,净,武净,五花洞,三矮奇闻、真假潘金莲,混元盒,洪德佑,中文,赖团仙、金头仙,象形脸,勾脸,,绿色,,,鸟眼窝,蝎形,转鼻窝,吊死鬼嘴,,,,jpg,412,502,46.6,150,150,24,2020.1.5,,,,,
modern_v1,269,data/raw/脸谱/整理工作/爬虫脸谱图集.zip::爬虫脸谱图集/opera-23-269-s.jpg,opera-23-269-s.jpg,爬虫脸谱图集/opera-23-269-s.jpg,269,269,韦陀,白蛇传·合钵,神仙脸,user_confirmed_sequence_mapping,Project owner confirmed on 2026-09-20 that Excel 序号 and the image filename number are one-to-one for the current POPF dataset.,present,readable,JPEG,123,150,14707,3ad9fe891662899507059ff567e9956ee2525df01a123c46b7acdbb0086f6ac7,1,no,jpg,412,502,not_evaluated,no,class_below_min_samples_per_class_10,,42,Sequence mapping is accepted for the current project dataset based on project-owner confirmation. Label analysis uses the current XLS raw 谱式 values.,269,270,269,,韦陀,,神怪类,净,正净,白蛇传·合钵,,雷峰塔,通用,中文,法海,神仙脸,勾脸,,金色,,,倭口眼窝,火焰形,尖鼻窝,吊死鬼嘴,,,,jpg,412,502,44.6,150,150,24,2020.1.5,,,,,
modern_v1,270,data/raw/脸谱/整理工作/爬虫脸谱图集.zip::爬虫脸谱图集/opera-23-270-s.jpg,opera-23-270-s.jpg,爬虫脸谱图集/opera-23-270-s.jpg,270,270,鹿童,盗仙草,象形脸,user_confirmed_sequence_mapping,Project owner confirmed on 2026-09-20 that Excel 序号 and the image filename number are one-to-one for the current POPF dataset.,present,readable,JPEG,123,150,14416,a604bb916481771b353ddf31ab2fc09df179300a37c5f242d093a279db009626,1,no,jpg,412,502,not_evaluated,yes,,train,42,Sequence mapping is accepted for the current project dataset based on project-owner confirmation. Label analysis uses the current XLS raw 谱式 values.,270,271,270,,鹿童,,神怪类,净,武净,盗仙草,灵芝草、盗灵芝、雄黄阵,雷峰塔,侯喜瑞,中文,白素贞,象形脸,勾脸,,绿色,,鹿角眉,鸟眼窝,舍利子形,,元宝嘴,,,,jpg,412,502,44.1,150,150,24,2020.1.5,,,侯喜瑞（1892年2月23日-1983年2月22日），京剧净角。幼入富连成科班，先学梆子老生，后师从韩乐卿学架子花脸和武花脸戏。出科后拜黄润甫为师，颇得真传，并在严承师教基础上，根据自身条件扬长避短，形成新的艺术风格“侯派”，与金少山、郝寿臣三足鼎立。侯喜瑞虽然嗓音较哑，但字准音足，听起来简练隽永，字字入耳。早年在富连成社担任武生净行教师，晚年在中国戏曲学院、北京市戏曲学校任教。,,
modern_v1,271,data/raw/脸谱/整理工作/爬虫脸谱图集.zip::爬虫脸谱图集/opera-23-271-s.jpg,opera-23-271-s.jpg,爬虫脸谱图集/opera-23-271-s.jpg,271,271,太乙真人,乾元山,三块瓦脸,user_confirmed_sequence_mapping,Project owner confirmed on 2026-09-20 that Excel 序号 and the image filename number are one-to-one for the current POPF dataset.,present,readable,JPEG,123,150,14135,d94e587aa098889dca1a4ef0c5a7925d09b7a65614a1a0b260165d9b39f662dc,1,no,jpg,412,502,not_evaluated,yes,,train,42,Sequence mapping is accepted for the current project dataset based on project-owner confirmation. Label analysis uses the current XLS raw 谱式 values.,271,272,271,,太乙真人,,神怪类,净,正净,乾元山,金光洞、乾坤圈,封神演义,侯喜瑞,中文,哪吒,三块瓦脸,勾脸,,红色,,直眉,直眼窝,太极形,尖鼻窝,,,,,jpg,412,502,38.2,150,150,24,2020.1.5,,,侯喜瑞（1892年2月23日-1983年2月22日），京剧净角。幼入富连成科班，先学梆子老生，后师从韩乐卿学架子花脸和武花脸戏。出科后拜黄润甫为师，颇得真传，并在严承师教基础上，根据自身条件扬长避短，形成新的艺术风格“侯派”，与金少山、郝寿臣三足鼎立。侯喜瑞虽然嗓音较哑，但字准音足，听起来简练隽永，字字入耳。早年在富连成社担任武生净行教师，晚年在中国戏曲学院、北京市戏曲学校任教。,,
modern_v1,272,data/raw/脸谱/整理工作/爬虫脸谱图集.zip::爬虫脸谱图集/opera-23-272-s.jpg,opera-23-272-s.jpg,爬虫脸谱图集/opera-23-272-s.jpg,272,272,鹤童,盗仙草,象形脸,user_confirmed_sequence_mapping,Project owner confirmed on 2026-09-20 that Excel 序号 and the image filename number are one-to-one for the current POPF dataset.,present,readable,JPEG,123,150,13371,16874c0a8f464ad630ba3e1202b2a661a49d24d106d43bf2d14411d2ea6caf8c,1,no,jpg,412,502,not_evaluated,yes,,test,42,Sequence mapping is accepted for the current project dataset based on project-owner confirmation. Label analysis uses the current XLS raw 谱式 values.,272,273,272,,鹤童,,神怪类,净,武净,盗仙草,灵芝草、盗灵芝、雄黄阵,雷峰塔,侯喜瑞,中文,白素贞,象形脸,勾脸,,白色,,云眉,鸟眼窝,舍利子形,,雷公嘴,,,,jpg,412,502,38.8,150,150,24,2020.1.5,,,侯喜瑞（1892年2月23日-1983年2月22日），京剧净角。幼入富连成科班，先学梆子老生，后师从韩乐卿学架子花脸和武花脸戏。出科后拜黄润甫为师，颇得真传，并在严承师教基础上，根据自身条件扬长避短，形成新的艺术风格“侯派”，与金少山、郝寿臣三足鼎立。侯喜瑞虽然嗓音较哑，但字准音足，听起来简练隽永，字字入耳。早年在富连成社担任武生净行教师，晚年在中国戏曲学院、北京市戏曲学校任教。,,
